,text,time,labels
7,【你学的文科还是理科？】近日，网红考研名师张雪峰称：所有文科都叫服务业，总结起来就是“舔”，引发热议。,2023-12-09 11:44,1
12,【：没觉得这有什么所谓的不好】近日，话题引发网友热议。网红考研名师张雪峰称：所有文科都叫服务业，总结起来就是“舔”。12月9日，发文回应称： 我是不是又说错话了，对不起，对不起，我给大家笑一个！我在干嘛，我也在舔。可是我 【：没觉得这有什么所谓的不好】近日，话题引发网友热议。网红考研名师张雪峰称：所有文科都叫服务业，总结起来就是“舔”。12月9日，发文回应称： 我是不是又说错话了，对不起，对不起，我给大家笑一个！我在干嘛，我也在舔。可是我没觉得这有什么所谓的不好啊！！！,2023-12-09 12:42,1
13,【：没觉得这有什么所谓的不好】近日，话题引发网友热议。网红考研名师张雪峰称：所有文科都叫服务业，总结起来就是“舔”。12月9日，发文回应称： 我是不是又说错话了，对不起，对不起，我给大家笑一个！我在干嘛，我也在舔。可是我 【：没觉得这有什么所谓的不好】近日，话题引发网友热议。网红考研名师张雪峰称：所有文科都叫服务业，总结起来就是“舔”。12月9日，发文回应称： 我是不是又说错话了，对不起，对不起，我给大家笑一个！我在干嘛，我也在舔。可是我没觉得这有什么所谓的不好啊！！！,2023-12-09 12:42,1
14,【：服务业没什么不好，我也在舔】近日，网红考研名师张雪峰称，所有文科都叫服务业，总结起来就是“舔”，引发网友热议。12月9日，张雪峰发文回应：“我是不是又说错话，对不起，对不起，我给大家笑一个！你们觉得哪个笑好看，我以 【：服务业没什么不好，我也在舔】近日，网红考研名师张雪峰称，所有文科都叫服务业，总结起来就是“舔”，引发网友热议。12月9日，张雪峰发文回应：“我是不是又说错话，对不起，对不起，我给大家笑一个！你们觉得哪个笑好看，我以后就怎么笑。你看，我在干嘛，我也在舔。可是我没觉得这有什么所谓的不好啊！！！”。并在评论区表示“做服务业没有不好，可是有的人心里过不去这道坎，我能过去，我就做服务业，你过不去，你就不适合做服务业。我是提醒以为某些专业高大上的人，他的本质，尤其是从业初期阶段要了解后在选择。非要恶意解读的。看了我的言论伤心了的，我向您们道歉。”随后，张雪峰晒出一张穿着带有道歉字样衣服的照片称，“为了诚挚的表达歉意，今天穿这个衣服出门。”,2023-12-09 12:42,1
15,12月9日，发文回应称： 我是不是又说错话了，对不起，对不起，我给大家笑一个！【：提倡新文科建设，让文科没那么“水”】近日，网红考研名师张雪峰称：所有文科都叫服务业，总结起来就是“舔”， 12月9日，发文回应称： 我是不是又说错话了，对不起，对不起，我给大家笑一个！【：提倡新文科建设，让文科没那么“水”】近日，网红考研名师张雪峰称：所有文科都叫服务业，总结起来就是“舔”，引发热议。中国人民大学公共管理学院教授马亮表示，文科没那么“水”，文理科融合教育也成主流。（来源：澎湃新闻 编辑：艺萌）,2023-12-09 12:40,1
16,【小调查：？】：没觉得这有什么所谓的不好】近日，话题引发网友热议。网红考研名师张雪峰称：所有文科都叫服务业，总结起来就是“舔”。12月9日，发文回应称： 我是不是又说错话了，对不起，对不起，我给大家笑一 【小调查：？】：没觉得这有什么所谓的不好】近日，话题引发网友热议。网红考研名师张雪峰称：所有文科都叫服务业，总结起来就是“舔”。12月9日，发文回应称： 我是不是又说错话了，对不起，对不起，我给大家笑一个！我在干嘛，我也在舔。可是我没觉得这有什么所谓的不好啊！！！,2023-12-09 12:27,1
17,【：没觉得这有什么所谓的不好】近日，话题引发网友热议。网红考研名师张雪峰称：所有文科都叫服务业，总结起来就是“舔”。12月9日，发文回应称： 我是不是又说错话了，对不起，对不起，我给大家笑一个！我在干嘛，我也在舔。可是我 【：没觉得这有什么所谓的不好】近日，话题引发网友热议。网红考研名师张雪峰称：所有文科都叫服务业，总结起来就是“舔”。12月9日，发文回应称： 我是不是又说错话了，对不起，对不起，我给大家笑一个！我在干嘛，我也在舔。可是我没觉得这有什么所谓的不好啊！！！,2023-12-09 12:26,1
18,【小调查：？】：没觉得这有什么所谓的不好】近日，话题引发网友热议。网红考研名师张雪峰称：所有文科都叫服务业，总结起来就是“舔”。12月9日，发文回应称： 我是不是又说错话了，对不起，对不起，我给大家笑一 【小调查：？】：没觉得这有什么所谓的不好】近日，话题引发网友热议。网红考研名师张雪峰称：所有文科都叫服务业，总结起来就是“舔”。12月9日，发文回应称： 我是不是又说错话了，对不起，对不起，我给大家笑一个！我在干嘛，我也在舔。可是我没觉得这有什么所谓的不好啊！！！,2023-12-09 12:26,1
19,【小调查：？】：没觉得这有什么所谓的不好】近日，话题引发网友热议。网红考研名师张雪峰称：所有文科都叫服务业，总结起来就是“舔”。12月9日，发文回应称： 我是不是又说错话了，对不起，对不起，我给大家笑一 【小调查：？】：没觉得这有什么所谓的不好】近日，话题引发网友热议。网红考研名师张雪峰称：所有文科都叫服务业，总结起来就是“舔”。12月9日，发文回应称： 我是不是又说错话了，对不起，对不起，我给大家笑一个！我在干嘛，我也在舔。可是我没觉得这有什么所谓的不好啊！！！,2023-12-09 12:25,1
20,【小调查：？】：没觉得这有什么所谓的不好】近日，话题引发网友热议。网红考研名师张雪峰称：所有文科都叫服务业，总结起来就是“舔”。12月9日，发文回应称： 我是不是又说错话了，对不起，对不起，我给大家笑一 【小调查：？】：没觉得这有什么所谓的不好】近日，话题引发网友热议。网红考研名师张雪峰称：所有文科都叫服务业，总结起来就是“舔”。12月9日，发文回应称： 我是不是又说错话了，对不起，对不起，我给大家笑一个！我在干嘛，我也在舔。可是我没觉得这有什么所谓的不好啊！！！,2023-12-09 12:24,1
23,【：没觉得这有什么所谓的不好】近日，话题引发网友热议。网红考研名师张雪峰称：所有文科都叫服务业，总结起来就是“舔”。12月9日，发文回应称： 我是不是又说错话了，对不起，对不起，我给大家笑一个！我在干嘛，我也在舔。可是我 【：没觉得这有什么所谓的不好】近日，话题引发网友热议。网红考研名师张雪峰称：所有文科都叫服务业，总结起来就是“舔”。12月9日，发文回应称： 我是不是又说错话了，对不起，对不起，我给大家笑一个！我在干嘛，我也在舔。可是我没觉得这有什么所谓的不好啊！！！,2023-12-09 12:16,1
24,【：没觉得这有什么所谓的不好】近日，话题引发网友热议。网红考研名师张雪峰称：所有文科都叫服务业，总结起来就是“舔”。12月9日，发文回应称： 我是不是又说错话了，对不起，对不起，我给大家笑一个！我在干嘛，我也在舔。可是我 【：没觉得这有什么所谓的不好】近日，话题引发网友热议。网红考研名师张雪峰称：所有文科都叫服务业，总结起来就是“舔”。12月9日，发文回应称： 我是不是又说错话了，对不起，对不起，我给大家笑一个！我在干嘛，我也在舔。可是我没觉得这有什么所谓的不好啊！！！,2023-12-09 12:16,1
25,【：没觉得这有什么所谓的不好】近日，话题引发网友热议。网红考研名师张雪峰称：所有文科都叫服务业，总结起来就是“舔”。12月9日，发文回应称： 我是不是又说错话了，对不起，对不起，我给大家笑一个！我在干嘛，我也在舔。可是我 【：没觉得这有什么所谓的不好】近日，话题引发网友热议。网红考研名师张雪峰称：所有文科都叫服务业，总结起来就是“舔”。12月9日，发文回应称： 我是不是又说错话了，对不起，对不起，我给大家笑一个！我在干嘛，我也在舔。可是我没觉得这有什么所谓的不好啊！！！,2023-12-09 12:16,1
26,【：没觉得这有什么所谓的不好】近日，话题引发网友热议。网红考研名师张雪峰称：所有文科都叫服务业，总结起来就是“舔”。12月9日，发文回应称： 我是不是又说错话了，对不起，对不起，我给大家笑一个！我在干嘛，我也在舔。可是我 【：没觉得这有什么所谓的不好】近日，话题引发网友热议。网红考研名师张雪峰称：所有文科都叫服务业，总结起来就是“舔”。12月9日，发文回应称： 我是不是又说错话了，对不起，对不起，我给大家笑一个！我在干嘛，我也在舔。可是我没觉得这有什么所谓的不好啊！！！,2023-12-09 12:16,1
27,【：没觉得这有什么所谓的不好】近日，话题引发网友热议。网红考研名师张雪峰称：所有文科都叫服务业，总结起来就是“舔”。12月9日，发文回应称： 我是不是又说错话了，对不起，对不起，我给大家笑一个！我在干嘛，我也在舔。可是我 【：没觉得这有什么所谓的不好】近日，话题引发网友热议。网红考研名师张雪峰称：所有文科都叫服务业，总结起来就是“舔”。12月9日，发文回应称： 我是不是又说错话了，对不起，对不起，我给大家笑一个！我在干嘛，我也在舔。可是我没觉得这有什么所谓的不好啊！！！,2023-12-09 12:16,1
28,【：没觉得这有什么所谓的不好】近日，话题引发网友热议。网红考研名师张雪峰称：所有文科都叫服务业，总结起来就是“舔”。12月9日，发文回应称： 我是不是又说错话了，对不起，对不起，我给大家笑一个！我在干嘛，我也在舔。可是我 【：没觉得这有什么所谓的不好】近日，话题引发网友热议。网红考研名师张雪峰称：所有文科都叫服务业，总结起来就是“舔”。12月9日，发文回应称： 我是不是又说错话了，对不起，对不起，我给大家笑一个！我在干嘛，我也在舔。可是我没觉得这有什么所谓的不好啊！！！,2023-12-09 12:16,1
29,【：没觉得这有什么所谓的不好】近日，话题引发网友热议。网红考研名师张雪峰称：所有文科都叫服务业，总结起来就是“舔”。12月9日，发文回应称： 我是不是又说错话了，对不起，对不起，我给大家笑一个！我在干嘛，我也在舔。可是我 【：没觉得这有什么所谓的不好】近日，话题引发网友热议。网红考研名师张雪峰称：所有文科都叫服务业，总结起来就是“舔”。12月9日，发文回应称： 我是不是又说错话了，对不起，对不起，我给大家笑一个！我在干嘛，我也在舔。可是我没觉得这有什么所谓的不好啊！！！,2023-12-09 12:16,1
30,【：没觉得这有什么所谓的不好】近日，话题引发网友热议。网红考研名师张雪峰称：所有文科都叫服务业，总结起来就是“舔”。12月9日，发文回应称： 我是不是又说错话了，对不起，对不起，我给大家笑一个！我在干嘛，我也在舔。可是我 【：没觉得这有什么所谓的不好】近日，话题引发网友热议。网红考研名师张雪峰称：所有文科都叫服务业，总结起来就是“舔”。12月9日，发文回应称： 我是不是又说错话了，对不起，对不起，我给大家笑一个！我在干嘛，我也在舔。可是我没觉得这有什么所谓的不好啊！！！,2023-12-09 12:16,1
31,【：没觉得这有什么所谓的不好】近日，话题引发网友热议。网红考研名师张雪峰称：所有文科都叫服务业，总结起来就是“舔”。12月9日，发文回应称： 我是不是又说错话了，对不起，对不起，我给大家笑一个！我在干嘛，我也在舔。可是我 【：没觉得这有什么所谓的不好】近日，话题引发网友热议。网红考研名师张雪峰称：所有文科都叫服务业，总结起来就是“舔”。12月9日，发文回应称： 我是不是又说错话了，对不起，对不起，我给大家笑一个！我在干嘛，我也在舔。可是我没觉得这有什么所谓的不好啊！！！,2023-12-09 12:15,1
32,【：没觉得这有什么所谓的不好】近日，话题引发网友热议。网红考研名师张雪峰称：所有文科都叫服务业，总结起来就是“舔”。12月9日，发文回应称： 我是不是又说错话了，对不起，对不起，我给大家笑一个！我在干嘛，我也在舔。可是我 【：没觉得这有什么所谓的不好】近日，话题引发网友热议。网红考研名师张雪峰称：所有文科都叫服务业，总结起来就是“舔”。12月9日，发文回应称： 我是不是又说错话了，对不起，对不起，我给大家笑一个！我在干嘛，我也在舔。可是我没觉得这有什么所谓的不好啊！！！,2023-12-09 12:15,1
33,【：没觉得这有什么所谓的不好】近日，话题引发网友热议。网红考研名师张雪峰称：所有文科都叫服务业，总结起来就是“舔”。12月9日，发文回应称： 我是不是又说错话了，对不起，对不起，我给大家笑一个！我在干嘛，我也在舔。可是我 【：没觉得这有什么所谓的不好】近日，话题引发网友热议。网红考研名师张雪峰称：所有文科都叫服务业，总结起来就是“舔”。12月9日，发文回应称： 我是不是又说错话了，对不起，对不起，我给大家笑一个！我在干嘛，我也在舔。可是我没觉得这有什么所谓的不好啊！！！,2023-12-09 12:15,1
34,【：没觉得这有什么所谓的不好】近日，话题引发网友热议。网红考研名师张雪峰称：所有文科都叫服务业，总结起来就是“舔”。12月9日，发文回应称： 我是不是又说错话了，对不起，对不起，我给大家笑一个！我在干嘛，我也在舔。可是我 【：没觉得这有什么所谓的不好】近日，话题引发网友热议。网红考研名师张雪峰称：所有文科都叫服务业，总结起来就是“舔”。12月9日，发文回应称： 我是不是又说错话了，对不起，对不起，我给大家笑一个！我在干嘛，我也在舔。可是我没觉得这有什么所谓的不好啊！！！,2023-12-09 12:15,1
35,【：没觉得这有什么所谓的不好】近日，话题引发网友热议。网红考研名师张雪峰称：所有文科都叫服务业，总结起来就是“舔”。12月9日，发文回应称： 我是不是又说错话了，对不起，对不起，我给大家笑一个！我在干嘛，我也在舔。可是我 【：没觉得这有什么所谓的不好】近日，话题引发网友热议。网红考研名师张雪峰称：所有文科都叫服务业，总结起来就是“舔”。12月9日，发文回应称： 我是不是又说错话了，对不起，对不起，我给大家笑一个！我在干嘛，我也在舔。可是我没觉得这有什么所谓的不好啊！！！,2023-12-09 12:15,1
36,【：没觉得这有什么所谓的不好】近日，话题引发网友热议。网红考研名师张雪峰称：所有文科都叫服务业，总结起来就是“舔”。12月9日，发文回应称： 我是不是又说错话了，对不起，对不起，我给大家笑一个！我在干嘛，我也在舔。可是我 【：没觉得这有什么所谓的不好】近日，话题引发网友热议。网红考研名师张雪峰称：所有文科都叫服务业，总结起来就是“舔”。12月9日，发文回应称： 我是不是又说错话了，对不起，对不起，我给大家笑一个！我在干嘛，我也在舔。可是我没觉得这有什么所谓的不好啊！！！,2023-12-09 12:14,1
37,【：没觉得这有什么所谓的不好】近日，话题引发网友热议。网红考研名师张雪峰称：所有文科都叫服务业，总结起来就是“舔”。12月9日，发文回应称： 我是不是又说错话了，对不起，对不起，我给大家笑一个！我在干嘛，我也在舔。可是我 【：没觉得这有什么所谓的不好】近日，话题引发网友热议。网红考研名师张雪峰称：所有文科都叫服务业，总结起来就是“舔”。12月9日，发文回应称： 我是不是又说错话了，对不起，对不起，我给大家笑一个！我在干嘛，我也在舔。可是我没觉得这有什么所谓的不好啊！！！,2023-12-09 12:14,1
38,【：没觉得这有什么所谓的不好】近日，话题引发网友热议。网红考研名师张雪峰称：所有文科都叫服务业，总结起来就是“舔”。12月9日，发文回应称： 我是不是又说错话了，对不起，对不起，我给大家笑一个！我在干嘛，我也在舔。可是我 【：没觉得这有什么所谓的不好】近日，话题引发网友热议。网红考研名师张雪峰称：所有文科都叫服务业，总结起来就是“舔”。12月9日，发文回应称： 我是不是又说错话了，对不起，对不起，我给大家笑一个！我在干嘛，我也在舔。可是我没觉得这有什么所谓的不好啊！！！,2023-12-09 12:14,1
39,【：没觉得这有什么所谓的不好】近日，话题引发网友热议。网红考研名师张雪峰称：所有文科都叫服务业，总结起来就是“舔”。12月9日，发文回应称： 我是不是又说错话了，对不起，对不起，我给大家笑一个！我在干嘛，我也在舔。可是我 【：没觉得这有什么所谓的不好】近日，话题引发网友热议。网红考研名师张雪峰称：所有文科都叫服务业，总结起来就是“舔”。12月9日，发文回应称： 我是不是又说错话了，对不起，对不起，我给大家笑一个！我在干嘛，我也在舔。可是我没觉得这有什么所谓的不好啊！！！,2023-12-09 12:14,1
40,【：没觉得这有什么所谓的不好】近日，话题引发网友热议。网红考研名师张雪峰称：所有文科都叫服务业，总结起来就是“舔”。12月9日，发文回应称： 我是不是又说错话了，对不起，对不起，我给大家笑一个！我在干嘛，我也在舔。可是我 【：没觉得这有什么所谓的不好】近日，话题引发网友热议。网红考研名师张雪峰称：所有文科都叫服务业，总结起来就是“舔”。12月9日，发文回应称： 我是不是又说错话了，对不起，对不起，我给大家笑一个！我在干嘛，我也在舔。可是我没觉得这有什么所谓的不好啊！！！,2023-12-09 12:14,1
41,【：没觉得这有什么所谓的不好】近日，话题引发网友热议。网红考研名师张雪峰称：所有文科都叫服务业，总结起来就是“舔”。12月9日，发文回应称： 我是不是又说错话了，对不起，对不起，我给大家笑一个！我在干嘛，我也在舔。可是我 【：没觉得这有什么所谓的不好】近日，话题引发网友热议。网红考研名师张雪峰称：所有文科都叫服务业，总结起来就是“舔”。12月9日，发文回应称： 我是不是又说错话了，对不起，对不起，我给大家笑一个！我在干嘛，我也在舔。可是我没觉得这有什么所谓的不好啊！！！,2023-12-09 12:14,1
44,【：没觉得这有什么所谓的不好，向看了言论伤心的道歉】近日，“张雪峰称文科都是服务业”一话题引发网友热议。网红考研名师张雪峰称：所有文科都叫服务业，总结起来就是“舔”。12月9日，发文回应称： 我是不是又说错话了，对不起，对不起，我给大家笑一个！ 【：没觉得这有什么所谓的不好，向看了言论伤心的道歉】近日，“张雪峰称文科都是服务业”一话题引发网友热议。网红考研名师张雪峰称：所有文科都叫服务业，总结起来就是“舔”。12月9日，发文回应称： 我是不是又说错话了，对不起，对不起，我给大家笑一个！我在干嘛，我也在舔。可是我没觉得这有什么所谓的不好啊！！！此后，他又在评论区表示， 做服务业没有不好，可是有的人心里过不去这道坎，我能过去，我就做服务业。你过不去，你就不适合做服务业。我是提醒以为某些专业高大上的人，他的本质，尤其是从业初期阶段要了解后在选择。非要恶意解读的，看了我的言论伤心了的，我向您们道歉。,2023-12-09 12:07,1
51,【：没觉得这有什么所谓的不好】近日，“张雪峰称文科都是服务业”话题引发网友热议。网红考研名师张雪峰称：所有文科都叫服务业，总结起来就是“舔”。12月9日，发文回应称： 我是不是又说错话了，对不起，对不起，我给大家笑一个！我在干嘛，我也在舔。可是 【：没觉得这有什么所谓的不好】近日，“张雪峰称文科都是服务业”话题引发网友热议。网红考研名师张雪峰称：所有文科都叫服务业，总结起来就是“舔”。12月9日，发文回应称： 我是不是又说错话了，对不起，对不起，我给大家笑一个！我在干嘛，我也在舔。可是我没觉得这有什么所谓的不好啊！！！,2023-12-09 13:59,1
56,【：没觉得这有什么所谓的不好，向看了言论伤心的道歉】近日，“张雪峰称文科都是服务业”一话题引发网友热议。网红考研名师张雪峰称：所有文科都叫服务业，总结起来就是“舔”。12月9日，发文回应称： 我是不是又说错话了，对不起，对不起，我给大家笑一个！ 【：没觉得这有什么所谓的不好，向看了言论伤心的道歉】近日，“张雪峰称文科都是服务业”一话题引发网友热议。网红考研名师张雪峰称：所有文科都叫服务业，总结起来就是“舔”。12月9日，发文回应称： 我是不是又说错话了，对不起，对不起，我给大家笑一个！我在干嘛，我也在舔。可是我没觉得这有什么所谓的不好啊！！！此后，他又在评论区表示， 做服务业没有不好，可是有的人心里过不去这道坎，我能过去，我就做服务业。你过不去，你就不适合做服务业。我是提醒以为某些专业高大上的人，他的本质，尤其是从业初期阶段要了解后在选择。非要恶意解读的，看了我的言论伤心了的，我向您们道歉。,2023-12-09 13:59,1
64,【：没觉得这有什么所谓的不好，向看了言论伤心的道歉】近日，“张雪峰称文科都是服务业”一话题引发网友热议。网红考研名师张雪峰称：所有文科都叫服务业，总结起来就是“舔”。12月9日，发文回应称： 我是不是又说错话了，对不起，对不起，我给大家笑一个！ 【：没觉得这有什么所谓的不好，向看了言论伤心的道歉】近日，“张雪峰称文科都是服务业”一话题引发网友热议。网红考研名师张雪峰称：所有文科都叫服务业，总结起来就是“舔”。12月9日，发文回应称： 我是不是又说错话了，对不起，对不起，我给大家笑一个！我在干嘛，我也在舔。可是我没觉得这有什么所谓的不好啊！！！此后，他又在评论区表示， 做服务业没有不好，可是有的人心里过不去这道坎，我能过去，我就做服务业。你过不去，你就不适合做服务业。我是提醒以为某些专业高大上的人，他的本质，尤其是从业初期阶段要了解后在选择。非要恶意解读的，看了我的言论伤心了的，我向您们道歉。,2023-12-09 13:59,1
84,【】近日，网红考研名师张雪峰称：所有文科都叫服务业，总结起来就是“舔”，引发热议。12月9日，回应称：“我是不是又说错话了，对不起，对不起，我给大家笑一个！我在干嘛，我也在舔。可是我没觉得这有什么所谓的不好啊！” 随后其在 【】近日，网红考研名师张雪峰称：所有文科都叫服务业，总结起来就是“舔”，引发热议。12月9日，回应称：“我是不是又说错话了，对不起，对不起，我给大家笑一个！我在干嘛，我也在舔。可是我没觉得这有什么所谓的不好啊！” 随后其在评论区表示，做服务业没有不好，可是有的人心里过不去这道坎，我能过去，我就做服务业，你过不去，你就不适合做服务业。我是提醒以为某些专业高大上的人，他的本质，尤其是从业初期阶段要了解后在选择。非要恶意解读的。看了我的言论伤心了的，我向您们道歉。,2023-12-09 13:58,1
101,【：没觉得这有什么所谓的不好，向看了言论伤心的道歉】近日，“张雪峰称文科都是服务业”一话题引发网友热议。网红考研名师张雪峰称：所有文科都叫服务业，总结起来就是“舔”。12月9日，发文回应称： 我是不是又说错话了，对不起，对不起，我给大家笑一个！ 【：没觉得这有什么所谓的不好，向看了言论伤心的道歉】近日，“张雪峰称文科都是服务业”一话题引发网友热议。网红考研名师张雪峰称：所有文科都叫服务业，总结起来就是“舔”。12月9日，发文回应称： 我是不是又说错话了，对不起，对不起，我给大家笑一个！我在干嘛，我也在舔。可是我没觉得这有什么所谓的不好啊！！！此后，他又在评论区表示， 做服务业没有不好，可是有的人心里过不去这道坎，我能过去，我就做服务业。你过不去，你就不适合做服务业。我是提醒以为某些专业高大上的人，他的本质，尤其是从业初期阶段要了解后在选择。非要恶意解读的，看了我的言论伤心了的，我向您们道歉。,2023-12-09 13:57,1
104,【：没觉得这有什么所谓的不好，向看了言论伤心的道歉】近日，“张雪峰称文科都是服务业”一话题引发网友热议。网红考研名师张雪峰称：所有文科都叫服务业，总结起来就是“舔”。12月9日，发文回应称： 我是不是又说错话了，对不起，对不起，我给大家笑一个！ 【：没觉得这有什么所谓的不好，向看了言论伤心的道歉】近日，“张雪峰称文科都是服务业”一话题引发网友热议。网红考研名师张雪峰称：所有文科都叫服务业，总结起来就是“舔”。12月9日，发文回应称： 我是不是又说错话了，对不起，对不起，我给大家笑一个！我在干嘛，我也在舔。可是我没觉得这有什么所谓的不好啊！！！此后，他又在评论区表示， 做服务业没有不好，可是有的人心里过不去这道坎，我能过去，我就做服务业。你过不去，你就不适合做服务业。我是提醒以为某些专业高大上的人，他的本质，尤其是从业初期阶段要了解后在选择。非要恶意解读的，看了我的言论伤心了的，我向您们道歉。,2023-12-09 13:57,1
160,【】近日，网红考研名师张雪峰称：所有文科都叫服务业，总结起来就是“舔”，引发热议。12月9日，回应称：“我是不是又说错话了，对不起，对不起，我给大家笑一个！我在干嘛，我也在舔。可是我没觉得这有什么所谓的不好啊！” 随后其在 【】近日，网红考研名师张雪峰称：所有文科都叫服务业，总结起来就是“舔”，引发热议。12月9日，回应称：“我是不是又说错话了，对不起，对不起，我给大家笑一个！我在干嘛，我也在舔。可是我没觉得这有什么所谓的不好啊！” 随后其在评论区表示，做服务业没有不好，可是有的人心里过不去这道坎，我能过去，我就做服务业，你过不去，你就不适合做服务业。我是提醒以为某些专业高大上的人，他的本质，尤其是从业初期阶段要了解后在选择。非要恶意解读的。看了我的言论伤心了的，我向您们道歉。,2023-12-09 13:54,1
192,发文回应称： 我是不是又说错话了，对不起，对不起，我给大家笑一个！我在干嘛，我也在舔。可是我没觉得这有什么所谓的不好啊！ ,2023-12-09 13:53,1
228,【：没觉得这有什么所谓的不好，向看了言论伤心的道歉】近日，“张雪峰称文科都是服务业”一话题引发网友热议。网红考研名师张雪峰称：所有文科都叫服务业，总结起来就是“舔”。12月9日，发文回应称： 我是不是又说错话了，对不起，对不起，我给大家笑一个！ 【：没觉得这有什么所谓的不好，向看了言论伤心的道歉】近日，“张雪峰称文科都是服务业”一话题引发网友热议。网红考研名师张雪峰称：所有文科都叫服务业，总结起来就是“舔”。12月9日，发文回应称： 我是不是又说错话了，对不起，对不起，我给大家笑一个！我在干嘛，我也在舔。可是我没觉得这有什么所谓的不好啊！！！此后，他又在评论区表示， 做服务业没有不好，可是有的人心里过不去这道坎，我能过去，我就做服务业。你过不去，你就不适合做服务业。我是提醒以为某些专业高大上的人，他的本质，尤其是从业初期阶段要了解后在选择。非要恶意解读的，看了我的言论伤心了的，我向您们道歉。,2023-12-09 13:51,1
235,【：没觉得这有什么所谓的不好，向看了言论伤心的道歉】近日，“张雪峰称文科都是服务业”一话题引发网友热议。网红考研名师张雪峰称：所有文科都叫服务业，总结起来就是“舔”。12月9日，发文回应称： 我是不是又说错话了，对不起，对不起，我给大家笑一个！ 【：没觉得这有什么所谓的不好，向看了言论伤心的道歉】近日，“张雪峰称文科都是服务业”一话题引发网友热议。网红考研名师张雪峰称：所有文科都叫服务业，总结起来就是“舔”。12月9日，发文回应称： 我是不是又说错话了，对不起，对不起，我给大家笑一个！我在干嘛，我也在舔。可是我没觉得这有什么所谓的不好啊！！！此后，他又在评论区表示， 做服务业没有不好，可是有的人心里过不去这道坎，我能过去，我就做服务业。你过不去，你就不适合做服务业。我是提醒以为某些专业高大上的人，他的本质，尤其是从业初期阶段要了解后在选择。非要恶意解读的，看了我的言论伤心了的，我向您们道歉。,2023-12-09 13:50,1
333,我是不是又说错话了对不起，对不起，我给大家笑一个！你们觉得哪个笑好看，我以后就怎么笑。你看，我在干嘛，我也在舔。可是我没觉得这有什么所 我是不是又说错话了对不起，对不起，我给大家笑一个！你们觉得哪个笑好看，我以后就怎么笑。你看，我在干嘛，我也在舔。可是我没觉得这有什么所谓的不好啊！！！---笑死我了。,2023-12-09 13:43,1
369,【：没觉得这有什么所谓的不好，向看了言论伤心的道歉】近日，“张雪峰称文科都是服务业”一话题引发网友热议。网红考研名师张雪峰称：所有文科都叫服务业，总结起来就是“舔”。12月9日，发文回应称： 我是不是又说错话了，对不起，对不起，我给大家笑一个！ 【：没觉得这有什么所谓的不好，向看了言论伤心的道歉】近日，“张雪峰称文科都是服务业”一话题引发网友热议。网红考研名师张雪峰称：所有文科都叫服务业，总结起来就是“舔”。12月9日，发文回应称： 我是不是又说错话了，对不起，对不起，我给大家笑一个！我在干嘛，我也在舔。可是我没觉得这有什么所谓的不好啊！！！此后，他又在评论区表示， 做服务业没有不好，可是有的人心里过不去这道坎，我能过去，我就做服务业。你过不去，你就不适合做服务业。我是提醒以为某些专业高大上的人，他的本质，尤其是从业初期阶段要了解后在选择。非要恶意解读的，看了我的言论伤心了的，我向您们道歉。,2023-12-09 13:40,1
400,【：没觉得这有什么所谓的不好，向看了言论伤心的道歉】近日，“张雪峰称文科都是服务业”一话题引发网友热议。网红考研名师张雪峰称：所有文科都叫服务业，总结起来就是“舔”。12月9日，发文回应称： 我是不是又说错话了，对不起，对不起，我给大家笑一个！ 【：没觉得这有什么所谓的不好，向看了言论伤心的道歉】近日，“张雪峰称文科都是服务业”一话题引发网友热议。网红考研名师张雪峰称：所有文科都叫服务业，总结起来就是“舔”。12月9日，发文回应称： 我是不是又说错话了，对不起，对不起，我给大家笑一个！我在干嘛，我也在舔。可是我没觉得这有什么所谓的不好啊！！！此后，他又在评论区表示， 做服务业没有不好，可是有的人心里过不去这道坎，我能过去，我就做服务业。你过不去，你就不适合做服务业。我是提醒以为某些专业高大上的人，他的本质，尤其是从业初期阶段要了解后在选择。非要恶意解读的，看了我的言论伤心了的，我向您们道歉。,2023-12-09 13:38,1
411,没觉得这有什么所谓的不好，向看了言论伤心的道歉。网红考研名师张雪峰称：所有文科都叫服务业，总结起来就是“舔”。也不全是吧？不过大部分人都这样。 ,2023-12-09 13:37,1
445,【：没觉得这有什么所谓的不好】近日，一话题引发网友热议。网红考研名师张雪峰称：所有文科都叫服务业，总结起来就是“舔”。12月9日，发文回应称： 我是不是又说错话了，对不起，对不起，我给大家笑一个！我在干嘛，我也在舔。可是 【：没觉得这有什么所谓的不好】近日，一话题引发网友热议。网红考研名师张雪峰称：所有文科都叫服务业，总结起来就是“舔”。12月9日，发文回应称： 我是不是又说错话了，对不起，对不起，我给大家笑一个！我在干嘛，我也在舔。可是我没觉得这有什么所谓的不好啊！！！（梨视频）,2023-12-09 13:33,1
461,【：没觉得这有什么所谓的不好，向看了言论伤心的道歉】近日，一话题引发网友热议。网红考研名师张雪峰称：所有文科都叫服务业，总结起来就是“舔”。12月9日，发文回应称： 我是不是又说错话了，对不起，对不起，我给大家笑一个！我 【：没觉得这有什么所谓的不好，向看了言论伤心的道歉】近日，一话题引发网友热议。网红考研名师张雪峰称：所有文科都叫服务业，总结起来就是“舔”。12月9日，发文回应称： 我是不是又说错话了，对不起，对不起，我给大家笑一个！我在干嘛，我也在舔。可是我没觉得这有什么所谓的不好啊！！！此后，他又在评论区表示， 做服务业没有不好，可是有的人心里过不去这道坎，我能过去，我就做服务业。你过不去，你就不适合做服务业。我是提醒以为某些专业高大上的人，他的本质，尤其是从业初期阶段要了解后在选择。非要恶意解读的，看了我的言论伤心了的，我向您们道歉。,2023-12-09 13:30,1
463,【：服务业没什么不好，我也在舔】近日，网红考研名师张雪峰称，所有文科都叫服务业，总结起来就是“舔”，引发网友热议。12月9日，张雪峰发文回应：“我是不是又说错话，对不起，对不起，我给大家笑一个！你们觉得哪个笑好看，我以后就怎么笑。 【：服务业没什么不好，我也在舔】近日，网红考研名师张雪峰称，所有文科都叫服务业，总结起来就是“舔”，引发网友热议。12月9日，张雪峰发文回应：“我是不是又说错话，对不起，对不起，我给大家笑一个！你们觉得哪个笑好看，我以后就怎么笑。你看，我在干嘛，我也在舔。可是我没觉得这有什么所谓的不好啊！！！”并在评论区表示“做服务业没有不好，可是有的人心里过不去这道坎，我能过去，我就做服务业，你过不去，你就不适合做服务业。我是提醒以为某些专业高大上的人，他的本质，尤其是从业初期阶段要了解后再选择。非要恶意解读的。看了我的言论伤心了的，我向您们道歉。”随后，张雪峰晒出一张穿着道歉字样的衣服称，“为了诚挚的表达歉意，今天穿这个衣服出门。”,2023-12-09 13:30,1
477,【：自己也在舔，没觉得这有什么所谓的不好】近日，网红考研名师张雪峰表示，所有文科都叫服务业，总结起来就是“舔”，引发热议。不少网友纷纷表示说得太对了，自己瞬间破防了。中国人民大学公共管理学院教授马亮表示，文科没那么“水”，文理科融合教育也成主流。9日，张 【：自己也在舔，没觉得这有什么所谓的不好】近日，网红考研名师张雪峰表示，所有文科都叫服务业，总结起来就是“舔”，引发热议。不少网友纷纷表示说得太对了，自己瞬间破防了。中国人民大学公共管理学院教授马亮表示，文科没那么“水”，文理科融合教育也成主流。9日，张雪峰回应称，“我是不是又说错话了，对不起，对不起，我给大家笑一个……你看，我在干嘛，我也在舔。可是我没觉得这有什么所谓的不好啊！”,2023-12-09 13:28,1
489,张雪峰又上热搜了，因为在直播中张雪峰称：所有文科都叫服务业，总结起来就是“舔”。后来他又回应称： 我是不是又说错话了，对不起，对不起，我给大家笑一个！我在干嘛，我也在舔。可是我没觉得这有什么所谓的不好啊！！！然后还穿了一件 我错 张雪峰又上热搜了，因为在直播中张雪峰称：所有文科都叫服务业，总结起来就是“舔”。后来他又回应称： 我是不是又说错话了，对不起，对不起，我给大家笑一个！我在干嘛，我也在舔。可是我没觉得这有什么所谓的不好啊！！！然后还穿了一件 我错了我道歉 的T恤，图三，为了方便大家看清这几个字，我把图片镜像反转了一下。,2023-12-09 13:26,1
492,【：没觉得这有什么所谓的不好】近日，一话题引发网友热议。网红考研名师张雪峰称：所有文科都叫服务业，总结起来就是“舔”。12月9日，发文回应称： 我是不是又说错话了，对不起，对不起，我给大家笑一个！我在干嘛，我也在舔。可是 【：没觉得这有什么所谓的不好】近日，一话题引发网友热议。网红考研名师张雪峰称：所有文科都叫服务业，总结起来就是“舔”。12月9日，发文回应称： 我是不是又说错话了，对不起，对不起，我给大家笑一个！我在干嘛，我也在舔。可是我没觉得这有什么所谓的不好啊！！！,2023-12-09 13:25,1
521,【：没觉得这有什么所谓的不好】近日，一话题引发网友热议。网红考研名师张雪峰称：所有文科都叫服务业，总结起来就是“舔”。12月9日，发文回应称： 我是不是又说错话了，对不起，对不起，我给大家笑一个！我在干嘛，我也在舔。可是 【：没觉得这有什么所谓的不好】近日，一话题引发网友热议。网红考研名师张雪峰称：所有文科都叫服务业，总结起来就是“舔”。12月9日，发文回应称： 我是不是又说错话了，对不起，对不起，我给大家笑一个！我在干嘛，我也在舔。可是我没觉得这有什么所谓的不好啊！！！,2023-12-09 13:18,1
539,【：没觉得这有什么所谓的不好】近日，话题引发网友热议。网红考研名师张雪峰称：所有文科都叫服务业，总结起来就是“舔”。12月9日，发文回应称： 我是不是又说错话了，对不起，对不起，我给大家笑一个！我在干嘛，我也在舔。可是我 【：没觉得这有什么所谓的不好】近日，话题引发网友热议。网红考研名师张雪峰称：所有文科都叫服务业，总结起来就是“舔”。12月9日，发文回应称： 我是不是又说错话了，对不起，对不起，我给大家笑一个！我在干嘛，我也在舔。可是我没觉得这有什么所谓的不好啊！！！,2023-12-09 13:12,1
541,【】近日，网红考研名师张雪峰称：所有文科都叫服务业，总结起来就是“舔”，引发热议。12月9日，回应称：“我是不是又说错话了，对不起，对不起，我给大家笑一个！我在干嘛，我也在舔。可是我没觉得这有什么所谓的不好啊！” 随后其在 【】近日，网红考研名师张雪峰称：所有文科都叫服务业，总结起来就是“舔”，引发热议。12月9日，回应称：“我是不是又说错话了，对不起，对不起，我给大家笑一个！我在干嘛，我也在舔。可是我没觉得这有什么所谓的不好啊！” 随后其在评论区表示，做服务业没有不好，可是有的人心里过不去这道坎，我能过去，我就做服务业，你过不去，你就不适合做服务业。我是提醒以为某些专业高大上的人，他的本质，尤其是从业初期阶段要了解后在选择。非要恶意解读的。看了我的言论伤心了的，我向您们道歉。（澎湃新闻）,2023-12-09 15:00,1
586,【：没觉得这有什么所谓的不好，向看了言论伤心的道歉】近日，“张雪峰称文科都是服务业”一话题引发网友热议。网红考研名师张雪峰称：所有文科都叫服务业，总结起来就是“舔”。我觉得吧，说是服务业也还好，主要是这个“舔”，太刺激啦【：没觉得这有什么所谓的不好，向看了言论伤心的道歉】近日，“张雪峰称文科都是服务业”一话题引发网友热议。网红考研名师张雪峰称：所有文科都叫服务业，总结起来就是“舔”。我觉得吧，说是服务业也还好，主要是这个“舔”，太刺激啦,2023-12-09 14:57,1
593,【：没觉得这有什么所谓的不好，向看了言论伤心的道歉】近日，“张雪峰称文科都是服务业”一话题引发网友热议。网红考研名师张雪峰称：所有文科都叫服务业，总结起来就是“舔”。12月9日，发文回应称： 我是不是又说错话了，对不起，对不起，我给大家笑一个！ 【：没觉得这有什么所谓的不好，向看了言论伤心的道歉】近日，“张雪峰称文科都是服务业”一话题引发网友热议。网红考研名师张雪峰称：所有文科都叫服务业，总结起来就是“舔”。12月9日，发文回应称： 我是不是又说错话了，对不起，对不起，我给大家笑一个！我在干嘛，我也在舔。可是我没觉得这有什么所谓的不好啊！！！此后，他又在评论区表示， 做服务业没有不好，可是有的人心里过不去这道坎，我能过去，我就做服务业。你过不去，你就不适合做服务业。我是提醒以为某些专业高大上的人，他的本质，尤其是从业初期阶段要了解后在选择。非要恶意解读的，看了我的言论伤心了的，我向您们道歉。via梨视频,2023-12-09 14:56,1
602,【没觉得这有什么所谓的不好，向看了言论伤心的道歉】近日，“张雪峰称文科都是服务业”一话题引发网友热议。网红考研名师张雪峰称：所有文科都叫服务业，总结起来就是“舔”。12月9日，发文回应称： 我是不是又说错话了，对不起，对不起，我给大家笑一个！我 【没觉得这有什么所谓的不好，向看了言论伤心的道歉】近日，“张雪峰称文科都是服务业”一话题引发网友热议。网红考研名师张雪峰称：所有文科都叫服务业，总结起来就是“舔”。12月9日，发文回应称： 我是不是又说错话了，对不起，对不起，我给大家笑一个！我在干嘛，我也在舔。可是我没觉得这有什么所谓的不好啊！！！此后，他又在评论区表示， 做服务业没有不好，可是有的人心里过不去这道坎，我能过去，我就做服务业。你过不去，你就不适合做服务业。我是提醒以为某些专业高大上的人，他的本质，尤其是从业初期阶段要了解后在选择。非要恶意解读的，看了我的言论伤心了的，我向您们道歉。,2023-12-09 14:56,1
635,【：没觉得这有什么所谓的不好，向看了言论伤心的道歉】近日，“张雪峰称文科都是服务业”一话题引发网友热议。网红考研名师张雪峰称：所有文科都叫服务业，总结起来就是“舔”。12月9日，发文回应称： 我是不是又说错话了，对不起，对不起，我给大家笑一个！ 【：没觉得这有什么所谓的不好，向看了言论伤心的道歉】近日，“张雪峰称文科都是服务业”一话题引发网友热议。网红考研名师张雪峰称：所有文科都叫服务业，总结起来就是“舔”。12月9日，发文回应称： 我是不是又说错话了，对不起，对不起，我给大家笑一个！我在干嘛，我也在舔。可是我没觉得这有什么所谓的不好啊！！！此后，他又在评论区表示， 做服务业没有不好，可是有的人心里过不去这道坎，我能过去，我就做服务业。你过不去，你就不适合做服务业。我是提醒以为某些专业高大上的人，他的本质，尤其是从业初期阶段要了解后在选择。非要恶意解读的，看了我的言论伤心了的，我向您们道歉。（梨视频）,2023-12-09 14:54,1
644,【：没觉得这有什么所谓的不好，向看了言论伤心的道歉】近日，“张雪峰称文科都是服务业”一话题引发网友热议。网红考研名师张雪峰称：所有文科都叫服务业，总结起来就是“舔”。12月9日，发文回应称： 我是不是又说错话了，对不起，对不起，我给大家笑一个！ 【：没觉得这有什么所谓的不好，向看了言论伤心的道歉】近日，“张雪峰称文科都是服务业”一话题引发网友热议。网红考研名师张雪峰称：所有文科都叫服务业，总结起来就是“舔”。12月9日，发文回应称： 我是不是又说错话了，对不起，对不起，我给大家笑一个！我在干嘛，我也在舔。可是我没觉得这有什么所谓的不好啊！！！此后，他又在评论区表示， 做服务业没有不好，可是有的人心里过不去这道坎，我能过去，我就做服务业。你过不去，你就不适合做服务业。我是提醒以为某些专业高大上的人，他的本质，尤其是从业初期阶段要了解后在选择。非要恶意解读的，看了我的言论伤心了的，我向您们道歉。L梨视频的微博视频 收起d播放视频,2023-12-09 14:54,1
649,【：没觉得这有什么所谓的不好】近日，话题引发网友热议。网红考研名师张雪峰称：所有文科都叫服务业，总结起来就是“舔”。12月9日，张雪峰老师发文回应称： 我是不是又说错话了，对不起，对不起，我给大家笑一个！我在干嘛，我也在舔。可是我没 【：没觉得这有什么所谓的不好】近日，话题引发网友热议。网红考研名师张雪峰称：所有文科都叫服务业，总结起来就是“舔”。12月9日，张雪峰老师发文回应称： 我是不是又说错话了，对不起，对不起，我给大家笑一个！我在干嘛，我也在舔。可是我没觉得这有什么所谓的不好啊！！！,2023-12-09 14:54,1
679,【你读的文科理科？】近日，网红考研名师张雪峰称：所有文科都叫服务业，总结起来就是“舔”，引发热议。12月9日，张雪峰微博回应称：“我是不是又说错话了，对不起，对不起，我给大家笑一个！我在干嘛，我也在舔。可是我没觉得这有什么所谓的不好啊！ 【你读的文科理科？】近日，网红考研名师张雪峰称：所有文科都叫服务业，总结起来就是“舔”，引发热议。12月9日，张雪峰微博回应称：“我是不是又说错话了，对不起，对不起，我给大家笑一个！我在干嘛，我也在舔。可是我没觉得这有什么所谓的不好啊！” 随后其在评论区表示，做服务业没有不好，可是有的人心里过不去这道坎，我能过去，我就做服务业，你过不去，你就不适合做服务业。我是提醒以为某些专业高大上的人，他的本质，尤其是从业初期阶段要了解后在选择。非要恶意解读的。看了我的言论伤心了的，我向您们道歉。（红星新闻）小调查：你读的文科理科？,2023-12-09 14:52,1
688,【：没觉得这有什么所谓的不好】近日，“张雪峰称文科都是服务业”话题引发网友热议。网红考研名师张雪峰称：所有文科都叫服务业，总结起来就是“舔”。12月9日，发文回应称： 我是不是又说错话了，对不起，对不起，我给大家笑一个！我在干嘛，我也在舔。可是 【：没觉得这有什么所谓的不好】近日，“张雪峰称文科都是服务业”话题引发网友热议。网红考研名师张雪峰称：所有文科都叫服务业，总结起来就是“舔”。12月9日，发文回应称： 我是不是又说错话了，对不起，对不起，我给大家笑一个！我在干嘛，我也在舔。可是我没觉得这有什么所谓的不好啊！！！,2023-12-09 14:52,1
689,【：没觉得这有什么所谓的不好】近日，“张雪峰称文科都是服务业”话题引发网友热议。网红考研名师张雪峰称：所有文科都叫服务业，总结起来就是“舔”。12月9日，发文回应称： 我是不是又说错话了，对不起，对不起，我给大家笑一个！我在干嘛，我也在舔。可是 【：没觉得这有什么所谓的不好】近日，“张雪峰称文科都是服务业”话题引发网友热议。网红考研名师张雪峰称：所有文科都叫服务业，总结起来就是“舔”。12月9日，发文回应称： 我是不是又说错话了，对不起，对不起，我给大家笑一个！我在干嘛，我也在舔。可是我没觉得这有什么所谓的不好啊！！！,2023-12-09 14:52,1
690,【：没觉得这有什么所谓的不好】近日，“张雪峰称文科都是服务业”话题引发网友热议。网红考研名师张雪峰称：所有文科都叫服务业，总结起来就是“舔”。12月9日，发文回应称： 我是不是又说错话了，对不起，对不起，我给大家笑一个！我在干嘛，我也在舔。可是 【：没觉得这有什么所谓的不好】近日，“张雪峰称文科都是服务业”话题引发网友热议。网红考研名师张雪峰称：所有文科都叫服务业，总结起来就是“舔”。12月9日，发文回应称： 我是不是又说错话了，对不起，对不起，我给大家笑一个！我在干嘛，我也在舔。可是我没觉得这有什么所谓的不好啊！！！,2023-12-09 14:52,1
945,【张雪峰；没觉得这有什么所谓的不好，向看了言论伤心的道歉】近日，“张雪峰称文科都是服务业”一话题引发网友热议。网红考研名师张雪峰称：所有文科都叫服务业，总结起来就是“舔”。12月9日，张雪峰发文回应称： 我是不是又说错话了，对不起，对不起，我给大家笑一个 【张雪峰；没觉得这有什么所谓的不好，向看了言论伤心的道歉】近日，“张雪峰称文科都是服务业”一话题引发网友热议。网红考研名师张雪峰称：所有文科都叫服务业，总结起来就是“舔”。12月9日，张雪峰发文回应称： 我是不是又说错话了，对不起，对不起，我给大家笑一个！我在干嘛，我也在舔。可是我没觉得这有什么所谓的不好啊！！！此后，他又在评论区表示， 做服务业没有不好，可是有的人心里过不去这道坎，我能过去，我就做服务业。你过不去，你就不适合做服务业。我是提醒以为某些专业高大上的人，他的本质，尤其是从业初期阶段要了解后在选择。非要恶意解读的，看了我的言论伤心了的，我向您们道歉。,2023-12-09 14:39,1
947,【：没觉得这有什么所谓的不好，向看了言论伤心的道歉】近日，“张雪峰称文科都是服务业”一话题引发网友热议。网红考研名师张雪峰称：所有文科都叫服务业，总结起来就是“舔”。12月9日，发文回应称： 我是不是又说错话了，对不起，对不起，我给大家笑一个！ 【：没觉得这有什么所谓的不好，向看了言论伤心的道歉】近日，“张雪峰称文科都是服务业”一话题引发网友热议。网红考研名师张雪峰称：所有文科都叫服务业，总结起来就是“舔”。12月9日，发文回应称： 我是不是又说错话了，对不起，对不起，我给大家笑一个！我在干嘛，我也在舔。可是我没觉得这有什么所谓的不好啊！！！此后，他又在评论区表示， 做服务业没有不好，可是有的人心里过不去这道坎，我能过去，我就做服务业。你过不去，你就不适合做服务业。我是提醒以为某些专业高大上的人，他的本质，尤其是从业初期阶段要了解后在选择。非要恶意解读的，看了我的言论伤心了的，我向您们道歉。,2023-12-09 14:39,1
967,近日，“张雪峰称文科都是服务业”一话题引发网友热议，网红考研名师张雪峰称：所有文科都叫服务业，总结起来就是“舔”，12月9日，发文回应称： 我是不是又说错话了，对不起，对不起，我给大家笑一个，我在干嘛，我也在舔，可是我没觉得这有什么所谓的不好啊， 近日，“张雪峰称文科都是服务业”一话题引发网友热议，网红考研名师张雪峰称：所有文科都叫服务业，总结起来就是“舔”，12月9日，发文回应称： 我是不是又说错话了，对不起，对不起，我给大家笑一个，我在干嘛，我也在舔，可是我没觉得这有什么所谓的不好啊，此后，他又在评论区表示， 做服务业没有不好，可是有的人心里过不去这道坎，我能过去，我就做服务业，你过不去，你就不适合做服务业，我是提醒以为某些专业高大上的人，他的本质，尤其是从业初期阶段要了解后在选择。非要恶意解读的，看了我的言论伤心了的，我向您们道歉!,2023-12-09 14:38,1
978,【：没觉得这有什么所谓的不好，向看了言论伤心的道歉】近日，“张雪峰称文科都是服务业”一话题引发网友热议。网红考研名师张雪峰称：所有文科都叫服务业，总结起来就是“舔”。12月9日，发文回应称： 我是不是又说错话了，对不起，对不起，我给大家笑一个！ 【：没觉得这有什么所谓的不好，向看了言论伤心的道歉】近日，“张雪峰称文科都是服务业”一话题引发网友热议。网红考研名师张雪峰称：所有文科都叫服务业，总结起来就是“舔”。12月9日，发文回应称： 我是不是又说错话了，对不起，对不起，我给大家笑一个！我在干嘛，我也在舔。可是我没觉得这有什么所谓的不好啊！！！此后，他又在评论区表示， 做服务业没有不好，可是有的人心里过不去这道坎，我能过去，我就做服务业。你过不去，你就不适合做服务业。我是提醒以为某些专业高大上的人，他的本质，尤其是从业初期阶段要了解后在选择。非要恶意解读的，看了我的言论伤心了的，我向您们道歉。,2023-12-09 14:37,1
990,【：没觉得这有什么所谓的不好，向看了言论伤心的道歉】近日，“张雪峰称文科都是服务业”一话题引发网友热议。网红考研名师张雪峰称：所有文科都叫服务业，总结起来就是“舔”。12月9日，发文回应称： 我是不是又说错话了，对不起，对不起，我给大家笑一个！ 【：没觉得这有什么所谓的不好，向看了言论伤心的道歉】近日，“张雪峰称文科都是服务业”一话题引发网友热议。网红考研名师张雪峰称：所有文科都叫服务业，总结起来就是“舔”。12月9日，发文回应称： 我是不是又说错话了，对不起，对不起，我给大家笑一个！我在干嘛，我也在舔。可是我没觉得这有什么所谓的不好啊！！！此后，他又在评论区表示， 做服务业没有不好，可是有的人心里过不去这道坎，我能过去，我就做服务业。你过不去，你就不适合做服务业。我是提醒以为某些专业高大上的人，他的本质，尤其是从业初期阶段要了解后在选择。非要恶意解读的，看了我的言论伤心了的，我向您们道歉。,2023-12-09 14:36,1
992,【：没觉得这有什么所谓的不好，向看了言论伤心的道歉】近日，“张雪峰称文科都是服务业”一话题引发网友热议。网红考研名师张雪峰称：所有文科都叫服务业，总结起来就是“舔”。12月9日，发文回应称： 我是不是又说错话了，对不起，对不起，我给大家笑一个！ 【：没觉得这有什么所谓的不好，向看了言论伤心的道歉】近日，“张雪峰称文科都是服务业”一话题引发网友热议。网红考研名师张雪峰称：所有文科都叫服务业，总结起来就是“舔”。12月9日，发文回应称： 我是不是又说错话了，对不起，对不起，我给大家笑一个！我在干嘛，我也在舔。可是我没觉得这有什么所谓的不好啊！！！此后，他又在评论区表示， 做服务业没有不好，可是有的人心里过不去这道坎，我能过去，我就做服务业。你过不去，你就不适合做服务业。我是提醒以为某些专业高大上的人，他的本质，尤其是从业初期阶段要了解后在选择。非要恶意解读的，看了我的言论伤心了的，我向您们道歉。,2023-12-09 14:36,1
994,：没觉得这有什么所谓的不好，向看了言论伤心的道歉！近日，“张雪峰称文科都是服务业”一话题引发网友热议。网红考研名师张雪峰称：所有文科都叫服务业，总结起来就是“舔”。,2023-12-09 14:36,1
1000,：没觉得这有什么所谓的不好，向看了言论伤心的道歉！近日，“张雪峰称文科都是服务业”一话题引发网友热议。网红考研名师张雪峰称：所有文科都叫服务业，总结起来就是“舔”。12月9日，发文回应称： 我是不是又说错话了，对不起，对不起，我给大家笑一个！我 ：没觉得这有什么所谓的不好，向看了言论伤心的道歉！近日，“张雪峰称文科都是服务业”一话题引发网友热议。网红考研名师张雪峰称：所有文科都叫服务业，总结起来就是“舔”。12月9日，发文回应称： 我是不是又说错话了，对不起，对不起，我给大家笑一个！我在干嘛，我也在舔。可是我没觉得这有什么所谓的不好啊！！！此后，他又在评论区表示， 做服务业没有不好，可是有的人心里过不去这道坎，我能过去，我就做服务业。你过不去，你就不适合做服务业。我是提醒以为某些专业高大上的人，他的本质，尤其是从业初期阶段要了解后在选择。非要恶意解读的，看了我的言论伤心了的，我向您们道歉！我给大家解释一下什么叫做服务业？服务业是指那些提供服务产品或劳务的经济活动部门的总称。这些服务可以是非物质的，例如教育、医疗、咨询、娱乐等；也可以是与实物商品相结合的服务，例如运输、维修、安装等。服务业的特点包括非实物性、不可储存性、生产与消费的同时性以及服务产品的异质性。在中国国民经济核算中，服务业通常被视为第三产业，即除了农业（第一产业）和工业（第二产业）之外的所有其他经济活动。这包括商业、金融、房地产、科技服务、文化娱乐等多个领域。随着社会经济的发展，服务业在许多国家和地区已经成为经济增长的重要动力，并且在全球化和技术进步的影响下，服务业的形式和内容也在不断演变和扩展。各个国家特别是中国都在不遗余力地提高本国服务业的比重，因为服务业是容纳就业人员最多的行业。特别是金融、科技包括新科技、法律、医疗等高端服务业，人才非常奇缺！,2023-12-09 14:36,1
1007,【：向看了言论伤心的道歉】近日，“张雪峰称文科都是服务业”一话题引发网友热议。12月9日，发文回应称： 我是不是又说错话了，对不起，对不起，我给大家笑一个！我在干嘛，我也在舔。可是我没觉得这有什么所谓的不好啊！  【：向看了言论伤心的道歉】近日，“张雪峰称文科都是服务业”一话题引发网友热议。12月9日，发文回应称： 我是不是又说错话了，对不起，对不起，我给大家笑一个！我在干嘛，我也在舔。可是我没觉得这有什么所谓的不好啊！,2023-12-09 14:35,1
1013,【：没觉得这有什么所谓的不好，向看了言论伤心的道歉】近日，“张雪峰称文科都是服务业”一话题引发网友热议。网红考研名师张雪峰称：所有文科都叫服务业，总结起来就是“舔”。12月9日，发文回应称： 我是不是又说错话了，对不起，对不起，我给大家笑一个！ 【：没觉得这有什么所谓的不好，向看了言论伤心的道歉】近日，“张雪峰称文科都是服务业”一话题引发网友热议。网红考研名师张雪峰称：所有文科都叫服务业，总结起来就是“舔”。12月9日，发文回应称： 我是不是又说错话了，对不起，对不起，我给大家笑一个！我在干嘛，我也在舔。可是我没觉得这有什么所谓的不好啊！！！此后，他又在评论区表示， 做服务业没有不好，可是有的人心里过不去这道坎，我能过去，我就做服务业。你过不去，你就不适合做服务业。我是提醒以为某些专业高大上的人，他的本质，尤其是从业初期阶段要了解后在选择。非要恶意解读的，看了我的言论伤心了的，我向您们道歉。,2023-12-09 14:35,1
1015,“张雪峰称文科都是服务业”话题引发网友热议。网红考研名师张雪峰称：所有文科都叫服务业，总结起来就是“舔”。12月9日张雪峰发文回应： 我是不是又说错话了，对不起，对不起，我给大家笑一个！我在干嘛，我也在舔。可是我没觉得这有什么所谓的不好啊！此后，他又在评论 “张雪峰称文科都是服务业”话题引发网友热议。网红考研名师张雪峰称：所有文科都叫服务业，总结起来就是“舔”。12月9日张雪峰发文回应： 我是不是又说错话了，对不起，对不起，我给大家笑一个！我在干嘛，我也在舔。可是我没觉得这有什么所谓的不好啊！此后，他又在评论区表示， 做服务业没有不好，可是有的人心里过不去这道坎，我能过去，我就做服务业。你过不去，你就不适合做服务业。我是提醒以为某些专业高大上的人，他的本质，尤其是从业初期阶段要了解后在选择。非要恶意解读的，看了我的言论伤心了的，我向您们道歉。张雪峰中文底子不行呀，中文哪存“您们”这个词儿呀,2023-12-09 14:35,1
1031,【】近日，网红考研名师张雪峰称：所有文科都叫服务业，总结起来就是“舔”，引发热议。12月9日，回应称：“我是不是又说错话了，对不起，对不起，我给大家笑一个！我在干嘛，我也在舔。可是我没觉得这有什么所谓的不好啊！” 随后其在 【】近日，网红考研名师张雪峰称：所有文科都叫服务业，总结起来就是“舔”，引发热议。12月9日，回应称：“我是不是又说错话了，对不起，对不起，我给大家笑一个！我在干嘛，我也在舔。可是我没觉得这有什么所谓的不好啊！” 随后其在评论区表示，做服务业没有不好，可是有的人心里过不去这道坎，我能过去，我就做服务业，你过不去，你就不适合做服务业。我是提醒以为某些专业高大上的人，他的本质，尤其是从业初期阶段要了解后在选择。非要恶意解读的。看了我的言论伤心了的，我向您们道歉。,2023-12-09 14:34,1
1068,【】文科都是服务业？“所有的文科专业都叫服务业，总结一个字就是舔。”继今年夏天炮轰新闻学专业之后，张雪峰关于文科的一段言论再度引发争议。面对舆论的质疑，12月9日午间，张雪峰微博发文致歉。他在评论区表 【】文科都是服务业？“所有的文科专业都叫服务业，总结一个字就是舔。”继今年夏天炮轰新闻学专业之后，张雪峰关于文科的一段言论再度引发争议。面对舆论的质疑，12月9日午间，张雪峰微博发文致歉。他在评论区表示， 做服务业没有不好，可是有的人心里过不去这道坎，我能过去，我就做服务业。你过不去，你就不适合做服务业。我是提醒以为某些专业高大上的人，他的本质，尤其是从业初期阶段要了解后在选择。对此多位专家学者对蓝鲸记者表示，不认同张雪峰的说法，其言论过于偏激、极端、片面。就业率方面，根据智联招聘《2022大学生就业力调研报告》，2022 年人文学科毕业生的就业签约率仅12.4%，而理科、工科的就业签约率分别为29.5%和17.3%。从数据来看，文科生就业签约率不到理科生的一半，工资水平也比理科生低1000元到2000元。专业性不强，容易被替代是外界对于文科的普遍看法，即便是在不少文科生自己看来，专业弱势是就业最大的硬伤。（蓝鲸财经）,2023-12-09 15:57,1
1069,【：没觉得这有什么所谓的不好，向看了言论伤心的道歉】近日，“张雪峰称文科都是服务业”一话题引发网友热议。网红考研名师张雪峰称：所有文科都叫服务业，总结起来就是“舔”。12月9日，发文回应称： 我是不是又说错话了，对不起，对不起，我给大家笑一个！ 【：没觉得这有什么所谓的不好，向看了言论伤心的道歉】近日，“张雪峰称文科都是服务业”一话题引发网友热议。网红考研名师张雪峰称：所有文科都叫服务业，总结起来就是“舔”。12月9日，发文回应称： 我是不是又说错话了，对不起，对不起，我给大家笑一个！我在干嘛，我也在舔。可是我没觉得这有什么所谓的不好啊！！！此后，他又在评论区表示， 做服务业没有不好，可是有的人心里过不去这道坎，我能过去，我就做服务业。你过不去，你就不适合做服务业。我是提醒以为某些专业高大上的人，他的本质，尤其是从业初期阶段要了解后在选择。非要恶意解读的，看了我的言论伤心了的，我向您们道歉。,2023-12-09 15:57,1
1073,【：自己也在舔，没觉得这有什么所谓的不好】近日，网红考研名师张雪峰表示，所有文科都叫服务业，总结起来就是“舔”，引发热议。不少网友纷纷表示说得太对了，自己瞬间破防了。中国人民大学公共管理学院教授马亮表示，文科没那么“水”，文理科融合教育也成主流。9日，张 【：自己也在舔，没觉得这有什么所谓的不好】近日，网红考研名师张雪峰表示，所有文科都叫服务业，总结起来就是“舔”，引发热议。不少网友纷纷表示说得太对了，自己瞬间破防了。中国人民大学公共管理学院教授马亮表示，文科没那么“水”，文理科融合教育也成主流。9日，张雪峰回应称，“我是不是又说错话了，对不起，对不起，我给大家笑一个……你看，我在干嘛，我也在舔。可是我没觉得这有什么所谓的不好啊！”,2023-12-09 15:57,1
1076,【：自己也在舔，没觉得这有什么所谓的不好】近日，网红考研名师张雪峰表示，所有文科都叫服务业，总结起来就是“舔”，引发热议。不少网友纷纷表示说得太对了，自己瞬间破防了。中国人民大学公共管理学院教授马亮表示，文科没那么“水”，文理科融合教育也成主流。9日，张 【：自己也在舔，没觉得这有什么所谓的不好】近日，网红考研名师张雪峰表示，所有文科都叫服务业，总结起来就是“舔”，引发热议。不少网友纷纷表示说得太对了，自己瞬间破防了。中国人民大学公共管理学院教授马亮表示，文科没那么“水”，文理科融合教育也成主流。9日，张雪峰回应称，“我是不是又说错话了，对不起，对不起，我给大家笑一个……你看，我在干嘛，我也在舔。可是我没觉得这有什么所谓的不好啊！”,2023-12-09 15:57,1
1082,【：自己也在舔，没觉得这有什么所谓的不好】近日，网红考研名师张雪峰表示，所有文科都叫服务业，总结起来就是“舔”，引发热议。不少网友纷纷表示说得太对了，自己瞬间破防了。中国人民大学公共管理学院教授马亮表示，文科没那么“水”，文理科融合教育也成主流。9日，张 【：自己也在舔，没觉得这有什么所谓的不好】近日，网红考研名师张雪峰表示，所有文科都叫服务业，总结起来就是“舔”，引发热议。不少网友纷纷表示说得太对了，自己瞬间破防了。中国人民大学公共管理学院教授马亮表示，文科没那么“水”，文理科融合教育也成主流。9日，张雪峰回应称，“我是不是又说错话了，对不起，对不起，我给大家笑一个……你看，我在干嘛，我也在舔。可是我没觉得这有什么所谓的不好啊！”,2023-12-09 15:57,1
1083,【：自己也在舔，没觉得这有什么所谓的不好】近日，网红考研名师张雪峰表示，所有文科都叫服务业，总结起来就是“舔”，引发热议。不少网友纷纷表示说得太对了，自己瞬间破防了。中国人民大学公共管理学院教授马亮表示，文科没那么“水”，文理科融合教育也成主流。9日，张 【：自己也在舔，没觉得这有什么所谓的不好】近日，网红考研名师张雪峰表示，所有文科都叫服务业，总结起来就是“舔”，引发热议。不少网友纷纷表示说得太对了，自己瞬间破防了。中国人民大学公共管理学院教授马亮表示，文科没那么“水”，文理科融合教育也成主流。9日，张雪峰回应称，“我是不是又说错话了，对不起，对不起，我给大家笑一个……你看，我在干嘛，我也在舔。可是我没觉得这有什么所谓的不好啊！”,2023-12-09 15:57,1
1088,【：没觉得这有什么所谓的不好，向看了言论伤心的道歉】近日，“张雪峰称文科都是服务业”一话题引发网友热议。网红考研名师张雪峰称：所有文科都叫服务业，总结起来就是“舔”。12月9日，发文回应称： 我是不是又说错话了，对不起，对不起，我给大家笑一个！ 【：没觉得这有什么所谓的不好，向看了言论伤心的道歉】近日，“张雪峰称文科都是服务业”一话题引发网友热议。网红考研名师张雪峰称：所有文科都叫服务业，总结起来就是“舔”。12月9日，发文回应称： 我是不是又说错话了，对不起，对不起，我给大家笑一个！我在干嘛，我也在舔。可是我没觉得这有什么所谓的不好啊！！！此后，他又在评论区表示， 做服务业没有不好，可是有的人心里过不去这道坎，我能过去，我就做服务业。你过不去，你就不适合做服务业。我是提醒以为某些专业高大上的人，他的本质，尤其是从业初期阶段要了解后在选择。非要恶意解读的，看了我的言论伤心了的，我向您们道歉。,2023-12-09 15:56,1
1146,【：没觉得这有什么所谓的不好，向看了言论伤心的道歉】近日，“张雪峰称文科都是服务业”一话题引发网友热议。网红考研名师张雪峰称：所有文科都叫服务业，总结起来就是“舔”。12月9日，发文回应称： 我是不是又说错话了，对不起，对不起，我给大家笑一个！ 【：没觉得这有什么所谓的不好，向看了言论伤心的道歉】近日，“张雪峰称文科都是服务业”一话题引发网友热议。网红考研名师张雪峰称：所有文科都叫服务业，总结起来就是“舔”。12月9日，发文回应称： 我是不是又说错话了，对不起，对不起，我给大家笑一个！我在干嘛，我也在舔。可是我没觉得这有什么所谓的不好啊！！！此后，他又在评论区表示， 做服务业没有不好，可是有的人心里过不去这道坎，我能过去，我就做服务业。你过不去，你就不适合做服务业。我是提醒以为某些专业高大上的人，他的本质，尤其是从业初期阶段要了解后在选择。非要恶意解读的，看了我的言论伤心了的，我向您们道歉。,2023-12-09 15:52,1
1206,【】文科都是服务业？“所有的文科专业都叫服务业，总结一个字就是舔。”继今年夏天炮轰新闻学专业之后，张雪峰关于文科的一段言论再度引发争议。面对舆论的质疑，今日午间，张雪峰微博发文致歉。他在评论区表示 【】文科都是服务业？“所有的文科专业都叫服务业，总结一个字就是舔。”继今年夏天炮轰新闻学专业之后，张雪峰关于文科的一段言论再度引发争议。面对舆论的质疑，今日午间，张雪峰微博发文致歉。他在评论区表示， 做服务业没有不好，可是有的人心里过不去这道坎，我能过去，我就做服务业。你过不去，你就不适合做服务业。我是提醒以为某些专业高大上的人，他的本质，尤其是从业初期阶段要了解后在选择。对此多位专家学者对蓝鲸记者表示，不认同张雪峰的说法，其言论过于偏激、极端、片面。就业率方面，根据智联招聘《2022大学生就业力调研报告》，2022 年人文学科毕业生的就业签约率仅12.4%，而理科、工科的就业签约率分别为29.5%和17.3%。从数据来看，文科生就业签约率不到理科生的一半，工资水平也比理科生低1000元到2000元。专业性不强，容易被替代是外界对于文科的普遍看法，即便是在不少文科生自己看来，专业弱势是就业最大的硬伤。（蓝鲸 陆鹏鹏）,2023-12-09 15:48,1
1234,【】文科都是服务业？“所有的文科专业都叫服务业，总结一个字就是舔。”继今年夏天炮轰新闻学专业之后，张雪峰关于文科的一段言论再度引发争议。面对舆论的质疑，今日午间，张雪峰微博发文致歉。他在评论区表示 【】文科都是服务业？“所有的文科专业都叫服务业，总结一个字就是舔。”继今年夏天炮轰新闻学专业之后，张雪峰关于文科的一段言论再度引发争议。面对舆论的质疑，今日午间，张雪峰微博发文致歉。他在评论区表示， 做服务业没有不好，可是有的人心里过不去这道坎，我能过去，我就做服务业。你过不去，你就不适合做服务业。我是提醒以为某些专业高大上的人，他的本质，尤其是从业初期阶段要了解后在选择。对此多位专家学者对蓝鲸记者表示，不认同张雪峰的说法，其言论过于偏激、极端、片面。就业率方面，据智联招聘《2022大学生就业力调研报告》，2022 年人文学科毕业生的就业签约率仅12.4%，而理科、工科的就业签约率分别为29.5%和17.3%。从数据来看，文科生就业签约率不到理科生的一半，工资水平也比理科生低1000元到2000元。专业性不强，容易被替代是外界对于文科的普遍看法，即便是在不少文科生自己看来，专业弱势是就业最大的硬伤。（来源：蓝鲸财经）,2023-12-09 15:47,1
1248,【投票：你是文科生还是理科生？】近日，“张雪峰称文科都是服务业”一话题引发网友热议。网红考研名师张雪峰称：所有文科都叫服务业，总结起来就是“舔”。12月9日，发文回应称： 我是不是又说错话了，对不起，我也在舔。可是我没觉得这有什么所谓的不好。此后 【投票：你是文科生还是理科生？】近日，“张雪峰称文科都是服务业”一话题引发网友热议。网红考研名师张雪峰称：所有文科都叫服务业，总结起来就是“舔”。12月9日，发文回应称： 我是不是又说错话了，对不起，我也在舔。可是我没觉得这有什么所谓的不好。此后，他又在评论区表示， 做服务业没有不好，可是有的人心里过不去这道坎，我能过去，我就做服务业。你过不去，你就不适合做服务业。,2023-12-09 15:46,1
1274,【：没觉得这有什么所谓的不好，向看了言论伤心的道歉】近日，“张雪峰称文科都是服务业”一话题引发网友热议。网红考研名师张雪峰称：所有文科都叫服务业，总结起来就是“舔”。12月9日，发文回应称： 我是不是又说错话了，对不起，对不起，我给大家笑一个！ 【：没觉得这有什么所谓的不好，向看了言论伤心的道歉】近日，“张雪峰称文科都是服务业”一话题引发网友热议。网红考研名师张雪峰称：所有文科都叫服务业，总结起来就是“舔”。12月9日，发文回应称： 我是不是又说错话了，对不起，对不起，我给大家笑一个！我在干嘛，我也在舔。可是我没觉得这有什么所谓的不好啊！！！此后，他又在评论区表示， 做服务业没有不好，可是有的人心里过不去这道坎，我能过去，我就做服务业。你过不去，你就不适合做服务业。我是提醒以为某些专业高大上的人，他的本质，尤其是从业初期阶段要了解后在选择。非要恶意解读的，看了我的言论伤心了的，我向您们道歉。,2023-12-09 15:44,1
1275,【：没觉得这有什么所谓的不好，向看了言论伤心的道歉】近日，“张雪峰称文科都是服务业”一话题引发网友热议。网红考研名师张雪峰称：所有文科都叫服务业，总结起来就是“舔”。12月9日，发文回应称： 我是不是又说错话了，对不起，对不起，我给大家笑一个！ 【：没觉得这有什么所谓的不好，向看了言论伤心的道歉】近日，“张雪峰称文科都是服务业”一话题引发网友热议。网红考研名师张雪峰称：所有文科都叫服务业，总结起来就是“舔”。12月9日，发文回应称： 我是不是又说错话了，对不起，对不起，我给大家笑一个！我在干嘛，我也在舔。可是我没觉得这有什么所谓的不好啊！！！此后，他又在评论区表示， 做服务业没有不好，可是有的人心里过不去这道坎，我能过去，我就做服务业。你过不去，你就不适合做服务业。我是提醒以为某些专业高大上的人，他的本质，尤其是从业初期阶段要了解后在选择。非要恶意解读的，看了我的言论伤心了的，我向您们道歉。,2023-12-09 15:44,1
1276,【：没觉得这有什么所谓的不好，向看了言论伤心的道歉】近日，“张雪峰称文科都是服务业”一话题引发网友热议。网红考研名师张雪峰称：所有文科都叫服务业，总结起来就是“舔”。12月9日，发文回应称： 我是不是又说错话了，对不起，对不起，我给大家笑一个！ 【：没觉得这有什么所谓的不好，向看了言论伤心的道歉】近日，“张雪峰称文科都是服务业”一话题引发网友热议。网红考研名师张雪峰称：所有文科都叫服务业，总结起来就是“舔”。12月9日，发文回应称： 我是不是又说错话了，对不起，对不起，我给大家笑一个！我在干嘛，我也在舔。可是我没觉得这有什么所谓的不好啊！！！此后，他又在评论区表示， 做服务业没有不好，可是有的人心里过不去这道坎，我能过去，我就做服务业。你过不去，你就不适合做服务业。我是提醒以为某些专业高大上的人，他的本质，尤其是从业初期阶段要了解后在选择。非要恶意解读的，看了我的言论伤心了的，我向您们道歉。,2023-12-09 15:44,1
1277,【：没觉得这有什么所谓的不好，向看了言论伤心的道歉】近日，“张雪峰称文科都是服务业”一话题引发网友热议。网红考研名师张雪峰称：所有文科都叫服务业，总结起来就是“舔”。12月9日，发文回应称： 我是不是又说错话了，对不起，对不起，我给大家笑一个！ 【：没觉得这有什么所谓的不好，向看了言论伤心的道歉】近日，“张雪峰称文科都是服务业”一话题引发网友热议。网红考研名师张雪峰称：所有文科都叫服务业，总结起来就是“舔”。12月9日，发文回应称： 我是不是又说错话了，对不起，对不起，我给大家笑一个！我在干嘛，我也在舔。可是我没觉得这有什么所谓的不好啊！！！此后，他又在评论区表示， 做服务业没有不好，可是有的人心里过不去这道坎，我能过去，我就做服务业。你过不去，你就不适合做服务业。我是提醒以为某些专业高大上的人，他的本质，尤其是从业初期阶段要了解后在选择。非要恶意解读的，看了我的言论伤心了的，我向您们道歉。,2023-12-09 15:44,1
1278,【：没觉得这有什么所谓的不好，向看了言论伤心的道歉】近日，“张雪峰称文科都是服务业”一话题引发网友热议。网红考研名师张雪峰称：所有文科都叫服务业，总结起来就是“舔”。12月9日，发文回应称： 我是不是又说错话了，对不起，对不起，我给大家笑一个！ 【：没觉得这有什么所谓的不好，向看了言论伤心的道歉】近日，“张雪峰称文科都是服务业”一话题引发网友热议。网红考研名师张雪峰称：所有文科都叫服务业，总结起来就是“舔”。12月9日，发文回应称： 我是不是又说错话了，对不起，对不起，我给大家笑一个！我在干嘛，我也在舔。可是我没觉得这有什么所谓的不好啊！！！此后，他又在评论区表示， 做服务业没有不好，可是有的人心里过不去这道坎，我能过去，我就做服务业。你过不去，你就不适合做服务业。我是提醒以为某些专业高大上的人，他的本质，尤其是从业初期阶段要了解后在选择。非要恶意解读的，看了我的言论伤心了的，我向您们道歉。,2023-12-09 15:44,1
1280,【：没觉得这有什么所谓的不好，向看了言论伤心的道歉】近日，“张雪峰称文科都是服务业”一话题引发网友热议。网红考研名师张雪峰称：所有文科都叫服务业，总结起来就是“舔”。12月9日，发文回应称： 我是不是又说错话了，对不起，对不起，我给大家笑一个！ 【：没觉得这有什么所谓的不好，向看了言论伤心的道歉】近日，“张雪峰称文科都是服务业”一话题引发网友热议。网红考研名师张雪峰称：所有文科都叫服务业，总结起来就是“舔”。12月9日，发文回应称： 我是不是又说错话了，对不起，对不起，我给大家笑一个！我在干嘛，我也在舔。可是我没觉得这有什么所谓的不好啊！！！此后，他又在评论区表示， 做服务业没有不好，可是有的人心里过不去这道坎，我能过去，我就做服务业。你过不去，你就不适合做服务业。我是提醒以为某些专业高大上的人，他的本质，尤其是从业初期阶段要了解后在选择。非要恶意解读的，看了我的言论伤心了的，我向您们道歉。,2023-12-09 15:44,1
1281,【：没觉得这有什么所谓的不好，向看了言论伤心的道歉】近日，“张雪峰称文科都是服务业”一话题引发网友热议。网红考研名师张雪峰称：所有文科都叫服务业，总结起来就是“舔”。12月9日，发文回应称： 我是不是又说错话了，对不起，对不起，我给大家笑一个！ 【：没觉得这有什么所谓的不好，向看了言论伤心的道歉】近日，“张雪峰称文科都是服务业”一话题引发网友热议。网红考研名师张雪峰称：所有文科都叫服务业，总结起来就是“舔”。12月9日，发文回应称： 我是不是又说错话了，对不起，对不起，我给大家笑一个！我在干嘛，我也在舔。可是我没觉得这有什么所谓的不好啊！！！此后，他又在评论区表示， 做服务业没有不好，可是有的人心里过不去这道坎，我能过去，我就做服务业。你过不去，你就不适合做服务业。我是提醒以为某些专业高大上的人，他的本质，尤其是从业初期阶段要了解后在选择。非要恶意解读的，看了我的言论伤心了的，我向您们道歉。,2023-12-09 15:44,1
1282,【：没觉得这有什么所谓的不好，向看了言论伤心的道歉】近日，“张雪峰称文科都是服务业”一话题引发网友热议。网红考研名师张雪峰称：所有文科都叫服务业，总结起来就是“舔”。12月9日，发文回应称： 我是不是又说错话了，对不起，对不起，我给大家笑一个！ 【：没觉得这有什么所谓的不好，向看了言论伤心的道歉】近日，“张雪峰称文科都是服务业”一话题引发网友热议。网红考研名师张雪峰称：所有文科都叫服务业，总结起来就是“舔”。12月9日，发文回应称： 我是不是又说错话了，对不起，对不起，我给大家笑一个！我在干嘛，我也在舔。可是我没觉得这有什么所谓的不好啊！！！此后，他又在评论区表示， 做服务业没有不好，可是有的人心里过不去这道坎，我能过去，我就做服务业。你过不去，你就不适合做服务业。我是提醒以为某些专业高大上的人，他的本质，尤其是从业初期阶段要了解后在选择。非要恶意解读的，看了我的言论伤心了的，我向您们道歉。,2023-12-09 15:44,1
1283,【：没觉得这有什么所谓的不好，向看了言论伤心的道歉】近日，“张雪峰称文科都是服务业”一话题引发网友热议。网红考研名师张雪峰称：所有文科都叫服务业，总结起来就是“舔”。12月9日，发文回应称： 我是不是又说错话了，对不起，对不起，我给大家笑一个！ 【：没觉得这有什么所谓的不好，向看了言论伤心的道歉】近日，“张雪峰称文科都是服务业”一话题引发网友热议。网红考研名师张雪峰称：所有文科都叫服务业，总结起来就是“舔”。12月9日，发文回应称： 我是不是又说错话了，对不起，对不起，我给大家笑一个！我在干嘛，我也在舔。可是我没觉得这有什么所谓的不好啊！！！此后，他又在评论区表示， 做服务业没有不好，可是有的人心里过不去这道坎，我能过去，我就做服务业。你过不去，你就不适合做服务业。我是提醒以为某些专业高大上的人，他的本质，尤其是从业初期阶段要了解后在选择。非要恶意解读的，看了我的言论伤心了的，我向您们道歉。,2023-12-09 15:44,1
1284,【：没觉得这有什么所谓的不好，向看了言论伤心的道歉】近日，“张雪峰称文科都是服务业”一话题引发网友热议。网红考研名师张雪峰称：所有文科都叫服务业，总结起来就是“舔”。12月9日，发文回应称： 我是不是又说错话了，对不起，对不起，我给大家笑一个！ 【：没觉得这有什么所谓的不好，向看了言论伤心的道歉】近日，“张雪峰称文科都是服务业”一话题引发网友热议。网红考研名师张雪峰称：所有文科都叫服务业，总结起来就是“舔”。12月9日，发文回应称： 我是不是又说错话了，对不起，对不起，我给大家笑一个！我在干嘛，我也在舔。可是我没觉得这有什么所谓的不好啊！！！此后，他又在评论区表示， 做服务业没有不好，可是有的人心里过不去这道坎，我能过去，我就做服务业。你过不去，你就不适合做服务业。我是提醒以为某些专业高大上的人，他的本质，尤其是从业初期阶段要了解后在选择。非要恶意解读的，看了我的言论伤心了的，我向您们道歉。,2023-12-09 15:44,1
1285,【：没觉得这有什么所谓的不好，向看了言论伤心的道歉】近日，“张雪峰称文科都是服务业”一话题引发网友热议。网红考研名师张雪峰称：所有文科都叫服务业，总结起来就是“舔”。12月9日，发文回应称： 我是不是又说错话了，对不起，对不起，我给大家笑一个！ 【：没觉得这有什么所谓的不好，向看了言论伤心的道歉】近日，“张雪峰称文科都是服务业”一话题引发网友热议。网红考研名师张雪峰称：所有文科都叫服务业，总结起来就是“舔”。12月9日，发文回应称： 我是不是又说错话了，对不起，对不起，我给大家笑一个！我在干嘛，我也在舔。可是我没觉得这有什么所谓的不好啊！！！此后，他又在评论区表示， 做服务业没有不好，可是有的人心里过不去这道坎，我能过去，我就做服务业。你过不去，你就不适合做服务业。我是提醒以为某些专业高大上的人，他的本质，尤其是从业初期阶段要了解后在选择。非要恶意解读的，看了我的言论伤心了的，我向您们道歉。,2023-12-09 15:44,1
1286,【：没觉得这有什么所谓的不好，向看了言论伤心的道歉】近日，“张雪峰称文科都是服务业”一话题引发网友热议。网红考研名师张雪峰称：所有文科都叫服务业，总结起来就是“舔”。12月9日，发文回应称： 我是不是又说错话了，对不起，对不起，我给大家笑一个！ 【：没觉得这有什么所谓的不好，向看了言论伤心的道歉】近日，“张雪峰称文科都是服务业”一话题引发网友热议。网红考研名师张雪峰称：所有文科都叫服务业，总结起来就是“舔”。12月9日，发文回应称： 我是不是又说错话了，对不起，对不起，我给大家笑一个！我在干嘛，我也在舔。可是我没觉得这有什么所谓的不好啊！！！此后，他又在评论区表示， 做服务业没有不好，可是有的人心里过不去这道坎，我能过去，我就做服务业。你过不去，你就不适合做服务业。我是提醒以为某些专业高大上的人，他的本质，尤其是从业初期阶段要了解后在选择。非要恶意解读的，看了我的言论伤心了的，我向您们道歉。,2023-12-09 15:44,1
1287,【：没觉得这有什么所谓的不好，向看了言论伤心的道歉】近日，“张雪峰称文科都是服务业”一话题引发网友热议。网红考研名师张雪峰称：所有文科都叫服务业，总结起来就是“舔”。12月9日，发文回应称： 我是不是又说错话了，对不起，对不起，我给大家笑一个！ 【：没觉得这有什么所谓的不好，向看了言论伤心的道歉】近日，“张雪峰称文科都是服务业”一话题引发网友热议。网红考研名师张雪峰称：所有文科都叫服务业，总结起来就是“舔”。12月9日，发文回应称： 我是不是又说错话了，对不起，对不起，我给大家笑一个！我在干嘛，我也在舔。可是我没觉得这有什么所谓的不好啊！！！此后，他又在评论区表示， 做服务业没有不好，可是有的人心里过不去这道坎，我能过去，我就做服务业。你过不去，你就不适合做服务业。我是提醒以为某些专业高大上的人，他的本质，尤其是从业初期阶段要了解后在选择。非要恶意解读的，看了我的言论伤心了的，我向您们道歉。,2023-12-09 15:44,1
1288,【：没觉得这有什么所谓的不好，向看了言论伤心的道歉】近日，“张雪峰称文科都是服务业”一话题引发网友热议。网红考研名师张雪峰称：所有文科都叫服务业，总结起来就是“舔”。12月9日，发文回应称： 我是不是又说错话了，对不起，对不起，我给大家笑一个！ 【：没觉得这有什么所谓的不好，向看了言论伤心的道歉】近日，“张雪峰称文科都是服务业”一话题引发网友热议。网红考研名师张雪峰称：所有文科都叫服务业，总结起来就是“舔”。12月9日，发文回应称： 我是不是又说错话了，对不起，对不起，我给大家笑一个！我在干嘛，我也在舔。可是我没觉得这有什么所谓的不好啊！！！此后，他又在评论区表示， 做服务业没有不好，可是有的人心里过不去这道坎，我能过去，我就做服务业。你过不去，你就不适合做服务业。我是提醒以为某些专业高大上的人，他的本质，尤其是从业初期阶段要了解后在选择。非要恶意解读的，看了我的言论伤心了的，我向您们道歉。,2023-12-09 15:44,1
1289,【：没觉得这有什么所谓的不好，向看了言论伤心的道歉】近日，“张雪峰称文科都是服务业”一话题引发网友热议。网红考研名师张雪峰称：所有文科都叫服务业，总结起来就是“舔”。12月9日，发文回应称： 我是不是又说错话了，对不起，对不起，我给大家笑一个！ 【：没觉得这有什么所谓的不好，向看了言论伤心的道歉】近日，“张雪峰称文科都是服务业”一话题引发网友热议。网红考研名师张雪峰称：所有文科都叫服务业，总结起来就是“舔”。12月9日，发文回应称： 我是不是又说错话了，对不起，对不起，我给大家笑一个！我在干嘛，我也在舔。可是我没觉得这有什么所谓的不好啊！！！此后，他又在评论区表示， 做服务业没有不好，可是有的人心里过不去这道坎，我能过去，我就做服务业。你过不去，你就不适合做服务业。我是提醒以为某些专业高大上的人，他的本质，尤其是从业初期阶段要了解后在选择。非要恶意解读的，看了我的言论伤心了的，我向您们道歉。,2023-12-09 15:44,1
1291,【：没觉得这有什么所谓的不好，向看了言论伤心的道歉】近日，“张雪峰称文科都是服务业”一话题引发网友热议。网红考研名师张雪峰称：所有文科都叫服务业，总结起来就是“舔”。12月9日，发文回应称： 我是不是又说错话了，对不起，对不起，我给大家笑一个！ 【：没觉得这有什么所谓的不好，向看了言论伤心的道歉】近日，“张雪峰称文科都是服务业”一话题引发网友热议。网红考研名师张雪峰称：所有文科都叫服务业，总结起来就是“舔”。12月9日，发文回应称： 我是不是又说错话了，对不起，对不起，我给大家笑一个！我在干嘛，我也在舔。可是我没觉得这有什么所谓的不好啊！！！此后，他又在评论区表示， 做服务业没有不好，可是有的人心里过不去这道坎，我能过去，我就做服务业。你过不去，你就不适合做服务业。我是提醒以为某些专业高大上的人，他的本质，尤其是从业初期阶段要了解后在选择。非要恶意解读的，看了我的言论伤心了的，我向您们道歉。,2023-12-09 15:44,1
1292,【：没觉得这有什么所谓的不好，向看了言论伤心的道歉】近日，“张雪峰称文科都是服务业”一话题引发网友热议。网红考研名师张雪峰称：所有文科都叫服务业，总结起来就是“舔”。12月9日，发文回应称： 我是不是又说错话了，对不起，对不起，我给大家笑一个！ 【：没觉得这有什么所谓的不好，向看了言论伤心的道歉】近日，“张雪峰称文科都是服务业”一话题引发网友热议。网红考研名师张雪峰称：所有文科都叫服务业，总结起来就是“舔”。12月9日，发文回应称： 我是不是又说错话了，对不起，对不起，我给大家笑一个！我在干嘛，我也在舔。可是我没觉得这有什么所谓的不好啊！！！此后，他又在评论区表示， 做服务业没有不好，可是有的人心里过不去这道坎，我能过去，我就做服务业。你过不去，你就不适合做服务业。我是提醒以为某些专业高大上的人，他的本质，尤其是从业初期阶段要了解后在选择。非要恶意解读的，看了我的言论伤心了的，我向您们道歉。,2023-12-09 15:44,1
1293,【：没觉得这有什么所谓的不好，向看了言论伤心的道歉】近日，“张雪峰称文科都是服务业”一话题引发网友热议。网红考研名师张雪峰称：所有文科都叫服务业，总结起来就是“舔”。12月9日，发文回应称： 我是不是又说错话了，对不起，对不起，我给大家笑一个！ 【：没觉得这有什么所谓的不好，向看了言论伤心的道歉】近日，“张雪峰称文科都是服务业”一话题引发网友热议。网红考研名师张雪峰称：所有文科都叫服务业，总结起来就是“舔”。12月9日，发文回应称： 我是不是又说错话了，对不起，对不起，我给大家笑一个！我在干嘛，我也在舔。可是我没觉得这有什么所谓的不好啊！！！此后，他又在评论区表示， 做服务业没有不好，可是有的人心里过不去这道坎，我能过去，我就做服务业。你过不去，你就不适合做服务业。我是提醒以为某些专业高大上的人，他的本质，尤其是从业初期阶段要了解后在选择。非要恶意解读的，看了我的言论伤心了的，我向您们道歉。,2023-12-09 15:44,1
1294,【：没觉得这有什么所谓的不好，向看了言论伤心的道歉】近日，“张雪峰称文科都是服务业”一话题引发网友热议。网红考研名师张雪峰称：所有文科都叫服务业，总结起来就是“舔”。12月9日，发文回应称： 我是不是又说错话了，对不起，对不起，我给大家笑一个！ 【：没觉得这有什么所谓的不好，向看了言论伤心的道歉】近日，“张雪峰称文科都是服务业”一话题引发网友热议。网红考研名师张雪峰称：所有文科都叫服务业，总结起来就是“舔”。12月9日，发文回应称： 我是不是又说错话了，对不起，对不起，我给大家笑一个！我在干嘛，我也在舔。可是我没觉得这有什么所谓的不好啊！！！此后，他又在评论区表示， 做服务业没有不好，可是有的人心里过不去这道坎，我能过去，我就做服务业。你过不去，你就不适合做服务业。我是提醒以为某些专业高大上的人，他的本质，尤其是从业初期阶段要了解后在选择。非要恶意解读的，看了我的言论伤心了的，我向您们道歉。,2023-12-09 15:44,1
1295,【：没觉得这有什么所谓的不好，向看了言论伤心的道歉】近日，“张雪峰称文科都是服务业”一话题引发网友热议。网红考研名师张雪峰称：所有文科都叫服务业，总结起来就是“舔”。12月9日，发文回应称： 我是不是又说错话了，对不起，对不起，我给大家笑一个！ 【：没觉得这有什么所谓的不好，向看了言论伤心的道歉】近日，“张雪峰称文科都是服务业”一话题引发网友热议。网红考研名师张雪峰称：所有文科都叫服务业，总结起来就是“舔”。12月9日，发文回应称： 我是不是又说错话了，对不起，对不起，我给大家笑一个！我在干嘛，我也在舔。可是我没觉得这有什么所谓的不好啊！！！此后，他又在评论区表示， 做服务业没有不好，可是有的人心里过不去这道坎，我能过去，我就做服务业。你过不去，你就不适合做服务业。我是提醒以为某些专业高大上的人，他的本质，尤其是从业初期阶段要了解后在选择。非要恶意解读的，看了我的言论伤心了的，我向您们道歉。,2023-12-09 15:44,1
1296,【：没觉得这有什么所谓的不好，向看了言论伤心的道歉】近日，“张雪峰称文科都是服务业”一话题引发网友热议。网红考研名师张雪峰称：所有文科都叫服务业，总结起来就是“舔”。12月9日，发文回应称： 我是不是又说错话了，对不起，对不起，我给大家笑一个！ 【：没觉得这有什么所谓的不好，向看了言论伤心的道歉】近日，“张雪峰称文科都是服务业”一话题引发网友热议。网红考研名师张雪峰称：所有文科都叫服务业，总结起来就是“舔”。12月9日，发文回应称： 我是不是又说错话了，对不起，对不起，我给大家笑一个！我在干嘛，我也在舔。可是我没觉得这有什么所谓的不好啊！！！此后，他又在评论区表示， 做服务业没有不好，可是有的人心里过不去这道坎，我能过去，我就做服务业。你过不去，你就不适合做服务业。我是提醒以为某些专业高大上的人，他的本质，尤其是从业初期阶段要了解后在选择。非要恶意解读的，看了我的言论伤心了的，我向您们道歉。,2023-12-09 15:44,1
1297,【：没觉得这有什么所谓的不好，向看了言论伤心的道歉】近日，“张雪峰称文科都是服务业”一话题引发网友热议。网红考研名师张雪峰称：所有文科都叫服务业，总结起来就是“舔”。12月9日，发文回应称： 我是不是又说错话了，对不起，对不起，我给大家笑一个！ 【：没觉得这有什么所谓的不好，向看了言论伤心的道歉】近日，“张雪峰称文科都是服务业”一话题引发网友热议。网红考研名师张雪峰称：所有文科都叫服务业，总结起来就是“舔”。12月9日，发文回应称： 我是不是又说错话了，对不起，对不起，我给大家笑一个！我在干嘛，我也在舔。可是我没觉得这有什么所谓的不好啊！！！此后，他又在评论区表示， 做服务业没有不好，可是有的人心里过不去这道坎，我能过去，我就做服务业。你过不去，你就不适合做服务业。我是提醒以为某些专业高大上的人，他的本质，尤其是从业初期阶段要了解后在选择。非要恶意解读的，看了我的言论伤心了的，我向您们道歉。,2023-12-09 15:44,1
1299,【：没觉得这有什么所谓的不好，向看了言论伤心的道歉】近日，“张雪峰称文科都是服务业”一话题引发网友热议。网红考研名师张雪峰称：所有文科都叫服务业，总结起来就是“舔”。12月9日，发文回应称： 我是不是又说错话了，对不起，对不起，我给大家笑一个！ 【：没觉得这有什么所谓的不好，向看了言论伤心的道歉】近日，“张雪峰称文科都是服务业”一话题引发网友热议。网红考研名师张雪峰称：所有文科都叫服务业，总结起来就是“舔”。12月9日，发文回应称： 我是不是又说错话了，对不起，对不起，我给大家笑一个！我在干嘛，我也在舔。可是我没觉得这有什么所谓的不好啊！！！此后，他又在评论区表示， 做服务业没有不好，可是有的人心里过不去这道坎，我能过去，我就做服务业。你过不去，你就不适合做服务业。我是提醒以为某些专业高大上的人，他的本质，尤其是从业初期阶段要了解后在选择。非要恶意解读的，看了我的言论伤心了的，我向您们道歉。,2023-12-09 15:44,1
1300,【：没觉得这有什么所谓的不好，向看了言论伤心的道歉】近日，“张雪峰称文科都是服务业”一话题引发网友热议。网红考研名师张雪峰称：所有文科都叫服务业，总结起来就是“舔”。12月9日，发文回应称： 我是不是又说错话了，对不起，对不起，我给大家笑一个！ 【：没觉得这有什么所谓的不好，向看了言论伤心的道歉】近日，“张雪峰称文科都是服务业”一话题引发网友热议。网红考研名师张雪峰称：所有文科都叫服务业，总结起来就是“舔”。12月9日，发文回应称： 我是不是又说错话了，对不起，对不起，我给大家笑一个！我在干嘛，我也在舔。可是我没觉得这有什么所谓的不好啊！！！此后，他又在评论区表示， 做服务业没有不好，可是有的人心里过不去这道坎，我能过去，我就做服务业。你过不去，你就不适合做服务业。我是提醒以为某些专业高大上的人，他的本质，尤其是从业初期阶段要了解后在选择。非要恶意解读的，看了我的言论伤心了的，我向您们道歉。,2023-12-09 15:44,1
1301,【：没觉得这有什么所谓的不好，向看了言论伤心的道歉】近日，“张雪峰称文科都是服务业”一话题引发网友热议。网红考研名师张雪峰称：所有文科都叫服务业，总结起来就是“舔”。12月9日，发文回应称： 我是不是又说错话了，对不起，对不起，我给大家笑一个！ 【：没觉得这有什么所谓的不好，向看了言论伤心的道歉】近日，“张雪峰称文科都是服务业”一话题引发网友热议。网红考研名师张雪峰称：所有文科都叫服务业，总结起来就是“舔”。12月9日，发文回应称： 我是不是又说错话了，对不起，对不起，我给大家笑一个！我在干嘛，我也在舔。可是我没觉得这有什么所谓的不好啊！！！此后，他又在评论区表示， 做服务业没有不好，可是有的人心里过不去这道坎，我能过去，我就做服务业。你过不去，你就不适合做服务业。我是提醒以为某些专业高大上的人，他的本质，尤其是从业初期阶段要了解后在选择。非要恶意解读的，看了我的言论伤心了的，我向您们道歉。,2023-12-09 15:44,1
1302,【：没觉得这有什么所谓的不好，向看了言论伤心的道歉】近日，“张雪峰称文科都是服务业”一话题引发网友热议。网红考研名师张雪峰称：所有文科都叫服务业，总结起来就是“舔”。12月9日，发文回应称： 我是不是又说错话了，对不起，对不起，我给大家笑一个！ 【：没觉得这有什么所谓的不好，向看了言论伤心的道歉】近日，“张雪峰称文科都是服务业”一话题引发网友热议。网红考研名师张雪峰称：所有文科都叫服务业，总结起来就是“舔”。12月9日，发文回应称： 我是不是又说错话了，对不起，对不起，我给大家笑一个！我在干嘛，我也在舔。可是我没觉得这有什么所谓的不好啊！！！此后，他又在评论区表示， 做服务业没有不好，可是有的人心里过不去这道坎，我能过去，我就做服务业。你过不去，你就不适合做服务业。我是提醒以为某些专业高大上的人，他的本质，尤其是从业初期阶段要了解后在选择。非要恶意解读的，看了我的言论伤心了的，我向您们道歉。,2023-12-09 15:44,1
1303,【：没觉得这有什么所谓的不好，向看了言论伤心的道歉】近日，“张雪峰称文科都是服务业”一话题引发网友热议。网红考研名师张雪峰称：所有文科都叫服务业，总结起来就是“舔”。12月9日，发文回应称： 我是不是又说错话了，对不起，对不起，我给大家笑一个！ 【：没觉得这有什么所谓的不好，向看了言论伤心的道歉】近日，“张雪峰称文科都是服务业”一话题引发网友热议。网红考研名师张雪峰称：所有文科都叫服务业，总结起来就是“舔”。12月9日，发文回应称： 我是不是又说错话了，对不起，对不起，我给大家笑一个！我在干嘛，我也在舔。可是我没觉得这有什么所谓的不好啊！！！此后，他又在评论区表示， 做服务业没有不好，可是有的人心里过不去这道坎，我能过去，我就做服务业。你过不去，你就不适合做服务业。我是提醒以为某些专业高大上的人，他的本质，尤其是从业初期阶段要了解后在选择。非要恶意解读的，看了我的言论伤心了的，我向您们道歉。,2023-12-09 15:44,1
1304,【：没觉得这有什么所谓的不好，向看了言论伤心的道歉】近日，“张雪峰称文科都是服务业”一话题引发网友热议。网红考研名师张雪峰称：所有文科都叫服务业，总结起来就是“舔”。12月9日，发文回应称： 我是不是又说错话了，对不起，对不起，我给大家笑一个！ 【：没觉得这有什么所谓的不好，向看了言论伤心的道歉】近日，“张雪峰称文科都是服务业”一话题引发网友热议。网红考研名师张雪峰称：所有文科都叫服务业，总结起来就是“舔”。12月9日，发文回应称： 我是不是又说错话了，对不起，对不起，我给大家笑一个！我在干嘛，我也在舔。可是我没觉得这有什么所谓的不好啊！！！此后，他又在评论区表示， 做服务业没有不好，可是有的人心里过不去这道坎，我能过去，我就做服务业。你过不去，你就不适合做服务业。我是提醒以为某些专业高大上的人，他的本质，尤其是从业初期阶段要了解后在选择。非要恶意解读的，看了我的言论伤心了的，我向您们道歉。,2023-12-09 15:44,1
1305,【：没觉得这有什么所谓的不好，向看了言论伤心的道歉】近日，“张雪峰称文科都是服务业”一话题引发网友热议。网红考研名师张雪峰称：所有文科都叫服务业，总结起来就是“舔”。12月9日，发文回应称： 我是不是又说错话了，对不起，对不起，我给大家笑一个！ 【：没觉得这有什么所谓的不好，向看了言论伤心的道歉】近日，“张雪峰称文科都是服务业”一话题引发网友热议。网红考研名师张雪峰称：所有文科都叫服务业，总结起来就是“舔”。12月9日，发文回应称： 我是不是又说错话了，对不起，对不起，我给大家笑一个！我在干嘛，我也在舔。可是我没觉得这有什么所谓的不好啊！！！此后，他又在评论区表示， 做服务业没有不好，可是有的人心里过不去这道坎，我能过去，我就做服务业。你过不去，你就不适合做服务业。我是提醒以为某些专业高大上的人，他的本质，尤其是从业初期阶段要了解后在选择。非要恶意解读的，看了我的言论伤心了的，我向您们道歉。,2023-12-09 15:44,1
1306,【：没觉得这有什么所谓的不好，向看了言论伤心的道歉】近日，“张雪峰称文科都是服务业”一话题引发网友热议。网红考研名师张雪峰称：所有文科都叫服务业，总结起来就是“舔”。12月9日，发文回应称： 我是不是又说错话了，对不起，对不起，我给大家笑一个！ 【：没觉得这有什么所谓的不好，向看了言论伤心的道歉】近日，“张雪峰称文科都是服务业”一话题引发网友热议。网红考研名师张雪峰称：所有文科都叫服务业，总结起来就是“舔”。12月9日，发文回应称： 我是不是又说错话了，对不起，对不起，我给大家笑一个！我在干嘛，我也在舔。可是我没觉得这有什么所谓的不好啊！！！此后，他又在评论区表示， 做服务业没有不好，可是有的人心里过不去这道坎，我能过去，我就做服务业。你过不去，你就不适合做服务业。我是提醒以为某些专业高大上的人，他的本质，尤其是从业初期阶段要了解后在选择。非要恶意解读的，看了我的言论伤心了的，我向您们道歉。,2023-12-09 15:44,1
1307,【：没觉得这有什么所谓的不好，向看了言论伤心的道歉】近日，“张雪峰称文科都是服务业”一话题引发网友热议。网红考研名师张雪峰称：所有文科都叫服务业，总结起来就是“舔”。12月9日，发文回应称： 我是不是又说错话了，对不起，对不起，我给大家笑一个！ 【：没觉得这有什么所谓的不好，向看了言论伤心的道歉】近日，“张雪峰称文科都是服务业”一话题引发网友热议。网红考研名师张雪峰称：所有文科都叫服务业，总结起来就是“舔”。12月9日，发文回应称： 我是不是又说错话了，对不起，对不起，我给大家笑一个！我在干嘛，我也在舔。可是我没觉得这有什么所谓的不好啊！！！此后，他又在评论区表示， 做服务业没有不好，可是有的人心里过不去这道坎，我能过去，我就做服务业。你过不去，你就不适合做服务业。我是提醒以为某些专业高大上的人，他的本质，尤其是从业初期阶段要了解后在选择。非要恶意解读的，看了我的言论伤心了的，我向您们道歉。,2023-12-09 15:44,1
1308,【：没觉得这有什么所谓的不好，向看了言论伤心的道歉】近日，“张雪峰称文科都是服务业”一话题引发网友热议。网红考研名师张雪峰称：所有文科都叫服务业，总结起来就是“舔”。12月9日，发文回应称： 我是不是又说错话了，对不起，对不起，我给大家笑一个！ 【：没觉得这有什么所谓的不好，向看了言论伤心的道歉】近日，“张雪峰称文科都是服务业”一话题引发网友热议。网红考研名师张雪峰称：所有文科都叫服务业，总结起来就是“舔”。12月9日，发文回应称： 我是不是又说错话了，对不起，对不起，我给大家笑一个！我在干嘛，我也在舔。可是我没觉得这有什么所谓的不好啊！！！此后，他又在评论区表示， 做服务业没有不好，可是有的人心里过不去这道坎，我能过去，我就做服务业。你过不去，你就不适合做服务业。我是提醒以为某些专业高大上的人，他的本质，尤其是从业初期阶段要了解后在选择。非要恶意解读的，看了我的言论伤心了的，我向您们道歉。,2023-12-09 15:44,1
1309,【：没觉得这有什么所谓的不好，向看了言论伤心的道歉】近日，“张雪峰称文科都是服务业”一话题引发网友热议。网红考研名师张雪峰称：所有文科都叫服务业，总结起来就是“舔”。12月9日，发文回应称： 我是不是又说错话了，对不起，对不起，我给大家笑一个！ 【：没觉得这有什么所谓的不好，向看了言论伤心的道歉】近日，“张雪峰称文科都是服务业”一话题引发网友热议。网红考研名师张雪峰称：所有文科都叫服务业，总结起来就是“舔”。12月9日，发文回应称： 我是不是又说错话了，对不起，对不起，我给大家笑一个！我在干嘛，我也在舔。可是我没觉得这有什么所谓的不好啊！！！此后，他又在评论区表示， 做服务业没有不好，可是有的人心里过不去这道坎，我能过去，我就做服务业。你过不去，你就不适合做服务业。我是提醒以为某些专业高大上的人，他的本质，尤其是从业初期阶段要了解后在选择。非要恶意解读的，看了我的言论伤心了的，我向您们道歉。,2023-12-09 15:44,1
1310,【：没觉得这有什么所谓的不好，向看了言论伤心的道歉】近日，“张雪峰称文科都是服务业”一话题引发网友热议。网红考研名师张雪峰称：所有文科都叫服务业，总结起来就是“舔”。12月9日，发文回应称： 我是不是又说错话了，对不起，对不起，我给大家笑一个！ 【：没觉得这有什么所谓的不好，向看了言论伤心的道歉】近日，“张雪峰称文科都是服务业”一话题引发网友热议。网红考研名师张雪峰称：所有文科都叫服务业，总结起来就是“舔”。12月9日，发文回应称： 我是不是又说错话了，对不起，对不起，我给大家笑一个！我在干嘛，我也在舔。可是我没觉得这有什么所谓的不好啊！！！此后，他又在评论区表示， 做服务业没有不好，可是有的人心里过不去这道坎，我能过去，我就做服务业。你过不去，你就不适合做服务业。我是提醒以为某些专业高大上的人，他的本质，尤其是从业初期阶段要了解后在选择。非要恶意解读的，看了我的言论伤心了的，我向您们道歉。,2023-12-09 15:44,1
1311,【：没觉得这有什么所谓的不好，向看了言论伤心的道歉】近日，“张雪峰称文科都是服务业”一话题引发网友热议。网红考研名师张雪峰称：所有文科都叫服务业，总结起来就是“舔”。12月9日，发文回应称： 我是不是又说错话了，对不起，对不起，我给大家笑一个！ 【：没觉得这有什么所谓的不好，向看了言论伤心的道歉】近日，“张雪峰称文科都是服务业”一话题引发网友热议。网红考研名师张雪峰称：所有文科都叫服务业，总结起来就是“舔”。12月9日，发文回应称： 我是不是又说错话了，对不起，对不起，我给大家笑一个！我在干嘛，我也在舔。可是我没觉得这有什么所谓的不好啊！！！此后，他又在评论区表示， 做服务业没有不好，可是有的人心里过不去这道坎，我能过去，我就做服务业。你过不去，你就不适合做服务业。我是提醒以为某些专业高大上的人，他的本质，尤其是从业初期阶段要了解后在选择。非要恶意解读的，看了我的言论伤心了的，我向您们道歉。,2023-12-09 15:44,1
1316,网红考研名师张雪峰称：所有文科都叫服务业，总结起来就是“舔”。那理科是什么呢？总结起来又是什么呢？ ,2023-12-09 15:44,1
1321,【：没觉得这有什么所谓的不好，向看了言论伤心的道歉】近日，“张雪峰称文科都是服务业”一话题引发网友热议。网红考研名师张雪峰称：所有文科都叫服务业，总结起来就是“舔”。12月9日，发文回应称： 我是不是又说错话了，对不起，对不起，我给大家笑一个！ 【：没觉得这有什么所谓的不好，向看了言论伤心的道歉】近日，“张雪峰称文科都是服务业”一话题引发网友热议。网红考研名师张雪峰称：所有文科都叫服务业，总结起来就是“舔”。12月9日，发文回应称： 我是不是又说错话了，对不起，对不起，我给大家笑一个！我在干嘛，我也在舔。可是我没觉得这有什么所谓的不好啊！！！此后，他又在评论区表示， 做服务业没有不好，可是有的人心里过不去这道坎，我能过去，我就做服务业。你过不去，你就不适合做服务业。我是提醒以为某些专业高大上的人，他的本质，尤其是从业初期阶段要了解后在选择。非要恶意解读的，看了我的言论伤心了的，我向您们道歉。,2023-12-09 15:43,1
1329,【】此前，考研名师张雪峰在直播中称，所有文科都叫服务业，引发网友讨论，随后张雪峰发文回应：我是不是又说错话了，对不起。你赞同文科都是服务业的说法吗？,2023-12-09 15:43,1
1335,【：没觉得这有什么所谓的不好，向看了言论伤心的道歉】近日，“张雪峰称文科都是服务业”一话题引发网友热议。网红考研名师张雪峰称：所有文科都叫服务业，总结起来就是“舔”。12月9日，发文回应称： 我是不是又说错话了，对不起，对不起，我给大家笑一个！ 【：没觉得这有什么所谓的不好，向看了言论伤心的道歉】近日，“张雪峰称文科都是服务业”一话题引发网友热议。网红考研名师张雪峰称：所有文科都叫服务业，总结起来就是“舔”。12月9日，发文回应称： 我是不是又说错话了，对不起，对不起，我给大家笑一个！我在干嘛，我也在舔。可是我没觉得这有什么所谓的不好啊！！！此后，他又在评论区表示， 做服务业没有不好，可是有的人心里过不去这道坎，我能过去，我就做服务业。你过不去，你就不适合做服务业。我是提醒以为某些专业高大上的人，他的本质，尤其是从业初期阶段要了解后在选择。非要恶意解读的，看了我的言论伤心了的，我向你们道歉。,2023-12-09 15:43,1
1336,没觉得这有什么所谓的不好，向看了言论伤心的道歉】近日，“张雪峰称文科都是服务业”一话题引发网友热议。网红考研名师张雪峰称：所有文科都叫服务业，总结起来就是“舔”。 ,2023-12-09 15:42,1
1350,【】文科都是服务业？“所有的文科专业都叫服务业，总结一个字就是舔。”继今年夏天炮轰新闻学专业之后，张雪峰关于文科的一段言论再度引发争议。面对舆论的质疑，今日午间，张雪峰微博发文致歉。他在评论区表示 【】文科都是服务业？“所有的文科专业都叫服务业，总结一个字就是舔。”继今年夏天炮轰新闻学专业之后，张雪峰关于文科的一段言论再度引发争议。面对舆论的质疑，今日午间，张雪峰微博发文致歉。他在评论区表示， 做服务业没有不好，可是有的人心里过不去这道坎，我能过去，我就做服务业。你过不去，你就不适合做服务业。我是提醒以为某些专业高大上的人，他的本质，尤其是从业初期阶段要了解后在选择。对此多位专家学者对蓝鲸记者表示，不认同张雪峰的说法，其言论过于偏激、极端、片面。就业率方面，根据智联招聘《2022大学生就业力调研报告》，2022 年人文学科毕业生的就业签约率仅12.4%，而理科、工科的就业签约率分别为29.5%和17.3%。从数据来看，文科生就业签约率不到理科生的一半，工资水平也比理科生低1000元到2000元。专业性不强，容易被替代是外界对于文科的普遍看法，即便是在不少文科生自己看来，专业弱势是就业最大的硬伤。（蓝鲸 陆鹏鹏）,2023-12-09 15:42,1
1352,【】文科都是服务业？“所有的文科专业都叫服务业，总结一个字就是舔。”继今年夏天炮轰新闻学专业之后，张雪峰关于文科的一段言论再度引发争议。面对舆论的质疑，今日午间，张雪峰微博发文致歉。他在评论区表示 【】文科都是服务业？“所有的文科专业都叫服务业，总结一个字就是舔。”继今年夏天炮轰新闻学专业之后，张雪峰关于文科的一段言论再度引发争议。面对舆论的质疑，今日午间，张雪峰微博发文致歉。他在评论区表示， 做服务业没有不好，可是有的人心里过不去这道坎，我能过去，我就做服务业。你过不去，你就不适合做服务业。我是提醒以为某些专业高大上的人，他的本质，尤其是从业初期阶段要了解后在选择。对此多位专家学者对蓝鲸记者表示，不认同张雪峰的说法，其言论过于偏激、极端、片面。就业率方面，根据智联招聘《2022大学生就业力调研报告》，2022 年人文学科毕业生的就业签约率仅12.4%，而理科、工科的就业签约率分别为29.5%和17.3%。从数据来看，文科生就业签约率不到理科生的一半，工资水平也比理科生低1000元到2000元。专业性不强，容易被替代是外界对于文科的普遍看法，即便是在不少文科生自己看来，专业弱势是就业最大的硬伤。（蓝鲸 陆鹏鹏）,2023-12-09 15:42,1
1362,【：没觉得这有什么所谓的不好，向看了言论伤心的道歉】近日，“张雪峰称文科都是服务业”一话题引发网友热议。网红考研名师张雪峰称：所有文科都叫服务业，总结起来就是“舔”。12月9日，发文回应称： 我是不是又说错话了，对不起，对不起，我给大家笑一个！ 【：没觉得这有什么所谓的不好，向看了言论伤心的道歉】近日，“张雪峰称文科都是服务业”一话题引发网友热议。网红考研名师张雪峰称：所有文科都叫服务业，总结起来就是“舔”。12月9日，发文回应称： 我是不是又说错话了，对不起，对不起，我给大家笑一个！我在干嘛，我也在舔。可是我没觉得这有什么所谓的不好啊！！！此后，他又在评论区表示， 做服务业没有不好，可是有的人心里过不去这道坎，我能过去，我就做服务业。你过不去，你就不适合做服务业。我是提醒以为某些专业高大上的人，他的本质，尤其是从业初期阶段要了解后在选择。非要恶意解读的，看了我的言论伤心了的，我向您们道歉。,2023-12-09 15:40,1
1369,【】文科都是服务业？“所有的文科专业都叫服务业，总结一个字就是舔。”继今年夏天炮轰新闻学专业之后，张雪峰关于文科的一段言论再度引发争议。面对舆论的质疑，今日午间，张雪峰微博发文致歉。他在评论区表示 【】文科都是服务业？“所有的文科专业都叫服务业，总结一个字就是舔。”继今年夏天炮轰新闻学专业之后，张雪峰关于文科的一段言论再度引发争议。面对舆论的质疑，今日午间，张雪峰微博发文致歉。他在评论区表示， 做服务业没有不好，可是有的人心里过不去这道坎，我能过去，我就做服务业。你过不去，你就不适合做服务业。我是提醒以为某些专业高大上的人，他的本质，尤其是从业初期阶段要了解后在选择。对此多位专家学者对蓝鲸记者表示，不认同张雪峰的说法，其言论过于偏激、极端、片面。就业率方面，根据智联招聘《2022大学生就业力调研报告》，2022 年人文学科毕业生的就业签约率仅12.4%，而理科、工科的就业签约率分别为29.5%和17.3%。从数据来看，文科生就业签约率不到理科生的一半，工资水平也比理科生低1000元到2000元。专业性不强，容易被替代是外界对于文科的普遍看法，即便是在不少文科生自己看来，专业弱势是就业最大的硬伤。（蓝鲸 陆鹏鹏）,2023-12-09 15:40,1
1405,【：没觉得这有什么所谓的不好，向看了言论伤心的道歉】近日，“张雪峰称文科都是服务业”一话题引发网友热议。网红考研名师张雪峰称：所有文科都叫服务业，总结起来就是“舔”。12月9日，发文回应称： 我是不是又说错话了，对不起，对不起，我给大家笑一个！ 【：没觉得这有什么所谓的不好，向看了言论伤心的道歉】近日，“张雪峰称文科都是服务业”一话题引发网友热议。网红考研名师张雪峰称：所有文科都叫服务业，总结起来就是“舔”。12月9日，发文回应称： 我是不是又说错话了，对不起，对不起，我给大家笑一个！我在干嘛，我也在舔。可是我没觉得这有什么所谓的不好啊！！！此后，他又在评论区表示， 做服务业没有不好，可是有的人心里过不去这道坎，我能过去，我就做服务业。你过不去，你就不适合做服务业。我是提醒以为某些专业高大上的人，他的本质，尤其是从业初期阶段要了解后在选择。非要恶意解读的，看了我的言论伤心了的，我向您们道歉。,2023-12-09 15:37,1
1407,【：没觉得这有什么所谓的不好，向看了言论伤心的道歉】近日，“张雪峰称文科都是服务业”一话题引发网友热议。网红考研名师张雪峰称：所有文科都叫服务业，总结起来就是“舔”。12月9日，发文回应称： 我是不是又说错话了，对不起，对不起，我给大家笑一个！ 【：没觉得这有什么所谓的不好，向看了言论伤心的道歉】近日，“张雪峰称文科都是服务业”一话题引发网友热议。网红考研名师张雪峰称：所有文科都叫服务业，总结起来就是“舔”。12月9日，发文回应称： 我是不是又说错话了，对不起，对不起，我给大家笑一个！我在干嘛，我也在舔。可是我没觉得这有什么所谓的不好啊！！！此后，他又在评论区表示， 做服务业没有不好，可是有的人心里过不去这道坎，我能过去，我就做服务业。你过不去，你就不适合做服务业。我是提醒以为某些专业高大上的人，他的本质，尤其是从业初期阶段要了解后在选择。非要恶意解读的，看了我的言论伤心了的，我向您们道歉。,2023-12-09 15:37,1
1430,【】近日，网红考研名师张雪峰称：所有文科都叫服务业，总结起来就是“舔”，引发热议。12月9日，回应称：“我是不是又说错话了，对不起，对不起，我给大家笑一个！我在干嘛，我也在舔。可是我没觉得这有什么所谓的不好啊！” 随后其在 【】近日，网红考研名师张雪峰称：所有文科都叫服务业，总结起来就是“舔”，引发热议。12月9日，回应称：“我是不是又说错话了，对不起，对不起，我给大家笑一个！我在干嘛，我也在舔。可是我没觉得这有什么所谓的不好啊！” 随后其在评论区表示，做服务业没有不好，可是有的人心里过不去这道坎，我能过去，我就做服务业，你过不去，你就不适合做服务业。我是提醒以为某些专业高大上的人，他的本质，尤其是从业初期阶段要了解后在选择。非要恶意解读的。看了我的言论伤心了的，我向您们道歉。,2023-12-09 15:35,1
1441,【：没觉得这有什么所谓的不好，向看了言论伤心的道歉】近日，“张雪峰称文科都是服务业”一话题引发网友热议。网红考研名师张雪峰称：所有文科都叫服务业，总结起来就是“舔”。12月9日，发文回应称： 我是不是又说错话了，对不起，对不起，我给大家笑一个！ 【：没觉得这有什么所谓的不好，向看了言论伤心的道歉】近日，“张雪峰称文科都是服务业”一话题引发网友热议。网红考研名师张雪峰称：所有文科都叫服务业，总结起来就是“舔”。12月9日，发文回应称： 我是不是又说错话了，对不起，对不起，我给大家笑一个！我在干嘛，我也在舔。可是我没觉得这有什么所谓的不好啊！！！此后，他又在评论区表示， 做服务业没有不好，可是有的人心里过不去这道坎，我能过去，我就做服务业。你过不去，你就不适合做服务业。我是提醒以为某些专业高大上的人，他的本质，尤其是从业初期阶段要了解后在选择。非要恶意解读的，看了我的言论伤心了的，我向您们道歉。via:,2023-12-09 15:35,1
1443,【：没觉得这有什么所谓的不好，向看了言论伤心的道歉】近日，“张雪峰称文科都是服务业”一话题引发网友热议。网红考研名师张雪峰称：所有文科都叫服务业，总结起来就是“舔”。12月9日，发文回应称： 我是不是又说错话了，对不起，对不起，我给大家笑一个！ 【：没觉得这有什么所谓的不好，向看了言论伤心的道歉】近日，“张雪峰称文科都是服务业”一话题引发网友热议。网红考研名师张雪峰称：所有文科都叫服务业，总结起来就是“舔”。12月9日，发文回应称： 我是不是又说错话了，对不起，对不起，我给大家笑一个！我在干嘛，我也在舔。可是我没觉得这有什么所谓的不好啊！！！此后，他又在评论区表示， 做服务业没有不好，可是有的人心里过不去这道坎，我能过去，我就做服务业。你过不去，你就不适合做服务业。我是提醒以为某些专业高大上的人，他的本质，尤其是从业初期阶段要了解后在选择。非要恶意解读的，看了我的言论伤心了的，我向您们道歉。,2023-12-09 15:35,1
1446,【：没觉得这有什么所谓的不好，向看了言论伤心的道歉】近日，“张雪峰称文科都是服务业”一话题引发网友热议。网红考研名师张雪峰称：所有文科都叫服务业，总结起来就是“舔”。12月9日，发文回应称： 我是不是又说错话了，对不起，对不起，我给大家笑一个！ 【：没觉得这有什么所谓的不好，向看了言论伤心的道歉】近日，“张雪峰称文科都是服务业”一话题引发网友热议。网红考研名师张雪峰称：所有文科都叫服务业，总结起来就是“舔”。12月9日，发文回应称： 我是不是又说错话了，对不起，对不起，我给大家笑一个！我在干嘛，我也在舔。可是我没觉得这有什么所谓的不好啊！！！此后，他又在评论区表示， 做服务业没有不好，可是有的人心里过不去这道坎，我能过去，我就做服务业。你过不去，你就不适合做服务业。我是提醒以为某些专业高大上的人，他的本质，尤其是从业初期阶段要了解后在选择。非要恶意解读的，看了我的言论伤心了的，我向您们道歉。,2023-12-09 15:35,1
1447,【：没觉得这有什么所谓的不好，向看了言论伤心的道歉】近日，“张雪峰称文科都是服务业”一话题引发网友热议。网红考研名师张雪峰称：所有文科都叫服务业，总结起来就是“舔”。12月9日，发文回应称： 我是不是又说错话了，对不起，对不起，我给大家笑一个！ 【：没觉得这有什么所谓的不好，向看了言论伤心的道歉】近日，“张雪峰称文科都是服务业”一话题引发网友热议。网红考研名师张雪峰称：所有文科都叫服务业，总结起来就是“舔”。12月9日，发文回应称： 我是不是又说错话了，对不起，对不起，我给大家笑一个！我在干嘛，我也在舔。可是我没觉得这有什么所谓的不好啊！！！此后，他又在评论区表示， 做服务业没有不好，可是有的人心里过不去这道坎，我能过去，我就做服务业。你过不去，你就不适合做服务业。我是提醒以为某些专业高大上的人，他的本质，尤其是从业初期阶段要了解后在选择。非要恶意解读的，看了我的言论伤心了的，我向您们道歉。,2023-12-09 15:35,1
1490,【：没觉得这有什么所谓的不好，向看了言论伤心的道歉】近日，“张雪峰称文科都是服务业”一话题引发网友热议。网红考研名师张雪峰称：所有文科都叫服务业，总结起来就是“舔”。12月9日，发文回应称： 我是不是又说错话了，对不起，对不起，我给大家笑一个！ 【：没觉得这有什么所谓的不好，向看了言论伤心的道歉】近日，“张雪峰称文科都是服务业”一话题引发网友热议。网红考研名师张雪峰称：所有文科都叫服务业，总结起来就是“舔”。12月9日，发文回应称： 我是不是又说错话了，对不起，对不起，我给大家笑一个！我在干嘛，我也在舔。可是我没觉得这有什么所谓的不好啊！！！此后，他又在评论区表示， 做服务业没有不好，可是有的人心里过不去这道坎，我能过去，我就做服务业。你过不去，你就不适合做服务业。我是提醒以为某些专业高大上的人，他的本质，尤其是从业初期阶段要了解后在选择。非要恶意解读的，看了我的言论伤心了的，我向您们道歉。（梨视频）,2023-12-09 15:31,1
1494,【：没觉得这有什么所谓的不好，向看了言论伤心的道歉】近日，“张雪峰称文科都是服务业”一话题引发网友热议。网红考研名师张雪峰称：所有文科都叫服务业，总结起来就是“舔”。12月9日，发文回应称： 我是不是又说错话了，对不起，对不起，我给大家笑一个！ 【：没觉得这有什么所谓的不好，向看了言论伤心的道歉】近日，“张雪峰称文科都是服务业”一话题引发网友热议。网红考研名师张雪峰称：所有文科都叫服务业，总结起来就是“舔”。12月9日，发文回应称： 我是不是又说错话了，对不起，对不起，我给大家笑一个！我在干嘛，我也在舔。可是我没觉得这有什么所谓的不好啊！！！此后，他又在评论区表示， 做服务业没有不好，可是有的人心里过不去这道坎，我能过去，我就做服务业。你过不去，你就不适合做服务业。我是提醒以为某些专业高大上的人，他的本质，尤其是从业初期阶段要了解后在选择。非要恶意解读的，看了我的言论伤心了的，我向您们道歉。,2023-12-09 15:31,1
1500,【：没觉得这有什么所谓的不好，向看了言论伤心的道歉】近日，“张雪峰称文科都是服务业”一话题引发网友热议。网红考研名师张雪峰称：所有文科都叫服务业，总结起来就是“舔”。12月9日，发文回应称： 我是不是又说错话了，对不起，对不起，我给大家笑一个！ 【：没觉得这有什么所谓的不好，向看了言论伤心的道歉】近日，“张雪峰称文科都是服务业”一话题引发网友热议。网红考研名师张雪峰称：所有文科都叫服务业，总结起来就是“舔”。12月9日，发文回应称： 我是不是又说错话了，对不起，对不起，我给大家笑一个！我在干嘛，我也在舔。可是我没觉得这有什么所谓的不好啊！！！此后，他又在评论区表示， 做服务业没有不好，可是有的人心里过不去这道坎，我能过去，我就做服务业。你过不去，你就不适合做服务业。我是提醒以为某些专业高大上的人，他的本质，尤其是从业初期阶段要了解后在选择。非要恶意解读的，看了我的言论伤心了的，我向您们道歉。,2023-12-09 15:31,1
1513,称文科都是服务业，总结起来就是“舔”，张雪峰发文回应争议：可是我没觉得这有什么所谓的不好啊,2023-12-09 15:30,1
1533,【：没觉得这有什么所谓的不好，向看了言论伤心的道歉】#,2023-12-09 16:59,1
1549,称文科都是服务业，总结起来就是“舔”，张雪峰发文回应争议：可是我没觉得这有什么所谓的不好啊！,2023-12-09 16:56,1
1565,称文科都是服务业，总结起来就是“舔”，张雪峰发文回应争议：可是我没觉得这有什么所谓的不好啊！,2023-12-09 16:55,1
1567,【小调查：如何看待张雪峰说文科都是服务业？】近日，“张雪峰称文科都是服务业”一话题引发网友热议。网红考研名师张雪峰称：所有文科都叫服务业，总结起来就是“舔”。不少网友表示说得对，服务业没什么不好；也有不少网友认为此言论不合适。12月9日，张雪峰回应争议并道 【小调查：如何看待张雪峰说文科都是服务业？】近日，“张雪峰称文科都是服务业”一话题引发网友热议。网红考研名师张雪峰称：所有文科都叫服务业，总结起来就是“舔”。不少网友表示说得对，服务业没什么不好；也有不少网友认为此言论不合适。12月9日，张雪峰回应争议并道歉：“我是不是又说错话了？对不起，对不起，我给大家笑一个。”你如何看待张雪峰说文科都是服务业？评论区聊聊吧~,2023-12-09 16:55,1
1606,【：没觉得这有什么所谓的不好，向看了言论伤心的道歉】近日，“张雪峰称文科都是服务业”一话题引发网友热议。网红考研名师张雪峰称：所有文科都叫服务业，总结起来就是“舔”。12月9日，发文回应称： 我是不是又说错话了，对不起，对不起，我给大 【：没觉得这有什么所谓的不好，向看了言论伤心的道歉】近日，“张雪峰称文科都是服务业”一话题引发网友热议。网红考研名师张雪峰称：所有文科都叫服务业，总结起来就是“舔”。12月9日，发文回应称： 我是不是又说错话了，对不起，对不起，我给大家笑一个！我在干嘛，我也在舔。可是我没觉得这有什么所谓的不好啊！！！此后，他又在评论区表示， 做服务业没有不好，可是有的人心里过不去这道坎，我能过去，我就做服务业。你过不去，你就不适合做服务业。我是提醒以为某些专业高大上的人，他的本质，尤其是从业初期阶段要了解后在选择。非要恶意解读的，看了我的言论伤心了的，我向您们道歉。,2023-12-09 16:49,1
1661,【】据澎湃新闻12月9日报道，近日，网红考研名师张雪峰称：所有文科都叫服务业，总结起来就是“舔”，引发热议。12月9日，回应称：“我是不是又说错话了，对不起，对不起，我给大家笑一个！我在干嘛，我也在舔。可是我没觉得这有什么所谓的不好啊！” 随后其在 【】据澎湃新闻12月9日报道，近日，网红考研名师张雪峰称：所有文科都叫服务业，总结起来就是“舔”，引发热议。12月9日，回应称：“我是不是又说错话了，对不起，对不起，我给大家笑一个！我在干嘛，我也在舔。可是我没觉得这有什么所谓的不好啊！” 随后其在评论区表示，做服务业没有不好，可是有的人心里过不去这道坎，我能过去，我就做服务业，你过不去，你就不适合做服务业。我是提醒以为某些专业高大上的人，他的本质，尤其是从业初期阶段要了解后在选择。非要恶意解读的。看了我的言论伤心了的，我向您们道歉。,2023-12-09 16:43,1
1675,【】文科都是服务业？“所有的文科专业都叫服务业，总结一个字就是舔。”继今年夏天炮轰新闻学专业之后，张雪峰关于文科的一段言论再度引发争议。面对舆论的质疑，今日午间，张雪峰微博发文致歉。他在评论区表示 【】文科都是服务业？“所有的文科专业都叫服务业，总结一个字就是舔。”继今年夏天炮轰新闻学专业之后，张雪峰关于文科的一段言论再度引发争议。面对舆论的质疑，今日午间，张雪峰微博发文致歉。他在评论区表示， 做服务业没有不好，可是有的人心里过不去这道坎，我能过去，我就做服务业。你过不去，你就不适合做服务业。我是提醒以为某些专业高大上的人，他的本质，尤其是从业初期阶段要了解后在选择。对此多位专家学者对蓝鲸记者表示，不认同张雪峰的说法，其言论过于偏激、极端、片面。就业率方面，根据智联招聘《2022大学生就业力调研报告》，2022 年人文学科毕业生的就业签约率仅12.4%，而理科、工科的就业签约率分别为29.5%和17.3%。从数据来看，文科生就业签约率不到理科生的一半，工资水平也比理科生低1000元到2000元。专业性不强，容易被替代是外界对于文科的普遍看法，即便是在不少文科生自己看来，专业弱势是就业最大的硬伤。（蓝鲸 陆鹏鹏）,2023-12-09 16:42,1
1680,【：没觉得这有什么所谓的不好，向看了言论伤心的道歉】12月9日，网红考研名师张雪峰发文回应“张雪峰称文科都是服务业”称： 我是不是又说错话了，对不起，对不起，我给大家笑一个！我在干嘛，我也在舔。可是我没觉得这有什么所谓的不好啊！！！他在评论区表示，做服务业没 【：没觉得这有什么所谓的不好，向看了言论伤心的道歉】12月9日，网红考研名师张雪峰发文回应“张雪峰称文科都是服务业”称： 我是不是又说错话了，对不起，对不起，我给大家笑一个！我在干嘛，我也在舔。可是我没觉得这有什么所谓的不好啊！！！他在评论区表示，做服务业没有不好，可是有的人心里过不去这道坎，我能过去，我就做服务业。你过不去，你就不适合做服务业。我是提醒以为某些专业高大上的人，他的本质，尤其是从业初期阶段要了解后在选择。非要恶意解读的，看了我的言论伤心了的，我向您们道歉。？,2023-12-09 16:41,1
1682,【网红名师言论引争议 “文科都叫服务业，一个字舔” 张雪峰致歉：我也在舔】近日，“张雪峰称文科都是服务业”一话题引发网友热议。网红考研名师张雪峰称：所有文科都叫服务业，总结起来就是“舔”。12月9日，发文回应称： 我是不是又说错话了，对不起，对不 【网红名师言论引争议 “文科都叫服务业，一个字舔” 张雪峰致歉：我也在舔】近日，“张雪峰称文科都是服务业”一话题引发网友热议。网红考研名师张雪峰称：所有文科都叫服务业，总结起来就是“舔”。12月9日，发文回应称： 我是不是又说错话了，对不起，对不起，我给大家笑一个！我在干嘛，我也在舔。可是我没觉得这有什么所谓的不好啊！！！此后，他又在评论区表示， 做服务业没有不好，可是有的人心里过不去这道坎，我能过去，我就做服务业。你过不去，你就不适合做服务业。我是提醒以为某些专业高大上的人，他的本质，尤其是从业初期阶段要了解后在选择。非要恶意解读的，看了我的言论伤心了的，我向您们道歉。（梨视频）,2023-12-09 16:41,1
1688,【投票：你是文科生还是理科生？】近日，“张雪峰称文科都是服务业”一话题引发网友热议。网红考研名师张雪峰称：所有文科都叫服务业，总结起来就是“舔”。12月9日，发文回应称： 我是不是又说错话了，对不起，我也在舔。可是我没觉得这有什么所谓的不好。此后 【投票：你是文科生还是理科生？】近日，“张雪峰称文科都是服务业”一话题引发网友热议。网红考研名师张雪峰称：所有文科都叫服务业，总结起来就是“舔”。12月9日，发文回应称： 我是不是又说错话了，对不起，我也在舔。可是我没觉得这有什么所谓的不好。此后，他又在评论区表示， 做服务业没有不好，可是有的人心里过不去这道坎，我能过去，我就做服务业。你过不去，你就不适合做服务业。,2023-12-09 16:40,1
1718,称文科都是服务业，总结起来就是“舔”，张雪峰发文回应争议：可是我没觉得这有什么所谓的不好啊！,2023-12-09 16:38,1
1748,【】文科都是服务业？“所有的文科专业都叫服务业，总结一个字就是舔。”继今年夏天炮轰新闻学专业之后，张雪峰关于文科的一段言论再度引发争议。面对舆论的质疑，今日午间，张雪峰 【】文科都是服务业？“所有的文科专业都叫服务业，总结一个字就是舔。”继今年夏天炮轰新闻学专业之后，张雪峰关于文科的一段言论再度引发争议。面对舆论的质疑，今日午间，张雪峰微博发文致歉。他在评论区表示， 做服务业没有不好，可是有的人心里过不去这道坎，我能过去，我就做服务业。你过不去，你就不适合做服务业。我是提醒以为某些专业高大上的人，他的本质，尤其是从业初期阶段要了解后在选择。对此多位专家学者对蓝鲸记者表示，不认同张雪峰的说法，其言论过于偏激、极端、片面。就业率方面，根据智联招聘《2022大学生就业力调研报告》，2022 年人文学科毕业生的就业签约率仅12.4%，而理科、工科的就业签约率分别为29.5%和17.3%。从数据来看，文科生就业签约率不到理科生的一半，工资水平也比理科生低1000元到2000元。专业性不强，容易被替代是外界对于文科的普遍看法，即便是在不少文科生自己看来，专业弱势是就业最大的硬伤。（蓝鲸 陆鹏鹏）,2023-12-09 16:35,1
1751,【：没觉得这有什么所谓的不好，向看了言论伤心的道歉】近日，“张雪峰称文科都是服务业”一话题引发网友热议。网红考研名师张雪峰称：所有文科都叫服务业，总结起来就是“舔”。12月9日，发文回应称： 我是不是又说错话了，对不起，对不起，我给大家笑一个！ 【：没觉得这有什么所谓的不好，向看了言论伤心的道歉】近日，“张雪峰称文科都是服务业”一话题引发网友热议。网红考研名师张雪峰称：所有文科都叫服务业，总结起来就是“舔”。12月9日，发文回应称： 我是不是又说错话了，对不起，对不起，我给大家笑一个！我在干嘛，我也在舔。可是我没觉得这有什么所谓的不好啊！！！此后，他又在评论区表示， 做服务业没有不好，可是有的人心里过不去这道坎，我能过去，我就做服务业。你过不去，你就不适合做服务业。我是提醒以为某些专业高大上的人，他的本质，尤其是从业初期阶段要了解后在选择。非要恶意解读的，看了我的言论伤心了的，我向您们道歉。,2023-12-09 16:35,1
1779,【张雪峰发话？】文科都是服务业？“所有的文科专业都叫服务业，总结一个字就是舔。”继今年夏天炮轰新闻学专业之后，张雪峰关于文科的一段言论再度引发争议。面对舆论的质疑，今日午间，张雪峰微博发文致歉。他在 【张雪峰发话？】文科都是服务业？“所有的文科专业都叫服务业，总结一个字就是舔。”继今年夏天炮轰新闻学专业之后，张雪峰关于文科的一段言论再度引发争议。面对舆论的质疑，今日午间，张雪峰微博发文致歉。他在评论区表示， 做服务业没有不好，可是有的人心里过不去这道坎，我能过去，我就做服务业。你过不去，你就不适合做服务业。我是提醒以为某些专业高大上的人，他的本质，尤其是从业初期阶段要了解后在选择。对此多位专家学者对蓝鲸记者表示，不认同张雪峰的说法，其言论过于偏激、极端、片面。就业率方面，根据智联招聘《2022大学生就业力调研报告》，2022 年人文学科毕业生的就业签约率仅12.4%，而理科、工科的就业签约率分别为29.5%和17.3%。从数据来看，文科生就业签约率不到理科生的一半，工资水平也比理科生低1000元到2000元。专业性不强，容易被替代是外界对于文科的普遍看法，即便是在不少文科生自己看来，专业弱势是就业最大的硬伤。你会选文科还是理科呢？,2023-12-09 16:33,1
1804,【：没觉得这有什么所谓的不好】近日，“张雪峰称文科都是服务业”话题引发网友热议。网红考研名师张雪峰称：所有文科都叫服务业，总结起来就是“舔”。 ,2023-12-09 16:31,1
1856,【专家称言论过于极端】文科都是服务业？“所有的文科专业都叫服务业，总结一个字就是舔。”继今年夏天炮轰新闻学专业之后，张雪峰关于文科的一段言论再度引发争议。面对舆论的质疑，今日午间，张雪峰微博发文致歉。他在评论区表示， 做服务 【专家称言论过于极端】文科都是服务业？“所有的文科专业都叫服务业，总结一个字就是舔。”继今年夏天炮轰新闻学专业之后，张雪峰关于文科的一段言论再度引发争议。面对舆论的质疑，今日午间，张雪峰微博发文致歉。他在评论区表示， 做服务业没有不好，可是有的人心里过不去这道坎，我能过去，我就做服务业。你过不去，你就不适合做服务业。我是提醒以为某些专业高大上的人，他的本质，尤其是从业初期阶段要了解后在选择。对此多位专家学者对蓝鲸记者表示，不认同张雪峰的说法，其言论过于偏激、极端、片面。就业率方面，根据智联招聘《2022大学生就业力调研报告》，2022 年人文学科毕业生的就业签约率仅12.4%，而理科、工科的就业签约率分别为29.5%和17.3%。从数据来看，文科生就业签约率不到理科生的一半，工资水平也比理科生低1000元到2000元。专业性不强，容易被替代是外界对于文科的普遍看法，即便是在不少文科生自己看来，专业弱势是就业最大的硬伤。,2023-12-09 16:26,1
1860,【：没觉得这有什么所谓的不好，向看了言论伤心的道歉】近日，“张雪峰称文科都是服务业”一话题引发网友热议。网红考研名师张雪峰称：所有文科都叫服务业，总结起来就是“舔”。12月9日，发文回应称： 我是不是又说错话了，对不起，对不起，我给大家笑一个！ 【：没觉得这有什么所谓的不好，向看了言论伤心的道歉】近日，“张雪峰称文科都是服务业”一话题引发网友热议。网红考研名师张雪峰称：所有文科都叫服务业，总结起来就是“舔”。12月9日，发文回应称： 我是不是又说错话了，对不起，对不起，我给大家笑一个！我在干嘛，我也在舔。可是我没觉得这有什么所谓的不好啊！！！此后，他又在评论区表示， 做服务业没有不好，可是有的人心里过不去这道坎，我能过去，我就做服务业。你过不去，你就不适合做服务业。我是提醒以为某些专业高大上的人，他的本质，尤其是从业初期阶段要了解后在选择。非要恶意解读的，看了我的言论伤心了的，我向您们道歉。,2023-12-09 16:26,1
1906,【】文科都是服务业？“所有的文科专业都叫服务业，总结一个字就是舔。”继今年夏天炮轰新闻学专业之后，张雪峰关于文科的一段言论再度引发争议。面对舆论的质疑，今日午间，张雪峰微博发文致歉。他在评论区表示 【】文科都是服务业？“所有的文科专业都叫服务业，总结一个字就是舔。”继今年夏天炮轰新闻学专业之后，张雪峰关于文科的一段言论再度引发争议。面对舆论的质疑，今日午间，张雪峰微博发文致歉。他在评论区表示， 做服务业没有不好，可是有的人心里过不去这道坎，我能过去，我就做服务业。你过不去，你就不适合做服务业。我是提醒以为某些专业高大上的人，他的本质，尤其是从业初期阶段要了解后在选择。,2023-12-09 16:22,1
1952,【】文科都是服务业？“所有的文科专业都叫服务业，总结一个字就是舔。”继今年夏天炮轰新闻学专业之后，张雪峰关于文科的一段言论再度引发争议。面对舆论的质疑，今日午间，张雪峰微博发文致歉。他在评论区表示 【】文科都是服务业？“所有的文科专业都叫服务业，总结一个字就是舔。”继今年夏天炮轰新闻学专业之后，张雪峰关于文科的一段言论再度引发争议。面对舆论的质疑，今日午间，张雪峰微博发文致歉。他在评论区表示， 做服务业没有不好，可是有的人心里过不去这道坎，我能过去，我就做服务业。你过不去，你就不适合做服务业。我是提醒以为某些专业高大上的人，他的本质，尤其是从业初期阶段要了解后在选择。对此多位专家学者对蓝鲸记者表示，不认同张雪峰的说法，其言论过于偏激、极端、片面。就业率方面，根据智联招聘《2022大学生就业力调研报告》，2022 年人文学科毕业生的就业签约率仅12.4%，而理科、工科的就业签约率分别为29.5%和17.3%。从数据来看，文科生就业签约率不到理科生的一半，工资水平也比理科生低1000元到2000元。专业性不强，容易被替代是外界对于文科的普遍看法，即便是在不少文科生自己看来，专业弱势是就业最大的硬伤。（蓝鲸 陆鹏鹏）,2023-12-09 16:18,1
1959,【】文科都是服务业？“所有的文科专业都叫服务业，总结一个字就是舔。”继今年夏天炮轰新闻学专业之后，张雪峰关于文科的一段言论再度引发争议。面对舆论的质疑，今日午间，张雪峰微博发文致歉。他在评论区表示 【】文科都是服务业？“所有的文科专业都叫服务业，总结一个字就是舔。”继今年夏天炮轰新闻学专业之后，张雪峰关于文科的一段言论再度引发争议。面对舆论的质疑，今日午间，张雪峰微博发文致歉。他在评论区表示， 做服务业没有不好，可是有的人心里过不去这道坎，我能过去，我就做服务业。你过不去，你就不适合做服务业。我是提醒以为某些专业高大上的人，他的本质，尤其是从业初期阶段要了解后在选择。对此多位专家学者对蓝鲸记者表示，不认同张雪峰的说法，其言论过于偏激、极端、片面。就业率方面，根据智联招聘《2022大学生就业力调研报告》，2022 年人文学科毕业生的就业签约率仅12.4%，而理科、工科的就业签约率分别为29.5%和17.3%。从数据来看，文科生就业签约率不到理科生的一半，工资水平也比理科生低1000元到2000元。专业性不强，容易被替代是外界对于文科的普遍看法，即便是在不少文科生自己看来，专业弱势是就业最大的硬伤。（蓝鲸 陆鹏鹏）,2023-12-09 16:17,1
1963,【：没觉得这有什么所谓的不好，向看了言论伤心的道歉】近日，“张雪峰称文科都是服务业”一话题引发网友热议。网红考研名师张雪峰称：所有文科都叫服务业，总结起来就是“舔”。12月9日，发文回应称： 我是不是又说 【：没觉得这有什么所谓的不好，向看了言论伤心的道歉】近日，“张雪峰称文科都是服务业”一话题引发网友热议。网红考研名师张雪峰称：所有文科都叫服务业，总结起来就是“舔”。12月9日，发文回应称： 我是不是又说错话了，对不起，对不起，我给大家笑一个！我在干嘛，我也在舔。可是我没觉得这有什么所谓的不好啊！！！此后，他又在评论区表示， 做服务业没有不好，可是有的人心里过不去这道坎，我能过去，我就做服务业。你过不去，你就不适合做服务业。我是提醒以为某些专业高大上的人，他的本质，尤其是从业初期阶段要了解后在选择。非要恶意解读的，看了我的言论伤心了的，我向您们道歉。,2023-12-09 16:17,1
1964,【】文科都是服务业？“所有的文科专业都叫服务业，总结一个字就是舔。”继今年夏天炮轰新闻学专业之后，张雪峰关于文科的一段言论再度引发争议。面对舆论的质疑，今日午间，张雪峰微博发文致歉。他在评论区表示 【】文科都是服务业？“所有的文科专业都叫服务业，总结一个字就是舔。”继今年夏天炮轰新闻学专业之后，张雪峰关于文科的一段言论再度引发争议。面对舆论的质疑，今日午间，张雪峰微博发文致歉。他在评论区表示， 做服务业没有不好，可是有的人心里过不去这道坎，我能过去，我就做服务业。你过不去，你就不适合做服务业。我是提醒以为某些专业高大上的人，他的本质，尤其是从业初期阶段要了解后在选择。对此多位专家学者对蓝鲸记者表示，不认同张雪峰的说法，其言论过于偏激、极端、片面。就业率方面，根据智联招聘《2022大学生就业力调研报告》，2022 年人文学科毕业生的就业签约率仅12.4%，而理科、工科的就业签约率分别为29.5%和17.3%。从数据来看，文科生就业签约率不到理科生的一半，工资水平也比理科生低1000元到2000元。专业性不强，容易被替代是外界对于文科的普遍看法，即便是在不少文科生自己看来，专业弱势是就业最大的硬伤。（蓝鲸 陆鹏鹏）,2023-12-09 16:17,1
1967,【：没觉得这有什么所谓的不好，向看了言论伤心的道歉】近日，“张雪峰称文科都是服务业”一话题引发网友热议。网红考研名师张雪峰称：所有文科都叫服务业，总结起来就是“舔”。12月9日，发文回应称： 我是不是又说错话了，对不起，对不起，我给大家笑一个！ 【：没觉得这有什么所谓的不好，向看了言论伤心的道歉】近日，“张雪峰称文科都是服务业”一话题引发网友热议。网红考研名师张雪峰称：所有文科都叫服务业，总结起来就是“舔”。12月9日，发文回应称： 我是不是又说错话了，对不起，对不起，我给大家笑一个！我在干嘛，我也在舔。可是我没觉得这有什么所谓的不好啊！！！此后，他又在评论区表示， 做服务业没有不好，可是有的人心里过不去这道坎，我能过去，我就做服务业。你过不去，你就不适合做服务业。我是提醒以为某些专业高大上的人，他的本质，尤其是从业初期阶段要了解后在选择。非要恶意解读的，看了我的言论伤心了的，我向您们道歉。,2023-12-09 16:17,1
1985,【】文科都是服务业？“所有的文科专业都叫服务业，总结一个字就是舔。”继今年夏天炮轰新闻学专业之后，张雪峰关于文科的一段言论再度引发争议。面对舆论的质疑，今日午间，张雪峰微博发文致歉。他在评论区表示 【】文科都是服务业？“所有的文科专业都叫服务业，总结一个字就是舔。”继今年夏天炮轰新闻学专业之后，张雪峰关于文科的一段言论再度引发争议。面对舆论的质疑，今日午间，张雪峰微博发文致歉。他在评论区表示， 做服务业没有不好，可是有的人心里过不去这道坎，我能过去，我就做服务业。你过不去，你就不适合做服务业。我是提醒以为某些专业高大上的人，他的本质，尤其是从业初期阶段要了解后在选择。对此多位专家学者对蓝鲸记者表示，不认同张雪峰的说法，其言论过于偏激、极端、片面。就业率方面，根据智联招聘《2022大学生就业力调研报告》，2022 年人文学科毕业生的就业签约率仅12.4%，而理科、工科的就业签约率分别为29.5%和17.3%。从数据来看，文科生就业签约率不到理科生的一半，工资水平也比理科生低1000元到2000元。专业性不强，容易被替代是外界对于文科的普遍看法，即便是在不少文科生自己看来，专业弱势是就业最大的硬伤。（蓝鲸 陆鹏鹏）,2023-12-09 16:15,1
1992,【】文科都是服务业？“所有的文科专业都叫服务业，总结一个字就是舔。”继今年夏天炮轰新闻学专业之后，张雪峰关于文科的一段言论再度引发争议。面对舆论的质疑，今日午间，张雪峰微博发文致歉。他在评论区表示 【】文科都是服务业？“所有的文科专业都叫服务业，总结一个字就是舔。”继今年夏天炮轰新闻学专业之后，张雪峰关于文科的一段言论再度引发争议。面对舆论的质疑，今日午间，张雪峰微博发文致歉。他在评论区表示， 做服务业没有不好，可是有的人心里过不去这道坎，我能过去，我就做服务业。你过不去，你就不适合做服务业。我是提醒以为某些专业高大上的人，他的本质，尤其是从业初期阶段要了解后在选择。对此多位专家学者对蓝鲸记者表示，不认同张雪峰的说法，其言论过于偏激、极端、片面。就业率方面，根据智联招聘《2022大学生就业力调研报告》，2022 年人文学科毕业生的就业签约率仅12.4%，而理科、工科的就业签约率分别为29.5%和17.3%。从数据来看，文科生就业签约率不到理科生的一半，工资水平也比理科生低1000元到2000元。专业性不强，容易被替代是外界对于文科的普遍看法，即便是在不少文科生自己看来，专业弱势是就业最大的硬伤。（）,2023-12-09 16:15,1
2001,【】文科都是服务业？“所有的文科专业都叫服务业，总结一个字就是舔。”继今年夏天炮轰新闻学专业之后，张雪峰关于文科的一段言论再度引发争议。面对舆论的质疑，今日午间，张雪峰微博发文致歉。他在评论区表示 【】文科都是服务业？“所有的文科专业都叫服务业，总结一个字就是舔。”继今年夏天炮轰新闻学专业之后，张雪峰关于文科的一段言论再度引发争议。面对舆论的质疑，今日午间，张雪峰微博发文致歉。他在评论区表示， 做服务业没有不好，可是有的人心里过不去这道坎，我能过去，我就做服务业。你过不去，你就不适合做服务业。我是提醒以为某些专业高大上的人，他的本质，尤其是从业初期阶段要了解后在选择。对此多位专家学者对蓝鲸记者表示，不认同张雪峰的说法，其言论过于偏激、极端、片面。就业率方面，根据智联招聘《2022大学生就业力调研报告》，2022 年人文学科毕业生的就业签约率仅12.4%，而理科、工科的就业签约率分别为29.5%和17.3%。从数据来看，文科生就业签约率不到理科生的一半，工资水平也比理科生低1000元到2000元。专业性不强，容易被替代是外界对于文科的普遍看法，即便是在不少文科生自己看来，专业弱势是就业最大的硬伤。（蓝鲸 陆鹏鹏）,2023-12-09 16:14,1
2030,【网红名师言论引争议 “文科都叫服务业，一个字舔” 张雪峰致歉：我也在舔】近日，“张雪峰称文科都是服务业”一话题引发网友热议。网红考研名师张雪峰称：所有文科都叫服务业，总结起来就是“舔”。12月9日，发文回应称： 我是不是又说错话了，对不起，对不 【网红名师言论引争议 “文科都叫服务业，一个字舔” 张雪峰致歉：我也在舔】近日，“张雪峰称文科都是服务业”一话题引发网友热议。网红考研名师张雪峰称：所有文科都叫服务业，总结起来就是“舔”。12月9日，发文回应称： 我是不是又说错话了，对不起，对不起，我给大家笑一个！我在干嘛，我也在舔。可是我没觉得这有什么所谓的不好啊！！！此后，他又在评论区表示， 做服务业没有不好，可是有的人心里过不去这道坎，我能过去，我就做服务业。你过不去，你就不适合做服务业。我是提醒以为某些专业高大上的人，他的本质，尤其是从业初期阶段要了解后在选择。非要恶意解读的，看了我的言论伤心了的，我向您们道歉。（梨视频）,2023-12-09 17:57,1
2047,近日，“张雪峰称文科都是服务业”一话题引发网友热议。网红考研名师张雪峰称：所有文科都叫服务业，总结起来就是“舔”。12月9日，张雪峰发文回应称： 我是不是又说错话了，对不起，对不起，我给大家笑一个！我在干嘛，我也在舔。可是我没觉得这有什么所谓的不好啊！ 近日，“张雪峰称文科都是服务业”一话题引发网友热议。网红考研名师张雪峰称：所有文科都叫服务业，总结起来就是“舔”。12月9日，张雪峰发文回应称： 我是不是又说错话了，对不起，对不起，我给大家笑一个！我在干嘛，我也在舔。可是我没觉得这有什么所谓的不好啊！,2023-12-09 17:53,1
2062,【：没觉得这有什么所谓的不好，向看了言论伤心的道歉】近日，“张雪峰称文科都是服务业”一话题引发网友热议。网红考研名师张雪峰称：所有文科都叫服务业，总结起来就是“舔”。12月9日，发文回应称： 我是不是又说错话了，对不起，对不起，我给大家笑一个！ 【：没觉得这有什么所谓的不好，向看了言论伤心的道歉】近日，“张雪峰称文科都是服务业”一话题引发网友热议。网红考研名师张雪峰称：所有文科都叫服务业，总结起来就是“舔”。12月9日，发文回应称： 我是不是又说错话了，对不起，对不起，我给大家笑一个！我在干嘛，我也在舔。可是我没觉得这有什么所谓的不好啊！！！此后，他又在评论区表示， 做服务业没有不好，可是有的人心里过不去这道坎，我能过去，我就做服务业。你过不去，你就不适合做服务业。我是提醒以为某些专业高大上的人，他的本质，尤其是从业初期阶段要了解后在选择。非要恶意解读的，看了我的言论伤心了的，我向您们道歉。,2023-12-09 17:50,1
2104,【】文科都是服务业？“所有的文科专业都叫服务业，总结一个字就是舔。”继今年夏天炮轰新闻学专业之后，张雪峰关于文科的一段言论再度引发争议。面对舆论的质疑，今日午间，张雪峰微博发文致歉。他在评论区表示 【】文科都是服务业？“所有的文科专业都叫服务业，总结一个字就是舔。”继今年夏天炮轰新闻学专业之后，张雪峰关于文科的一段言论再度引发争议。面对舆论的质疑，今日午间，张雪峰微博发文致歉。他在评论区表示， 做服务业没有不好，可是有的人心里过不去这道坎，我能过去，我就做服务业。你过不去，你就不适合做服务业。我是提醒以为某些专业高大上的人，他的本质，尤其是从业初期阶段要了解后在选择。（蓝鲸 陆鹏鹏）,2023-12-09 17:40,1
2110,【：没觉得这有什么所谓的不好，向看了言论伤心的道歉】近日，“张雪峰称文科都是服务业”一话题引发网友热议。网红考研名师张雪峰称：所有文科都叫服务业，总结起来就是“舔”。12月9日，发文回应称： 我是不是又说错话了，对不起 【：没觉得这有什么所谓的不好，向看了言论伤心的道歉】近日，“张雪峰称文科都是服务业”一话题引发网友热议。网红考研名师张雪峰称：所有文科都叫服务业，总结起来就是“舔”。12月9日，发文回应称： 我是不是又说错话了，对不起，对不起，我给大家笑一个！我在干嘛，我也在舔。可是我没觉得这有什么所谓的不好啊！！！此后，他又在评论区表示， 做服务业没有不好，可是有的人心里过不去这道坎，我能过去，我就做服务业。你过不去，你就不适合做服务业。我是提醒以为某些专业高大上的人，他的本质，尤其是从业初期阶段要了解后在选择。非要恶意解读的，看了我的言论伤心了的，我向您们道歉。,2023-12-09 17:39,1
2119,称文科都是服务业，总结起来就是“舔”，张雪峰发文回应争议：可是我没觉得这有什么所谓的不好啊,2023-12-09 17:37,1
2120,张雪峰称文科都是服务业，总结起来就是“舔”。本人回应：我是不是又说错话了，对不起,2023-12-09 17:37,1
2136,【：没觉得这有什么所谓的不好】据梨视频报道，近日，“张雪峰称文科都是服务业”一话题引发网友热议。网红考研名师张雪峰称：所有文科都叫服务业，总结起来就是“舔”。12月9日，发文回应称： 我是不是又说错话了，对不起，对不起，我给大家笑一个！我在干 【：没觉得这有什么所谓的不好】据梨视频报道，近日，“张雪峰称文科都是服务业”一话题引发网友热议。网红考研名师张雪峰称：所有文科都叫服务业，总结起来就是“舔”。12月9日，发文回应称： 我是不是又说错话了，对不起，对不起，我给大家笑一个！我在干嘛，我也在舔。可是我没觉得这有什么所谓的不好啊！！！此后，他又在评论区表示， 做服务业没有不好，可是有的人心里过不去这道坎，我能过去，我就做服务业。你过不去，你就不适合做服务业。我是提醒以为某些专业高大上的人，他的本质，尤其是从业初期阶段要了解后在选择。非要恶意解读的，看了我的言论伤心了的，我向您们道歉。,2023-12-09 17:36,1
2167,【】文科都是服务业？“所有的文科专业都叫服务业，总结一个字就是舔。”继今年夏天炮轰新闻学专业之后，张雪峰关于文科的一段言论再度引发争议。面对舆论的质疑，今日午间，张雪峰微博发文致歉。他在评论区表示 【】文科都是服务业？“所有的文科专业都叫服务业，总结一个字就是舔。”继今年夏天炮轰新闻学专业之后，张雪峰关于文科的一段言论再度引发争议。面对舆论的质疑，今日午间，张雪峰微博发文致歉。他在评论区表示， 做服务业没有不好，可是有的人心里过不去这道坎，我能过去，我就做服务业。你过不去，你就不适合做服务业。我是提醒以为某些专业高大上的人，他的本质，尤其是从业初期阶段要了解后在选择。对此多位专家学者对蓝鲸记者表示，不认同张雪峰的说法，其言论过于偏激、极端、片面。就业率方面，根据智联招聘《2022大学生就业力调研报告》，2022 年人文学科毕业生的就业签约率仅12.4%，而理科、工科的就业签约率分别为29.5%和17.3%。从数据来看，文科生就业签约率不到理科生的一半，工资水平也比理科生低1000元到2000元。专业性不强，容易被替代是外界对于文科的普遍看法，即便是在不少文科生自己看来，专业弱势是就业最大的硬伤。（蓝鲸 陆鹏鹏）,2023-12-09 17:29,1
2176,【：没觉得这有什么所谓的不好，向看了言论伤心的道歉】近日，“张雪峰称文科都是服务业”一话题引发网友热议。网红考研名师张雪峰称：所有文科都叫服务业，总结起来就是“舔”。12月9日，发文回应称： 我是不是又说错话了，对不起，对不起，我给大家笑一个！ 【：没觉得这有什么所谓的不好，向看了言论伤心的道歉】近日，“张雪峰称文科都是服务业”一话题引发网友热议。网红考研名师张雪峰称：所有文科都叫服务业，总结起来就是“舔”。12月9日，发文回应称： 我是不是又说错话了，对不起，对不起，我给大家笑一个！我在干嘛，我也在舔。可是我没觉得这有什么所谓的不好啊！！！此后，他又在评论区表示， 做服务业没有不好，可是有的人心里过不去这道坎，我能过去，我就做服务业。你过不去，你就不适合做服务业。我是提醒以为某些专业高大上的人，他的本质，尤其是从业初期阶段要了解后在选择。非要恶意解读的，看了我的言论伤心了的，我向您们道歉。,2023-12-09 17:28,1
2201,【】文科都是服务业？“所有的文科专业都叫服务业，总结一个字就是舔。”继今年夏天炮轰新闻学专业之后，张雪峰关于文科的一段言论再度引发争议。面对舆论的质疑，今日午间，张雪峰微博发文致歉。他在评论区表示， 【】文科都是服务业？“所有的文科专业都叫服务业，总结一个字就是舔。”继今年夏天炮轰新闻学专业之后，张雪峰关于文科的一段言论再度引发争议。面对舆论的质疑，今日午间，张雪峰微博发文致歉。他在评论区表示， 做服务业没有不好，可是有的人心里过不去这道坎，我能过去，我就做服务业。你过不去，你就不适合做服务业。我是提醒以为某些专业高大上的人，他的本质，尤其是从业初期阶段要了解后在选择。对此多位专家学者对蓝鲸记者表示，不认同张雪峰的说法，其言论过于偏激、极端、片面。就业率方面，根据智联招聘《2022大学生就业力调研报告》，2022 年人文学科毕业生的就业签约率仅12.4%，而理科、工科的就业签约率分别为29.5%和17.3%。从数据来看，文科生就业签约率不到理科生的一半，工资水平也比理科生低1000元到2000元。专业性不强，容易被替代是外界对于文科的普遍看法，即便是在不少文科生自己看来，专业弱势是就业最大的硬伤。（蓝鲸财经）,2023-12-09 17:24,1
2204,【：没觉得这有什么所谓的不好，向看了言论伤心的道歉】近日，“张雪峰称文科都是服务业”一话题引发网友热议。网红考研名师张雪峰称：所有文科都叫服务业，总结起来就是“舔”。12月9日，发文回应称： 我是不是又说错话了，对不起，对不起，我给大家笑一个！ 【：没觉得这有什么所谓的不好，向看了言论伤心的道歉】近日，“张雪峰称文科都是服务业”一话题引发网友热议。网红考研名师张雪峰称：所有文科都叫服务业，总结起来就是“舔”。12月9日，发文回应称： 我是不是又说错话了，对不起，对不起，我给大家笑一个！我在干嘛，我也在舔。可是我没觉得这有什么所谓的不好啊！！！此后，他又在评论区表示， 做服务业没有不好，可是有的人心里过不去这道坎，我能过去，我就做服务业。你过不去，你就不适合做服务业。我是提醒以为某些专业高大上的人，他的本质，尤其是从业初期阶段要了解后在选择。非要恶意解读的，看了我的言论伤心了的，我向您们道歉。,2023-12-09 17:23,1
2208,【：没觉得这有什么所谓的不好，向看了言论伤心的道歉】近日，“张雪峰称文科都是服务业”一话题引发网友热议。网红考研名师张雪峰称：所有文科都叫服务业，总结起来就是“舔”。12月9日，发文回应称： 我是不是又说错话了，对不起，对不起，我给大家笑一个！ 【：没觉得这有什么所谓的不好，向看了言论伤心的道歉】近日，“张雪峰称文科都是服务业”一话题引发网友热议。网红考研名师张雪峰称：所有文科都叫服务业，总结起来就是“舔”。12月9日，发文回应称： 我是不是又说错话了，对不起，对不起，我给大家笑一个！我在干嘛，我也在舔。可是我没觉得这有什么所谓的不好啊！！！此后，他又在评论区表示， 做服务业没有不好，可是有的人心里过不去这道坎，我能过去，我就做服务业。你过不去，你就不适合做服务业。我是提醒以为某些专业高大上的人，他的本质，尤其是从业初期阶段要了解后在选择。非要恶意解读的，看了我的言论伤心了的，我向您们道歉。,2023-12-09 17:22,1
2233,【】近日，“张雪峰称文科都是服务业”一话题引发网友热议。网红考研名师张雪峰称：所有文科都叫服务业，总结起来就是“舔”。12月9日，发文回应称： 我是不是又说错话了，对不起，对不起，我给大家笑一个！我在干嘛，我也在舔。可是我没觉得这有什么所谓的不好 【】近日，“张雪峰称文科都是服务业”一话题引发网友热议。网红考研名师张雪峰称：所有文科都叫服务业，总结起来就是“舔”。12月9日，发文回应称： 我是不是又说错话了，对不起，对不起，我给大家笑一个！我在干嘛，我也在舔。可是我没觉得这有什么所谓的不好啊！！！此后，他又在评论区表示， 做服务业没有不好，可是有的人心里过不去这道坎，我能过去，我就做服务业。你过不去，你就不适合做服务业。我是提醒以为某些专业高大上的人，他的本质，尤其是从业初期阶段要了解后在选择。非要恶意解读的，看了我的言论伤心了的，我向您们道歉。,2023-12-09 17:18,1
2275,【】文科都是服务业？“所有的文科专业都叫服务业，总结一个字就是舔。”继今年夏天炮轰新闻学专业之后，张雪峰关于文科的一段言论再度引发争议。面对舆论的质疑，今日午间，张雪峰微博发文致歉。他在评论区表示， 【】文科都是服务业？“所有的文科专业都叫服务业，总结一个字就是舔。”继今年夏天炮轰新闻学专业之后，张雪峰关于文科的一段言论再度引发争议。面对舆论的质疑，今日午间，张雪峰微博发文致歉。他在评论区表示， 做服务业没有不好，可是有的人心里过不去这道坎，我能过去，我就做服务业。你过不去，你就不适合做服务业。我是提醒以为某些专业高大上的人，他的本质，尤其是从业初期阶段要了解后在选择。对此多位专家学者对蓝鲸记者表示，不认同张雪峰的说法，其言论过于偏激、极端、片面。就业率方面，根据智联招聘《2022大学生就业力调研报告》，2022 年人文学科毕业生的就业签约率仅12.4%，而理科、工科的就业签约率分别为29.5%和17.3%。从数据来看，文科生就业签约率不到理科生的一半，工资水平也比理科生低1000元到2000元。专业性不强，容易被替代是外界对于文科的普遍看法，即便是在不少文科生自己看来，专业弱势是就业最大的硬伤。（）,2023-12-09 17:10,1
2312,【】近日，网红考研名师张雪峰称：所有文科都叫服务业，总结起来就是“舔”，引发热议。12月9日，回应称：“我是不是又说错话了，对不起，对不起，我给大家笑一个！我在干嘛，我也在舔。可是我没觉得这有什么所谓的不好啊！” 随后其在 【】近日，网红考研名师张雪峰称：所有文科都叫服务业，总结起来就是“舔”，引发热议。12月9日，回应称：“我是不是又说错话了，对不起，对不起，我给大家笑一个！我在干嘛，我也在舔。可是我没觉得这有什么所谓的不好啊！” 随后其在评论区表示，做服务业没有不好，可是有的人心里过不去这道坎，我能过去，我就做服务业，你过不去，你就不适合做服务业。我是提醒以为某些专业高大上的人，他的本质，尤其是从业初期阶段要了解后在选择。非要恶意解读的。看了我的言论伤心了的，我向您们道歉。,2023-12-09 17:05,1
2332,【】文科都是服务业？“所有的文科专业都叫服务业，总结一个字就是舔。”继今年夏天炮轰新闻学专业之后，张雪峰关于文科的一段言论再度引发争议。面对舆论的质疑，今日午间，张雪峰微博发文致歉。他在评论区表示 【】文科都是服务业？“所有的文科专业都叫服务业，总结一个字就是舔。”继今年夏天炮轰新闻学专业之后，张雪峰关于文科的一段言论再度引发争议。面对舆论的质疑，今日午间，张雪峰微博发文致歉。他在评论区表示， 做服务业没有不好，可是有的人心里过不去这道坎，我能过去，我就做服务业。你过不去，你就不适合做服务业。我是提醒以为某些专业高大上的人，他的本质，尤其是从业初期阶段要了解后在选择。对此多位专家学者对蓝鲸记者表示，不认同张雪峰的说法，其言论过于偏激、极端、片面。就业率方面，根据智联招聘《2022大学生就业力调研报告》，2022 年人文学科毕业生的就业签约率仅12.4%，而理科、工科的就业签约率分别为29.5%和17.3%。从数据来看，文科生就业签约率不到理科生的一半，工资水平也比理科生低1000元到2000元。专业性不强，容易被替代是外界对于文科的普遍看法，即便是在不少文科生自己看来，专业弱势是就业最大的硬伤。（蓝鲸 陆鹏鹏）,2023-12-09 17:02,1
2346,【：没觉得这有什么所谓的不好，向看了言论伤心的道歉】近日，“张雪峰称文科都是服务业”一话题引发网友热议。网红考研名师张雪峰称：所有文科都叫服务业，总结起来就是“舔”。12月9日，发文回应称： 我是不是又说错话了，对不起，对不起，我给大家笑一个！ 【：没觉得这有什么所谓的不好，向看了言论伤心的道歉】近日，“张雪峰称文科都是服务业”一话题引发网友热议。网红考研名师张雪峰称：所有文科都叫服务业，总结起来就是“舔”。12月9日，发文回应称： 我是不是又说错话了，对不起，对不起，我给大家笑一个！我在干嘛，我也在舔。可是我没觉得这有什么所谓的不好啊！！！此后，他又在评论区表示， 做服务业没有不好，可是有的人心里过不去这道坎，我能过去，我就做服务业。你过不去，你就不适合做服务业。我是提醒以为某些专业高大上的人，他的本质，尤其是从业初期阶段要了解后在选择。非要恶意解读的，看了我的言论伤心了的，我向您们道歉。,2023-12-09 18:59,1
2354,【：没觉得这有什么所谓的不好，向看了言论伤心的道歉】近日，“张雪峰称文科都是服务业”一话题引发网友热议。网红考研名师张雪峰称：所有文科都叫服务业，总结起来就是“舔”。12月9日，发文回应称： 我是不是又说错话了，对不起，对不起，我 【：没觉得这有什么所谓的不好，向看了言论伤心的道歉】近日，“张雪峰称文科都是服务业”一话题引发网友热议。网红考研名师张雪峰称：所有文科都叫服务业，总结起来就是“舔”。12月9日，发文回应称： 我是不是又说错话了，对不起，对不起，我给大家笑一个！我在干嘛，我也在舔。可是我没觉得这有什么所谓的不好啊！！！此后，他又在评论区表示， 做服务业没有不好，可是有的人心里过不去这道坎，我能过去，我就做服务业。你过不去，你就不适合做服务业。我是提醒以为某些专业高大上的人，他的本质，尤其是从业初期阶段要了解后在选择。非要恶意解读的，看了我的言论伤心了的，我向您们道歉。,2023-12-09 18:54,1
2373,【：没觉得这有什么所谓的不好，向看了言论伤心的道歉】近日，“张雪峰称文科都是服务业”一话题引发网友热议。网红考研名师张雪峰称：所有文科都叫服务业，总结起来就是“舔”。12月9日，发文回应称： 我是不是又说错话了，对不起，对不起，我给大家笑一个！ 【：没觉得这有什么所谓的不好，向看了言论伤心的道歉】近日，“张雪峰称文科都是服务业”一话题引发网友热议。网红考研名师张雪峰称：所有文科都叫服务业，总结起来就是“舔”。12月9日，发文回应称： 我是不是又说错话了，对不起，对不起，我给大家笑一个！我在干嘛，我也在舔。可是我没觉得这有什么所谓的不好啊！！！此后，他又在评论区表示， 做服务业没有不好，可是有的人心里过不去这道坎，我能过去，我就做服务业。你过不去，你就不适合做服务业。我是提醒以为某些专业高大上的人，他的本质，尤其是从业初期阶段要了解后在选择。非要恶意解读的，看了我的言论伤心了的，我向您们道歉。,2023-12-09 18:48,1
2375,【】文科都是服务业？“所有的文科专业都叫服务业，总结一个字就是舔。”继今年夏天炮轰新闻学专业之后，张雪峰关于文科的一段言论再度引发争议。面对舆论的质疑，今日午间，张雪峰微博发文致歉。他在评论区表示 【】文科都是服务业？“所有的文科专业都叫服务业，总结一个字就是舔。”继今年夏天炮轰新闻学专业之后，张雪峰关于文科的一段言论再度引发争议。面对舆论的质疑，今日午间，张雪峰微博发文致歉。他在评论区表示， 做服务业没有不好，可是有的人心里过不去这道坎，我能过去，我就做服务业。你过不去，你就不适合做服务业。我是提醒以为某些专业高大上的人，他的本质，尤其是从业初期阶段要了解后在选择。对此多位专家学者对蓝鲸记者表示，不认同张雪峰的说法，其言论过于偏激、极端、片面。就业率方面，根据智联招聘《2022大学生就业力调研报告》，2022 年人文学科毕业生的就业签约率仅12.4%，而理科、工科的就业签约率分别为29.5%和17.3%。从数据来看，文科生就业签约率不到理科生的一半，工资水平也比理科生低1000元到2000元。专业性不强，容易被替代是外界对于文科的普遍看法，即便是在不少文科生自己看来，专业弱势是就业最大的硬伤。（蓝鲸 陆鹏鹏）,2023-12-09 18:48,1
2383,【】文科都是服务业？“所有的文科专业都叫服务业，总结一个字就是舔。”继今年夏天炮轰新闻学专业之后，张雪峰关于文科的一段言论再度引发争议。面对舆论的质疑，今日午间，张雪峰微博发文致歉。他在评论区表示 【】文科都是服务业？“所有的文科专业都叫服务业，总结一个字就是舔。”继今年夏天炮轰新闻学专业之后，张雪峰关于文科的一段言论再度引发争议。面对舆论的质疑，今日午间，张雪峰微博发文致歉。他在评论区表示， 做服务业没有不好，可是有的人心里过不去这道坎，我能过去，我就做服务业。你过不去，你就不适合做服务业。我是提醒以为某些专业高大上的人，他的本质，尤其是从业初期阶段要了解后在选择。对此多位专家学者对蓝鲸记者表示，不认同张雪峰的说法，其言论过于偏激、极端、片面。就业率方面，根据智联招聘《2022大学生就业力调研报告》，2022 年人文学科毕业生的就业签约率仅12.4%，而理科、工科的就业签约率分别为29.5%和17.3%。从数据来看，文科生就业签约率不到理科生的一半，工资水平也比理科生低1000元到2000元。专业性不强，容易被替代是外界对于文科的普遍看法，即便是在不少文科生自己看来，专业弱势是就业最大的硬伤。（蓝鲸）,2023-12-09 18:46,1
2386,【：没觉得这有什么所谓的不好，向看了言论伤心的道歉】近日，“张雪峰称文科都是服务业”一话题引发网友热议。网红考研名师张雪峰称：所有文科都叫服务业，总结起来就是“舔”。12月9日，发文回应称： 我是不是又说错话了，对不起，对不起，我给大家笑一个！ 【：没觉得这有什么所谓的不好，向看了言论伤心的道歉】近日，“张雪峰称文科都是服务业”一话题引发网友热议。网红考研名师张雪峰称：所有文科都叫服务业，总结起来就是“舔”。12月9日，发文回应称： 我是不是又说错话了，对不起，对不起，我给大家笑一个！我在干嘛，我也在舔。可是我没觉得这有什么所谓的不好啊！！！此后，他又在评论区表示， 做服务业没有不好，可是有的人心里过不去这道坎，我能过去，我就做服务业。你过不去，你就不适合做服务业。我是提醒以为某些专业高大上的人，他的本质，尤其是从业初期阶段要了解后在选择。非要恶意解读的，看了我的言论伤心了的，我向您们道歉。,2023-12-09 18:44,1
2427,【】文科都是服务业？“所有的文科专业都叫服务业，总结一个字就是舔。”继今年夏天炮轰新闻学专业之后，张雪峰关于文科的一段言论再度引发争议。面对舆论的质疑，今日午间，张雪峰微博发文致歉。他在评论区表示， 【】文科都是服务业？“所有的文科专业都叫服务业，总结一个字就是舔。”继今年夏天炮轰新闻学专业之后，张雪峰关于文科的一段言论再度引发争议。面对舆论的质疑，今日午间，张雪峰微博发文致歉。他在评论区表示， 做服务业没有不好，可是有的人心里过不去这道坎，我能过去，我就做服务业。你过不去，你就不适合做服务业。我是提醒以为某些专业高大上的人，他的本质，尤其是从业初期阶段要了解后在选择。对此多位专家学者对蓝鲸记者表示，不认同张雪峰的说法，其言论过于偏激、极端、片面。就业率方面，根据智联招聘《2022大学生就业力调研报告》，2022 年人文学科毕业生的就业签约率仅12.4%，而理科、工科的就业签约率分别为29.5%和17.3%。从数据来看，文科生就业签约率不到理科生的一半，工资水平也比理科生低1000元到2000元。专业性不强，容易被替代是外界对于文科的普遍看法，即便是在不少文科生自己看来，专业弱势是就业最大的硬伤。（蓝鲸）,2023-12-09 18:30,1
2505,【：没觉得这有什么所谓的不好，向看了言论伤心的道歉】近日，“张雪峰称文科都是服务业”引发热议。张雪峰称：所有文科都叫服务业，总结起来就是“舔”。12月9日，发文回应称：，“我是不是又 【：没觉得这有什么所谓的不好，向看了言论伤心的道歉】近日，“张雪峰称文科都是服务业”引发热议。张雪峰称：所有文科都叫服务业，总结起来就是“舔”。12月9日，发文回应称：，“我是不是又说错话了，对不起，对不起，我给大家笑一个！你们觉得哪个笑好看，我以后就怎么笑。你看，我在干嘛，我也在舔。可是我没觉得这有什么所谓的不好啊！！！ ”此后，他又在评论区表示， 做服务业没有不好，可是有的人心里过不去这道坎，我能过去，我就做服务业。你过不去，你就不适合做服务业。我是提醒以为某些专业高大上的人，他的本质，尤其是从业初期阶段要了解后在选择。非要恶意解读的，看了我的言论伤心了的，我向您们道歉。（国是直通车）,2023-12-09 20:00,1
2527,【：没觉得这有什么所谓的不好，向看了言论伤心的道歉】近日，“张雪峰称文科都是服务业”一话题引发网友热议。网红考研名师张雪峰称：所有文科都叫服务业，总结起来就是“舔”。12月9日，发文回应称： 我是不是又说错话了，对不起，对不起，我给大家笑一个！ 【：没觉得这有什么所谓的不好，向看了言论伤心的道歉】近日，“张雪峰称文科都是服务业”一话题引发网友热议。网红考研名师张雪峰称：所有文科都叫服务业，总结起来就是“舔”。12月9日，发文回应称： 我是不是又说错话了，对不起，对不起，我给大家笑一个！我在干嘛，我也在舔。可是我没觉得这有什么所谓的不好啊！！！此后，他又在评论区表示， 做服务业没有不好，可是有的人心里过不去这道坎，我能过去，我就做服务业。你过不去，你就不适合做服务业。我是提醒以为某些专业高大上的人，他的本质，尤其是从业初期阶段要了解后在选择。非要恶意解读的，看了我的言论伤心了的，我向您们道歉。,2023-12-09 19:45,1
2528,【：自己也在舔，没觉得这有什么所谓的不好】近日，网红考研名师张雪峰表示，所有文科都叫服务业，总结起来就是“舔”，引发热议。不少网友纷纷表示说得太对了，自己瞬间破防了。中国人民大学公共管理学院教授马亮表示，文科没那么“水”，文理科融合教育也成主流。9日，张 【：自己也在舔，没觉得这有什么所谓的不好】近日，网红考研名师张雪峰表示，所有文科都叫服务业，总结起来就是“舔”，引发热议。不少网友纷纷表示说得太对了，自己瞬间破防了。中国人民大学公共管理学院教授马亮表示，文科没那么“水”，文理科融合教育也成主流。9日，张雪峰回应称，“我是不是又说错话了，对不起，对不起，我给大家笑一个……你看，我在干嘛，我也在舔。可是我没觉得这有什么所谓的不好啊！”,2023-12-09 19:45,1
2545,文科都是服务业？“所有的文科专业都叫服务业，总结一个字就是舔。”继今年夏天炮轰新闻学专业之后，张雪峰关于文科的一段言论再度引发争议。面对舆论的质疑，今日午间，张雪峰微博发文致歉。他在评论区表示， 做服务业没有不好，可是有的人心里过不去这道坎，我能过去， 文科都是服务业？“所有的文科专业都叫服务业，总结一个字就是舔。”继今年夏天炮轰新闻学专业之后，张雪峰关于文科的一段言论再度引发争议。面对舆论的质疑，今日午间，张雪峰微博发文致歉。他在评论区表示， 做服务业没有不好，可是有的人心里过不去这道坎，我能过去，我就做服务业。你过不去，你就不适合做服务业。我是提醒以为某些专业高大上的人，他的本质，尤其是从业初期阶段要了解后在选择。对此多位专家学者对蓝鲸记者表示，不认同张雪峰的说法，其言论过于偏激、极端、片面。就业率方面，根据智联招聘《2022大学生就业力调研报告》，2022 年人文学科毕业生的就业签约率仅12.4%，而理科、工科的就业签约率分别为29.5%和17.3%。从数据来看，文科生就业签约率不到理科生的一半，工资水平也比理科生低1000元到2000元。专业性不强，容易被替代是外界对于文科的普遍看法，即便是在不少文科生自己看来，专业弱势是就业最大的硬伤。（蓝鲸）,2023-12-09 19:35,1
2565,【：没觉得这有什么所谓的不好，向看了言论伤心的道歉】近日，“张雪峰称文科都是服务业”一话题引发网友热议。网红考研名师张雪峰称：所有文科都叫服务业，总结起来就是“舔”。12月9日，发文回应称： 我是不是又说错话了，对不起，对不起，我给大家笑一个！ 【：没觉得这有什么所谓的不好，向看了言论伤心的道歉】近日，“张雪峰称文科都是服务业”一话题引发网友热议。网红考研名师张雪峰称：所有文科都叫服务业，总结起来就是“舔”。12月9日，发文回应称： 我是不是又说错话了，对不起，对不起，我给大家笑一个！我在干嘛，我也在舔。可是我没觉得这有什么所谓的不好啊！！！此后，他又在评论区表示， 做服务业没有不好，可是有的人心里过不去这道坎，我能过去，我就做服务业。你过不去，你就不适合做服务业。我是提醒以为某些专业高大上的人，他的本质，尤其是从业初期阶段要了解后在选择。非要恶意解读的，看了我的言论伤心了的，我向您们道歉。,2023-12-09 19:27,1
2568,【：没觉得这有什么所谓的不好，向看了言论伤心的道歉】近日，“张雪峰称文科都是服务业”一话题引发网友热议。网红考研名师张雪峰称：所有文科都叫服务业，总结起来就是“舔”。12月9日，发文回应称： 我是不是又说错话了，对不起，对不起，我给大家笑一个！ 【：没觉得这有什么所谓的不好，向看了言论伤心的道歉】近日，“张雪峰称文科都是服务业”一话题引发网友热议。网红考研名师张雪峰称：所有文科都叫服务业，总结起来就是“舔”。12月9日，发文回应称： 我是不是又说错话了，对不起，对不起，我给大家笑一个！我在干嘛，我也在舔。可是我没觉得这有什么所谓的不好啊！！！此后，他又在评论区表示， 做服务业没有不好，可是有的人心里过不去这道坎，我能过去，我就做服务业。你过不去，你就不适合做服务业。我是提醒以为某些专业高大上的人，他的本质，尤其是从业初期阶段要了解后在选择。非要恶意解读的，看了我的言论伤心了的，我向您们道歉。,2023-12-09 19:25,1
2606,【】文科都是服务业？“所有的文科专业都叫服务业，总结一个字就是舔。”继今年夏天炮轰新闻学专业之后，张雪峰关于文科的一段言论再度引发争议。面对舆论的质疑，今日午间，张雪峰微博发文致歉。他在评论区表示， 做服务业没有不好，可是 【】文科都是服务业？“所有的文科专业都叫服务业，总结一个字就是舔。”继今年夏天炮轰新闻学专业之后，张雪峰关于文科的一段言论再度引发争议。面对舆论的质疑，今日午间，张雪峰微博发文致歉。他在评论区表示， 做服务业没有不好，可是有的人心里过不去这道坎，我能过去，我就做服务业。你过不去，你就不适合做服务业。我是提醒以为某些专业高大上的人，他的本质，尤其是从业初期阶段要了解后在选择。对此多位专家学者对蓝鲸记者表示，不认同张雪峰的说法，其言论过于偏激、极端、片面。就业率方面，根据智联招聘《2022大学生就业力调研报告》，2022 年人文学科毕业生的就业签约率仅12.4%，而理科、工科的就业签约率分别为29.5%和17.3%。从数据来看，文科生就业签约率不到理科生的一半，工资水平也比理科生低1000元到2000元。,2023-12-09 19:10,1
2609,自己也在舔，没觉得这有什么所谓的不好】近日，网红考研名师张雪峰表示，所有文科都叫服务业，总结起来就是“舔”，引发热议。不少网友纷纷表示说得太对了，自己瞬间破防了。中国人民大学公共管理学院教授马亮表示，文科没那么“水”，文理科融合教育也成主流。9日，张雪峰 自己也在舔，没觉得这有什么所谓的不好】近日，网红考研名师张雪峰表示，所有文科都叫服务业，总结起来就是“舔”，引发热议。不少网友纷纷表示说得太对了，自己瞬间破防了。中国人民大学公共管理学院教授马亮表示，文科没那么“水”，文理科融合教育也成主流。9日，张雪峰回应称，“我是不是又说错话了，对不起，对不起，我给大家笑一个……你看，我在干嘛，我也在舔。可是我没觉得这有什么所谓的不好啊！”,2023-12-09 19:09,1
2624,【】文科都是服务业？“所有的文科专业都叫服务业，总结一个字就是舔。”继今年夏天炮轰新闻学专业之后，张雪峰关于文科的一段言论再度引发争议。面对舆论的质疑，今日午间，张雪峰微博发文致歉。他在评论区表示 【】文科都是服务业？“所有的文科专业都叫服务业，总结一个字就是舔。”继今年夏天炮轰新闻学专业之后，张雪峰关于文科的一段言论再度引发争议。面对舆论的质疑，今日午间，张雪峰微博发文致歉。他在评论区表示， 做服务业没有不好，可是有的人心里过不去这道坎，我能过去，我就做服务业。你过不去，你就不适合做服务业。我是提醒以为某些专业高大上的人，他的本质，尤其是从业初期阶段要了解后在选择。对此多位专家学者对蓝鲸记者表示，不认同张雪峰的说法，其言论过于偏激、极端、片面。就业率方面，根据智联招聘《2022大学生就业力调研报告》，2022 年人文学科毕业生的就业签约率仅12.4%，而理科、工科的就业签约率分别为29.5%和17.3%。从数据来看，文科生就业签约率不到理科生的一半，工资水平也比理科生低1000元到2000元。专业性不强，容易被替代是外界对于文科的普遍看法，即便是在不少文科生自己看来，专业弱势是就业最大的硬伤。（蓝鲸 陆鹏鹏）,2023-12-09 19:00,1
2639,【】文科都是服务业？“所有的文科专业都叫服务业，总结一个字就是舔。”继今年夏天炮轰新闻学专业之后，张雪峰关于文科的一段言论再度引发争议。面对舆论的质疑，今日午间，张雪峰微博发文致歉。他在评论区表示 【】文科都是服务业？“所有的文科专业都叫服务业，总结一个字就是舔。”继今年夏天炮轰新闻学专业之后，张雪峰关于文科的一段言论再度引发争议。面对舆论的质疑，今日午间，张雪峰微博发文致歉。他在评论区表示， 做服务业没有不好，可是有的人心里过不去这道坎，我能过去，我就做服务业。你过不去，你就不适合做服务业。我是提醒以为某些专业高大上的人，他的本质，尤其是从业初期阶段要了解后在选择。对此多位专家学者对蓝鲸记者表示，不认同张雪峰的说法，其言论过于偏激、极端、片面。就业率方面，根据智联招聘《2022大学生就业力调研报告》，2022 年人文学科毕业生的就业签约率仅12.4%，而理科、工科的就业签约率分别为29.5%和17.3%。从数据来看，文科生就业签约率不到理科生的一半，工资水平也比理科生低1000元到2000元。专业性不强，容易被替代是外界对于文科的普遍看法，即便是在不少文科生自己看来，专业弱势是就业最大的硬伤。（蓝鲸 陆鹏鹏）,2023-12-09 20:43,1
2643,【：没觉得这有什么所谓的不好，向看了言论伤心的道歉】近日，“张雪峰称文科都是服务业”一话题引发网友热议。网红考研名师张雪峰称：所有文科都叫服务业，总结起来就是“舔”。12月9日，发文回应称： 我是不是又说错话了，对不起，对不起，我给大家笑一个！ 【：没觉得这有什么所谓的不好，向看了言论伤心的道歉】近日，“张雪峰称文科都是服务业”一话题引发网友热议。网红考研名师张雪峰称：所有文科都叫服务业，总结起来就是“舔”。12月9日，发文回应称： 我是不是又说错话了，对不起，对不起，我给大家笑一个！我在干嘛，我也在舔。可是我没觉得这有什么所谓的不好啊！！！此后，他又在评论区表示， 做服务业没有不好，可是有的人心里过不去这道坎，我能过去，我就做服务业。你过不去，你就不适合做服务业。我是提醒以为某些专业高大上的人，他的本质，尤其是从业初期阶段要了解后在选择。非要恶意解读的，看了我的言论伤心了的，我向您们道歉。,2023-12-09 20:41,1
2668,【】文科都是服务业？“所有的文科专业都叫服务业，总结一个字就是舔。”继今年夏天炮轰新闻学专业之后，张雪峰关于文科的一段言论再度引发争议。面对舆论的质疑，今日午间，张雪峰微博发文致歉。他在评论区表示 【】文科都是服务业？“所有的文科专业都叫服务业，总结一个字就是舔。”继今年夏天炮轰新闻学专业之后，张雪峰关于文科的一段言论再度引发争议。面对舆论的质疑，今日午间，张雪峰微博发文致歉。他在评论区表示， 做服务业没有不好，可是有的人心里过不去这道坎，我能过去，我就做服务业。你过不去，你就不适合做服务业。我是提醒以为某些专业高大上的人，他的本质，尤其是从业初期阶段要了解后在选择。对此多位专家学者对蓝鲸记者表示，不认同张雪峰的说法，其言论过于偏激、极端、片面。就业率方面，根据智联招聘《2022大学生就业力调研报告》，2022 年人文学科毕业生的就业签约率仅12.4%，而理科、工科的就业签约率分别为29.5%和17.3%。从数据来看，文科生就业签约率不到理科生的一半，工资水平也比理科生低1000元到2000元。专业性不强，容易被替代是外界对于文科的普遍看法，即便是在不少文科生自己看来，专业弱势是就业最大的硬伤。（蓝鲸 陆鹏鹏）,2023-12-09 20:23,1
2669,【】文科都是服务业？“所有的文科专业都叫服务业，总结一个字就是舔。”继今年夏天炮轰新闻学专业之后，张雪峰关于文科的一段言论再度引发争议。面对舆论的质疑，今日午间，张雪峰微博发文致歉。他在评论区表示 【】文科都是服务业？“所有的文科专业都叫服务业，总结一个字就是舔。”继今年夏天炮轰新闻学专业之后，张雪峰关于文科的一段言论再度引发争议。面对舆论的质疑，今日午间，张雪峰微博发文致歉。他在评论区表示， 做服务业没有不好，可是有的人心里过不去这道坎，我能过去，我就做服务业。你过不去，你就不适合做服务业。我是提醒以为某些专业高大上的人，他的本质，尤其是从业初期阶段要了解后在选择。对此多位专家学者对蓝鲸记者表示，不认同张雪峰的说法，其言论过于偏激、极端、片面。就业率方面，根据智联招聘《2022大学生就业力调研报告》，2022 年人文学科毕业生的就业签约率仅12.4%，而理科、工科的就业签约率分别为29.5%和17.3%。从数据来看，文科生就业签约率不到理科生的一半，工资水平也比理科生低1000元到2000元。专业性不强，容易被替代是外界对于文科的普遍看法，即便是在不少文科生自己看来，专业弱势是就业最大的硬伤。（蓝鲸 陆鹏鹏）,2023-12-09 20:23,1
2676,【：没觉得这有什么所谓的不好】近日，“张雪峰称文科都是服务业”话题引发网友热议。网红考研名师张雪峰称：所有文科都叫服务业，总结起来就是“舔”。12月9日，发文回应称： 我是不是又说错话了，对不起，对不起，我给大家笑一个！我在干嘛，我也在舔。可是 【：没觉得这有什么所谓的不好】近日，“张雪峰称文科都是服务业”话题引发网友热议。网红考研名师张雪峰称：所有文科都叫服务业，总结起来就是“舔”。12月9日，发文回应称： 我是不是又说错话了，对不起，对不起，我给大家笑一个！我在干嘛，我也在舔。可是我没觉得这有什么所谓的不好啊！！！,2023-12-09 20:20,1
2694,【：没觉得这有什么所谓的不好，向看了言论伤心的道歉】近日，“张雪峰称文科都是服务业”一话题引发网友热议。网红考研名师张雪峰称：所有文科都叫服务业，总结起来就是“舔”。12月9日，发文回应称： 我是不是又说错话了，对不起，对不起，我给大家笑一个！ 【：没觉得这有什么所谓的不好，向看了言论伤心的道歉】近日，“张雪峰称文科都是服务业”一话题引发网友热议。网红考研名师张雪峰称：所有文科都叫服务业，总结起来就是“舔”。12月9日，发文回应称： 我是不是又说错话了，对不起，对不起，我给大家笑一个！我在干嘛，我也在舔。可是我没觉得这有什么所谓的不好啊！！！此后，他又在评论区表示， 做服务业没有不好，可是有的人心里过不去这道坎，我能过去，我就做服务业。你过不去，你就不适合做服务业。我是提醒以为某些专业高大上的人，他的本质，尤其是从业初期阶段要了解后在选择。非要恶意解读的，看了我的言论伤心了的，我向您们道歉。,2023-12-09 20:09,1
2699,【：没觉得这有什么所谓的不好，向看了言论伤心的道歉】近日，“张雪峰称文科都是服务业”一话题引发网友热议。网红考研名师张雪峰称：所有文科都叫服务业，总结起来就是“舔”。12月9日，发文回应称： 我是不是又说错话了，对不起，对不起，我给大家笑一个！ 【：没觉得这有什么所谓的不好，向看了言论伤心的道歉】近日，“张雪峰称文科都是服务业”一话题引发网友热议。网红考研名师张雪峰称：所有文科都叫服务业，总结起来就是“舔”。12月9日，发文回应称： 我是不是又说错话了，对不起，对不起，我给大家笑一个！我在干嘛，我也在舔。可是我没觉得这有什么所谓的不好啊！！！此后，他又在评论区表示， 做服务业没有不好，可是有的人心里过不去这道坎，我能过去，我就做服务业。你过不去，你就不适合做服务业。我是提醒以为某些专业高大上的人，他的本质，尤其是从业初期阶段要了解后在选择。非要恶意解读的，看了我的言论伤心了的，我向您们道歉。,2023-12-09 20:01,1
2703,【：没觉得这有什么所谓的不好，向看了言论伤心的道歉】近日，“张雪峰称文科都是服务业”引发热议。张雪峰称：所有文科都叫服务业，总结起来就是“舔”。12月9日，发文回应称：，“我是不是又 【：没觉得这有什么所谓的不好，向看了言论伤心的道歉】近日，“张雪峰称文科都是服务业”引发热议。张雪峰称：所有文科都叫服务业，总结起来就是“舔”。12月9日，发文回应称：，“我是不是又说错话了，对不起，对不起，我给大家笑一个！你们觉得哪个笑好看，我以后就怎么笑。你看，我在干嘛，我也在舔。可是我没觉得这有什么所谓的不好啊！！！ ”此后，他又在评论区表示， 做服务业没有不好，可是有的人心里过不去这道坎，我能过去，我就做服务业。你过不去，你就不适合做服务业。我是提醒以为某些专业高大上的人，他的本质，尤其是从业初期阶段要了解后在选择。非要恶意解读的，看了我的言论伤心了的，我向您们道歉。（国是直通车）,2023-12-09 20:00,1
2712,【：没觉得这有什么所谓的不好，向看了言论伤心的道歉】近日，“张雪峰称文科都是服务业”一话题引发网友热议。网红考研名师张雪峰称：所有文科都叫服务业，总结起来就是“舔”。12月9日，发文回应称： 我是不是又说错话了，对不起，对不起，我给大家笑一个！ 【：没觉得这有什么所谓的不好，向看了言论伤心的道歉】近日，“张雪峰称文科都是服务业”一话题引发网友热议。网红考研名师张雪峰称：所有文科都叫服务业，总结起来就是“舔”。12月9日，发文回应称： 我是不是又说错话了，对不起，对不起，我给大家笑一个！我在干嘛，我也在舔。可是我没觉得这有什么所谓的不好啊！！！此后，他又在评论区表示， 做服务业没有不好，可是有的人心里过不去这道坎，我能过去，我就做服务业。你过不去，你就不适合做服务业。我是提醒以为某些专业高大上的人，他的本质，尤其是从业初期阶段要了解后在选择。非要恶意解读的，看了我的言论伤心了的，我向您们道歉。,2023-12-09 21:49,1
2724,【】文科都是服务业？“所有的文科专业都叫服务业，总结一个字就是舔。”继今年夏天炮轰新闻学专业之后，张雪峰关于文科的一段言论再度引发争议。面对舆论的质疑，今日午间，张雪峰微博发文致歉。他在评论区表示 【】文科都是服务业？“所有的文科专业都叫服务业，总结一个字就是舔。”继今年夏天炮轰新闻学专业之后，张雪峰关于文科的一段言论再度引发争议。面对舆论的质疑，今日午间，张雪峰微博发文致歉。他在评论区表示， 做服务业没有不好，可是有的人心里过不去这道坎，我能过去，我就做服务业。你过不去，你就不适合做服务业。我是提醒以为某些专业高大上的人，他的本质，尤其是从业初期阶段要了解后在选择。对此多位专家学者对蓝鲸记者表示，不认同张雪峰的说法，其言论过于偏激、极端、片面。就业率方面，根据智联招聘《2022大学生就业力调研报告》，2022 年人文学科毕业生的就业签约率仅12.4%，而理科、工科的就业签约率分别为29.5%和17.3%。从数据来看，文科生就业签约率不到理科生的一半，工资水平也比理科生低1000元到2000元。专业性不强，容易被替代是外界对于文科的普遍看法，即便是在不少文科生自己看来，专业弱势是就业最大的硬伤。（蓝鲸 陆鹏鹏）,2023-12-09 21:39,1
2731,【】文科都是服务业？“所有的文科专业都叫服务业，总结一个字就是舔。”继今年夏天炮轰新闻学专业之后，张雪峰关于文科的一段言论再度引发争议。面对舆论的质疑，今日午间，张雪峰微博发文致歉。他在评论区表示 【】文科都是服务业？“所有的文科专业都叫服务业，总结一个字就是舔。”继今年夏天炮轰新闻学专业之后，张雪峰关于文科的一段言论再度引发争议。面对舆论的质疑，今日午间，张雪峰微博发文致歉。他在评论区表示， 做服务业没有不好，可是有的人心里过不去这道坎，我能过去，我就做服务业。你过不去，你就不适合做服务业。我是提醒以为某些专业高大上的人，他的本质，尤其是从业初期阶段要了解后在选择。对此多位专家学者对蓝鲸记者表示，不认同张雪峰的说法，其言论过于偏激、极端、片面。就业率方面，根据智联招聘《2022大学生就业力调研报告》，2022 年人文学科毕业生的就业签约率仅12.4%，而理科、工科的就业签约率分别为29.5%和17.3%。从数据来看，文科生就业签约率不到理科生的一半，工资水平也比理科生低1000元到2000元。专业性不强，容易被替代是外界对于文科的普遍看法，即便是在不少文科生自己看来，专业弱势是就业最大的硬伤。（蓝鲸 陆鹏鹏）,2023-12-09 21:26,1
2764,【“文科都是服务业”？言论再引“文理”之争 张雪峰发文道歉】近日，网红考研名师张雪峰直播时称“文科专业都叫服务业”“总结成一个字就是‘舔’”，相关言论引发热议。12月9日中午，发文道歉：“我是不是又说错话了？对不起，我给大家笑一个。”在评论区，张 【“文科都是服务业”？言论再引“文理”之争 张雪峰发文道歉】近日，网红考研名师张雪峰直播时称“文科专业都叫服务业”“总结成一个字就是‘舔’”，相关言论引发热议。12月9日中午，发文道歉：“我是不是又说错话了？对不起，我给大家笑一个。”在评论区，张雪峰补充留言称：做服务业没有不好，“向看了我的言论伤心的人道歉”。张雪峰还表示，他是想提醒以为某些专业高大上的人，尤其是从业初期阶段，要了解本质后再做选择。,2023-12-09 22:46,1
2795,【：没觉得这有什么所谓的不好，向看了言论伤心的道歉】近日，“张雪峰称文科都是服务业”一话题引发网友热议。网红考研名师张雪峰称：所有文科都叫服务业，总结起来就是“舔”。12月9日，发文回应称： 我是不是又说错话了，对不起，对不起，我给大家笑一个！ 【：没觉得这有什么所谓的不好，向看了言论伤心的道歉】近日，“张雪峰称文科都是服务业”一话题引发网友热议。网红考研名师张雪峰称：所有文科都叫服务业，总结起来就是“舔”。12月9日，发文回应称： 我是不是又说错话了，对不起，对不起，我给大家笑一个！我在干嘛，我也在舔。可是我没觉得这有什么所谓的不好啊！！！此后，他又在评论区表示， 做服务业没有不好，可是有的人心里过不去这道坎，我能过去，我就做服务业。你过不去，你就不适合做服务业。我是提醒以为某些专业高大上的人，他的本质，尤其是从业初期阶段要了解后在选择。非要恶意解读的，看了我的言论伤心了的，我向您们道歉。,2023-12-09 22:07,1
2825,【】文科都是服务业？“所有的文科专业都叫服务业，总结一个字就是舔。”继今年夏天炮轰新闻学专业之后，张雪峰关于文科的一段言论再度引发争议。面对舆论的质疑，今日午间，张雪峰微博发文致歉。他在评论区表示 【】文科都是服务业？“所有的文科专业都叫服务业，总结一个字就是舔。”继今年夏天炮轰新闻学专业之后，张雪峰关于文科的一段言论再度引发争议。面对舆论的质疑，今日午间，张雪峰微博发文致歉。他在评论区表示， 做服务业没有不好，可是有的人心里过不去这道坎，我能过去，我就做服务业。你过不去，你就不适合做服务业。我是提醒以为某些专业高大上的人，他的本质，尤其是从业初期阶段要了解后在选择。对此多位专家学者对蓝鲸记者表示，不认同张雪峰的说法，其言论过于偏激、极端、片面。就业率方面，据智联招聘《2022大学生就业力调研报告》，2022 年人文学科毕业生的就业签约率仅12.4%，而理科、工科的就业签约率分别为29.5%和17.3%。从数据来看，文科生就业签约率不到理科生的一半，工资水平也比理科生低1000元到2000元。专业性不强，容易被替代是外界对于文科的普遍看法，即便是在不少文科生自己看来，专业弱势是就业最大的硬伤。（来源：蓝鲸财经）,2023-12-09 23:10,1
2866,【】文科都是服务业？“所有的文科专业都叫服务业，总结一个字就是舔。”继今年夏天炮轰新闻学专业之后，张雪峰关于文科的一段言论再度引发争议。面对舆论的质疑，今日午间，张雪峰微博发文致歉。他在评论区表示 【】文科都是服务业？“所有的文科专业都叫服务业，总结一个字就是舔。”继今年夏天炮轰新闻学专业之后，张雪峰关于文科的一段言论再度引发争议。面对舆论的质疑，今日午间，张雪峰微博发文致歉。他在评论区表示， 做服务业没有不好，可是有的人心里过不去这道坎，我能过去，我就做服务业。你过不去，你就不适合做服务业。我是提醒以为某些专业高大上的人，他的本质，尤其是从业初期阶段要了解后在选择。对此多位专家学者对蓝鲸记者表示，不认同张雪峰的说法，其言论过于偏激、极端、片面。就业率方面，根据智联招聘《2022大学生就业力调研报告》，2022 年人文学科毕业生的就业签约率仅12.4%，而理科、工科的就业签约率分别为29.5%和17.3%。从数据来看，文科生就业签约率不到理科生的一半，工资水平也比理科生低1000元到2000元。专业性不强，容易被替代是外界对于文科的普遍看法，即便是在不少文科生自己看来，专业弱势是就业最大的硬伤。（蓝鲸 陆鹏鹏）,2023-12-10 01:24,1
2908,发帖【：没觉得这有什么所谓的不好，向看了言论伤心的道歉】近日，“张雪峰称文科都是服务业”一话题引发网友热议。网红考研名师张雪峰称：所有文科都叫服务业，总结起来就是“舔”。12月9日，发文回应称： 我是不是又说错话了，对不起，对 发帖【：没觉得这有什么所谓的不好，向看了言论伤心的道歉】近日，“张雪峰称文科都是服务业”一话题引发网友热议。网红考研名师张雪峰称：所有文科都叫服务业，总结起来就是“舔”。12月9日，发文回应称： 我是不是又说错话了，对不起，对不起，我给大家笑一个！我在干嘛，我也在舔。可是我没觉得这有什么所谓的不好啊！！！此后，他又在评论区表示， 做服务业没有不好，可是有的人心里过不去这道坎，我能过去，我就做服务业。你过不去，你就不适合做服务业。我是提醒以为某些专业高大上的人，他的本质，尤其是从业初期阶段要了解后在选择。非要恶意解读的，看了我的言论伤心了的，我向您们道歉。,2023-12-10 05:02,1
2935,【如果你是文科生？】近日，张雪峰称文科都是服务业话题引发网友热议。网红考研名师张雪峰称：所有文科都叫服务业，总结起来就是“舔”。12月9日，发文回应称： 我是不是又说错话了，对不起，对不起，我给大家笑一个！我在干嘛， 【如果你是文科生？】近日，张雪峰称文科都是服务业话题引发网友热议。网红考研名师张雪峰称：所有文科都叫服务业，总结起来就是“舔”。12月9日，发文回应称： 我是不是又说错话了，对不起，对不起，我给大家笑一个！我在干嘛，我也在舔。可是我没觉得这有什么所谓的不好啊！如果你是文科生你介意文科都是服务业的说法吗？,2023-12-10 08:51,1
2936,【如果你是文科生？】近日，张雪峰称文科都是服务业话题引发网友热议。网红考研名师张雪峰称：所有文科都叫服务业，总结起来就是“舔”。12月9日，发文回应称： 我是不是又说错话了，对不起，对不起，我给大家笑一个！我在干嘛， 【如果你是文科生？】近日，张雪峰称文科都是服务业话题引发网友热议。网红考研名师张雪峰称：所有文科都叫服务业，总结起来就是“舔”。12月9日，发文回应称： 我是不是又说错话了，对不起，对不起，我给大家笑一个！我在干嘛，我也在舔。可是我没觉得这有什么所谓的不好啊！如果你是文科生你介意文科都是服务业的说法吗？,2023-12-10 08:51,1
2937,【如果你是文科生？】近日，张雪峰称文科都是服务业话题引发网友热议。网红考研名师张雪峰称：所有文科都叫服务业，总结起来就是“舔”。12月9日，发文回应称： 我是不是又说错话了，对不起，对不起，我给大家笑一个！我在干嘛， 【如果你是文科生？】近日，张雪峰称文科都是服务业话题引发网友热议。网红考研名师张雪峰称：所有文科都叫服务业，总结起来就是“舔”。12月9日，发文回应称： 我是不是又说错话了，对不起，对不起，我给大家笑一个！我在干嘛，我也在舔。可是我没觉得这有什么所谓的不好啊！如果你是文科生你介意文科都是服务业的说法吗？,2023-12-10 08:51,1
2938,【如果你是文科生？】近日，张雪峰称文科都是服务业话题引发网友热议。网红考研名师张雪峰称：所有文科都叫服务业，总结起来就是“舔”。12月9日，发文回应称： 我是不是又说错话了，对不起，对不起，我给大家笑一个！我在干嘛， 【如果你是文科生？】近日，张雪峰称文科都是服务业话题引发网友热议。网红考研名师张雪峰称：所有文科都叫服务业，总结起来就是“舔”。12月9日，发文回应称： 我是不是又说错话了，对不起，对不起，我给大家笑一个！我在干嘛，我也在舔。可是我没觉得这有什么所谓的不好啊！如果你是文科生你介意文科都是服务业的说法吗？,2023-12-10 08:51,1
2939,【如果你是文科生？】近日，张雪峰称文科都是服务业话题引发网友热议。网红考研名师张雪峰称：所有文科都叫服务业，总结起来就是“舔”。12月9日，发文回应称： 我是不是又说错话了，对不起，对不起，我给大家笑一个！我在干嘛， 【如果你是文科生？】近日，张雪峰称文科都是服务业话题引发网友热议。网红考研名师张雪峰称：所有文科都叫服务业，总结起来就是“舔”。12月9日，发文回应称： 我是不是又说错话了，对不起，对不起，我给大家笑一个！我在干嘛，我也在舔。可是我没觉得这有什么所谓的不好啊！如果你是文科生你介意文科都是服务业的说法吗？,2023-12-10 08:51,1
2940,【如果你是文科生？】近日，张雪峰称文科都是服务业话题引发网友热议。网红考研名师张雪峰称：所有文科都叫服务业，总结起来就是“舔”。12月9日，发文回应称： 我是不是又说错话了，对不起，对不起，我给大家笑一个！我在干嘛， 【如果你是文科生？】近日，张雪峰称文科都是服务业话题引发网友热议。网红考研名师张雪峰称：所有文科都叫服务业，总结起来就是“舔”。12月9日，发文回应称： 我是不是又说错话了，对不起，对不起，我给大家笑一个！我在干嘛，我也在舔。可是我没觉得这有什么所谓的不好啊！如果你是文科生你介意文科都是服务业的说法吗？,2023-12-10 08:51,1
2941,【如果你是文科生？】近日，张雪峰称文科都是服务业话题引发网友热议。网红考研名师张雪峰称：所有文科都叫服务业，总结起来就是“舔”。12月9日，发文回应称： 我是不是又说错话了，对不起，对不起，我给大家笑一个！我在干嘛， 【如果你是文科生？】近日，张雪峰称文科都是服务业话题引发网友热议。网红考研名师张雪峰称：所有文科都叫服务业，总结起来就是“舔”。12月9日，发文回应称： 我是不是又说错话了，对不起，对不起，我给大家笑一个！我在干嘛，我也在舔。可是我没觉得这有什么所谓的不好啊！如果你是文科生你介意文科都是服务业的说法吗？,2023-12-10 08:51,1
2943,【如果你是文科生？】近日，张雪峰称文科都是服务业话题引发网友热议。网红考研名师张雪峰称：所有文科都叫服务业，总结起来就是“舔”。12月9日，发文回应称： 我是不是又说错话了，对不起，对不起，我给大家笑一个！我在干嘛， 【如果你是文科生？】近日，张雪峰称文科都是服务业话题引发网友热议。网红考研名师张雪峰称：所有文科都叫服务业，总结起来就是“舔”。12月9日，发文回应称： 我是不是又说错话了，对不起，对不起，我给大家笑一个！我在干嘛，我也在舔。可是我没觉得这有什么所谓的不好啊！如果你是文科生你介意文科都是服务业的说法吗？,2023-12-10 08:48,1
2944,【如果你是文科生？】近日，张雪峰称文科都是服务业话题引发网友热议。网红考研名师张雪峰称：所有文科都叫服务业，总结起来就是“舔”。12月9日，发文回应称： 我是不是又说错话了，对不起，对不起，我给大家笑一个！我在干嘛， 【如果你是文科生？】近日，张雪峰称文科都是服务业话题引发网友热议。网红考研名师张雪峰称：所有文科都叫服务业，总结起来就是“舔”。12月9日，发文回应称： 我是不是又说错话了，对不起，对不起，我给大家笑一个！我在干嘛，我也在舔。可是我没觉得这有什么所谓的不好啊！如果你是文科生你介意文科都是服务业的说法吗？,2023-12-10 08:48,1
3078,【：没觉得这有什么所谓的不好，向看了言论伤心的道歉】近日，“张雪峰称文科都是服务业”一话题引发网友热议。网红考研名师张雪峰称：所有文科都叫服务业，总结起来就是“舔”。12月9日，发文回应称： 我是不是又说错话了，对不起，对不起，我给大家笑一个！ 【：没觉得这有什么所谓的不好，向看了言论伤心的道歉】近日，“张雪峰称文科都是服务业”一话题引发网友热议。网红考研名师张雪峰称：所有文科都叫服务业，总结起来就是“舔”。12月9日，发文回应称： 我是不是又说错话了，对不起，对不起，我给大家笑一个！我在干嘛，我也在舔。可是我没觉得这有什么所谓的不好啊！！！此后，他又在评论区表示， 做服务业没有不好，可是有的人心里过不去这道坎，我能过去，我就做服务业。你过不去，你就不适合做服务业。我是提醒以为某些专业高大上的人，他的本质，尤其是从业初期阶段要了解后在选择。非要恶意解读的，看了我的言论伤心了的，我向您们道歉。,2023-12-10 12:49,1
3129,【称“文科都是服务业 总结起来就是舔” 张雪峰道歉】面对舆论的质疑，12月9日，张雪峰微博发文致歉，他在评论区表示， 做服务业没有不好，可是有的人心里过不去这道坎，我能过去，我就做服务业。你过不去，你就不适合做服务业。我是提醒以为某些专业高大上的人，他的本质，尤其是从业初期阶段要了解后 【称“文科都是服务业 总结起来就是舔” 张雪峰道歉】面对舆论的质疑，12月9日，张雪峰微博发文致歉，他在评论区表示， 做服务业没有不好，可是有的人心里过不去这道坎，我能过去，我就做服务业。你过不去，你就不适合做服务业。我是提醒以为某些专业高大上的人，他的本质，尤其是从业初期阶段要了解后再选择。非要恶意解读的，看了我的言论伤心了的，我向您们道歉。,2023-12-10 14:40,1
3134,张雪峰称文科都是服务业，总结起来就是“舔”，本人回应：没觉得这有什么所谓的不好，向看了言论伤心的道歉。,2023-12-10 14:20,1
3330,【：没觉得这有什么所谓的不好，向看了言论伤心的道歉】近日，“张雪峰称文科都是服务业”一话题引发网友热议。网红考研名师张雪峰称：所有文科都叫服务业，总结起来就是“舔”。12月9日，张雪峰老师发文回应称： 我是不是又说错话了，对不起，对不起，我给大家笑一个！我 【：没觉得这有什么所谓的不好，向看了言论伤心的道歉】近日，“张雪峰称文科都是服务业”一话题引发网友热议。网红考研名师张雪峰称：所有文科都叫服务业，总结起来就是“舔”。12月9日，张雪峰老师发文回应称： 我是不是又说错话了，对不起，对不起，我给大家笑一个！我在干嘛，我也在舔。可是我没觉得这有什么所谓的不好啊！！！此后，他又在评论区表示， 做服务业没有不好，可是有的人心里过不去这道坎，我能过去，我就做服务业。你过不去，你就不适合做服务业。我是提醒以为某些专业高大上的人，他的本质，尤其是从业初期阶段要了解后在选择。非要恶意解读的，看了我的言论伤心了的，我向您们道歉。,2023-12-11 09:46,1
3368,【】此前，考研名师张雪峰在直播中称，所有文科都叫服务业，引发网友讨论，随后张雪峰发文回应：我是不是又说错话了，对不起。你赞同文科都是服务业的说法吗？,2023-12-11 11:57,1
3446,张雪峰：所有文科专业都是服务业，总结起来就是一个字舔！,2023-12-11 22:25,1
3455,【：没觉得这有什么所谓的不好，向看了言论伤心的道歉】近日，“张雪峰称文科都是服务业”一话题引发网友热议。网红考研名师张雪峰称：所有文科都叫服务业，总结起来就是“舔”。12月9日，发文回应称： 我是不是又说错话了，对不起，对不起，我给大家笑一个！ 【：没觉得这有什么所谓的不好，向看了言论伤心的道歉】近日，“张雪峰称文科都是服务业”一话题引发网友热议。网红考研名师张雪峰称：所有文科都叫服务业，总结起来就是“舔”。12月9日，发文回应称： 我是不是又说错话了，对不起，对不起，我给大家笑一个！我在干嘛，我也在舔。可是我没觉得这有什么所谓的不好啊！！！此后，他又在评论区表示， 做服务业没有不好，可是有的人心里过不去这道坎，我能过去，我就做服务业。你过不去，你就不适合做服务业。我是提醒以为某些专业高大上的人，他的本质，尤其是从业初期阶段要了解后在选择。非要恶意解读的，看了我的言论伤心了的，我向您们道歉。,2023-12-12 07:48,1
3530,张雪峰回应“文科都是服务业”言论：没觉得这有什么所谓的不好，向看了言论伤心的道歉。你怎么看？,2023-12-13 15:43,1
