#五月天巴黎演唱会#,Query time: 2023-12-17 22:57:48
五月天柏林演唱会盛夏光年,12月02日 15:48
玛莎神仙家庭参观日常 ,12月02日 13:06
阿信ig直播 五月天柏林演唱会,12月02日 11:58
【全程直播】一起见证🌍地球上最后一场「No.77好好好想见到你」🖐🏻⏰ 巴黎标准时间 12/07 pm 08:00@ imayday55555 ins全程直播⏰ 北京标准时间12/08 am 03:00起Weibo微博 即时上传全程热唱3小时  真正唱到天亮！感谢你们的真心 让五 【全程直播】一起见证🌍地球上最后一场「No.77好好好想见到你」🖐🏻⏰ 巴黎标准时间 12/07 pm 08:00@ imayday55555 ins全程直播⏰ 北京标准时间12/08 am 03:00起Weibo微博 即时上传全程热唱3小时  真正唱到天亮！感谢你们的真心 让五月天都听到邀请全球所有角落朋友一起参与,12月03日 23:27
【全程直播】一起见证🌍地球上最后一场「No.77好好好想见到你」🖐🏻⏰ 巴黎标准时间 12/07 pm 08:00@ imayday55555 ins全程直播⏰ 北京标准时间12/08 am 03:00起Weibo微博 即时上传全程热唱3小时  真正唱到天亮！感谢你们的真心 让五月天都听 【全程直播】一起见证🌍地球上最后一场「No.77好好好想见到你」🖐🏻⏰ 巴黎标准时间 12/07 pm 08:00@ imayday55555 ins全程直播⏰ 北京标准时间12/08 am 03:00起Weibo微博 即时上传全程热唱3小时  真正唱到天亮！感谢你们的真心 让五月天都听到邀请全球所有角落朋友一起参与,12月03日 23:22
不在乎誰能懂世界再大不過你和我用最小回憶堆成宇宙,12月03日 17:48
无所畏惧这群小黑粉 根本不值得我们鸟他们无条件相信,12月04日 14:37
请各位不要被混淆概念了这完全是博取流量行为因为垫音≠ 假唱哪里有什么一句假 或者 一段假 这种概念啊！这种无良博主就是利用这个吸引眼球上热搜啊！,12月04日 00:59
他喜欢阴天他喜欢偷吃泡面他喜欢半夜出门散步他喜欢冷冷空气里散步他喜欢听小时候喜欢的老歌他喜欢突然发现了一首新歌他喜欢写出一首让我们喜欢的歌他喜欢把便当里不喜欢的菜吃完他喜欢发文后和我们一起在留言里打闹他喜欢克服那些不喜欢的事物的成 他喜欢阴天他喜欢偷吃泡面他喜欢半夜出门散步他喜欢冷冷空气里散步他喜欢听小时候喜欢的老歌他喜欢突然发现了一首新歌他喜欢写出一首让我们喜欢的歌他喜欢把便当里不喜欢的菜吃完他喜欢发文后和我们一起在留言里打闹他喜欢克服那些不喜欢的事物的成就感他喜欢和朋友打输电玩大家气愤地说再来一场-我们也喜欢-因为我们也很喜欢你,12月05日 22:33
玛莎神仙家庭巴黎日常,12月05日 22:06
,12月05日 22:06
五迷老师看过来！,12月05日 22:04
神仙家庭巴黎日常,12月05日 10:38
哈特软软,12月05日 10:13
祝你一个好梦喔有被咏咏治愈到,12月05日 10:10
多希望 巴黎 来个人帮我点《夜访吸血鬼》我听五月天的第一首歌 入坑曲,12月05日 00:46
,12月06日 23:17
好久没碰到这么大的阵仗了感觉得多发几条留个纪念说了是真唱了线上见，不来就是认输了 ,12月06日 22:47
【ig  五图】「我心中尚未崩壞的地方」，是一首從最低處的吟唱，飆升到最高處的嘶吼。每次唱這足10拍E6的高音，總是跪足捶地，彷彿如此，才能跟自己確認，抵達了至高的山巔。當然，每次的嘶吼，每一場，每一聲，都來自於我依賴了24年的嗓子。除了真唱，否則 【ig  五图】「我心中尚未崩壞的地方」，是一首從最低處的吟唱，飆升到最高處的嘶吼。每次唱這足10拍E6的高音，總是跪足捶地，彷彿如此，才能跟自己確認，抵達了至高的山巔。當然，每次的嘶吼，每一場，每一聲，都來自於我依賴了24年的嗓子。除了真唱，否則沒有其他感動你的方式。/雖然不是那種完美天籟，但我有信心直擊感動你心。當用盡全力的最高音唱罷之後，我都會奮力再次站起，只因我心不曾崩壞，只因此刻看著這篇文的你，依然在人生的某個轉角，等待五月天與滿頭銀髮的你，在人生繁華落盡時，再次合唱起我們一生一次的青春。,12月06日 22:42
✋✋✋✋✋生日快乐给宇宙无敌超级大帅哥阿老师！,12月06日 22:27
祝五月天阿信12.6生日快乐，期待“好好好想见到你”巡演巴黎站全球直播。,12月06日 11:18
我们也爱你,12月06日 08:56
早安「 为我爱的人，做一秒英雄 」🖐🏻 ,12月06日 07:42
紧跟热搜，后天巴黎见,12月06日 03:27
千言萬語擁擠我的宇宙生日快樂,12月06日 00:00
看了下，那些五月天的饭圈粉丝说辞无外乎：1.《认为假唱的不要抢票》2.《没去过现场的不能评判》3.《光是见到偶像就已经很满足了》4.《他们演唱会什么样我都乐意去》5.《别人不也这样吗》6.《我看的现场很卖力，肯定没假唱》7.《看了现场吗就说对口型》8.《你们不懂演唱会的意义所在 看了下，那些五月天的饭圈粉丝说辞无外乎：1.《认为假唱的不要抢票》2.《没去过现场的不能评判》3.《光是见到偶像就已经很满足了》4.《他们演唱会什么样我都乐意去》5.《别人不也这样吗》6.《我看的现场很卖力，肯定没假唱》7.《看了现场吗就说对口型》8.《你们不懂演唱会的意义所在》9.《不一直这样吗，动了谁的蛋糕了》10.《别来找存在感，你的票呢》  11.《你是xxx的粉丝吧！》……你细品，那些饭圈粉丝的三观如上。另外想强调，五月天的理智歌迷和饭圈粉丝并非同一拨人。但凡看过b站那个博主的三条视频，其实已经很明显了，包括第三条视频，三场不同时空的演唱会，同一首歌居然听感是一模一样的。果然是科技与狠活。,12月08日 00:00
我就想说，这么多年反正钱也赚够了，差不多得了退休回家养老不好吗？非要闹个晚节不保才罢休吗？他们就出来道个歉，解释一下，就说连开八天强度太大，保证不了质量，怕粉丝失望有些歌放了音频，这事儿就甩给主办方了，还能收获一波打工人的同情！,12月07日 23:59
熬夜看的，不是傻子就是呆子！自己在家听CD不好么？ ,12月07日 23:59
好久见不到这么嘴硬的老idol了，人家可能只是垫音开到最大声，罪魁祸首可能就是🎤质量不好收不到主唱大人的盛世之音，主唱大人可太委屈了，怎么能是假唱呢？？？哪条法律定义了这是假唱！华语高音老idol团人品就是这么真诚，小作文把心都剖开给大家看，人家的倾情表演都是给真爱 好久见不到这么嘴硬的老idol了，人家可能只是垫音开到最大声，罪魁祸首可能就是🎤质量不好收不到主唱大人的盛世之音，主唱大人可太委屈了，怎么能是假唱呢？？？哪条法律定义了这是假唱！华语高音老idol团人品就是这么真诚，小作文把心都剖开给大家看，人家的倾情表演都是给真爱他们的五迷老师看的，跟聪明的路人有什么关系！,12月07日 23:59
咋是凌晨3点,12月07日 23:59
感觉学到了这帮粉丝一种立于不败之地的逻辑：对没去看演唱会的人：你没看演唱会你就知道他假唱了？去了的都知道是真唱！对去看了演唱会，买的票不够贵的人：坐那么后面看大屏幕就说是假唱？内场的都知道是真唱！对买了内场票的人：行行行，以后别买票了，把票让给我们吧我好多看几场 感觉学到了这帮粉丝一种立于不败之地的逻辑：对没去看演唱会的人：你没看演唱会你就知道他假唱了？去了的都知道是真唱！对去看了演唱会，买的票不够贵的人：坐那么后面看大屏幕就说是假唱？内场的都知道是真唱！对买了内场票的人：行行行，以后别买票了，把票让给我们吧我好多看几场！说真的，我觉得商业性演唱会假唱可以类比超市卖假货了。是有一部分买了的人可以说自己不介意，但居然还有人拦着说大实话的人，并表示希望对方把假货让给自己，真的大开眼界。所以说人还是不要轻易成为路人粉以上的粉丝，那真的会让你成为你从前不认识的样子的。,12月07日 23:59
去吗五月天的歌迷 ,12月07日 23:59
吃瓜没吃完整 假唱是真的吗,12月07日 23:59
懂了吗还没到时间呢就开始黑了,12月07日 23:59
哈哈哈，有人会看吗？晚上3点...,12月07日 23:58
没想到这把年纪，还为我家胡萝卜熬了好几个大夜！白天上班，下班忙慌赶回家，见缝插针两三小时画画，为胡萝卜操碎了心。🥕,12月07日 23:58
舆论这么踩，3点有多少人起来看直播呢,12月07日 23:58
真的假唱了吗 ,12月07日 23:58
为了黑而黑，说选择凌晨三点的，你们不知道国内外时差这个东西吗，我看你们一个个发表的都替你们觉得尴尬，大半夜被气笑了,12月07日 23:57
明早上看回放。 ,12月07日 23:57
没去看过现场演唱会的就不要嘴了，这种事情静待调查结果就好了...... ,12月07日 23:57
除了棒子，是不是还需要炸鸡啊,12月07日 23:56
演唱会顺利！困,12月07日 23:56
阿信心态够好的，这么多声音依然我行我素的，也是一种能力 ,12月07日 23:56
嗯，好吧好吧祝你顺利 ,12月07日 23:56
你们看吧，我睡了，对于我来说这跟前面的事毫无关系，我等最终的鉴定就行了 ,12月07日 23:55
五月天巴黎演唱会之真唱：山路十八弯，让我们一起欣赏：音准和E6。,12月07日 23:55
演唱会顺利！！ ,12月07日 23:55
嗯，好的好的,12月07日 23:55
凌晨三点，鬼听你唱啊 ,12月07日 23:54
凌晨3点直播见，希望不要睡着啦,12月07日 23:54
五月天这一场绝对没有假唱 ！,12月07日 23:53
和小伙伴们定了线下ktv总统套，青春感恩有你，在我人生最低谷的时候给我带来力量，如今30而立，我，我们，此时此刻，都是五月天！🖐🏻 ,12月07日 23:53
巴黎演唱会是第77场，最后一场，这场直播肯定是不敢假唱了，其实也很好判断，假唱的时候，就是一点点主声感都没了，完全像是伴奏和主音傻傻分不清楚。开了这么多场，如果真的唱不动了，学学周杰伦啊，邀请龚俊，王俊凯，邓紫棋明星小弟来帮唱一下。龚俊跑调都抓不回来，也没人说，因为是真唱呀。 巴黎演唱会是第77场，最后一场，这场直播肯定是不敢假唱了，其实也很好判断，假唱的时候，就是一点点主声感都没了，完全像是伴奏和主音傻傻分不清楚。开了这么多场，如果真的唱不动了，学学周杰伦啊，邀请龚俊，王俊凯，邓紫棋明星小弟来帮唱一下。龚俊跑调都抓不回来，也没人说，因为是真唱呀。,12月07日 23:53
看看这次直播的音有没有之前准,12月07日 23:53
好！希望祝你们好运吧！不知道这一场能不能证明你们是不是真假唱哦！只能说演唱会顺利吧！ ,12月07日 23:52
准备先睡一觉凌晨三点起来当“神经病”😝 ,12月07日 23:52
吃瓜许久，还是等官方调查结果吧。但这两天在热门微博下看到一些评论，还是蛮吃惊的。对于演唱会而言，不管是粉丝/歌迷也好，还是路人粉也罢，那都是真金白银花钱去的，甚至很多都是花高价去的。如果过程中，违背了一些“初心”，那确实不应该了……（所以有些说这并不是原则性问 吃瓜许久，还是等官方调查结果吧。但这两天在热门微博下看到一些评论，还是蛮吃惊的。对于演唱会而言，不管是粉丝/歌迷也好，还是路人粉也罢，那都是真金白银花钱去的，甚至很多都是花高价去的。如果过程中，违背了一些“初心”，那确实不应该了……（所以有些说这并不是原则性问题，那想请问，对于演唱会要求而言，什么属于原则性问题呢）,12月07日 23:52
,12月07日 23:52
那一年天空很高，风很清澈，从头到脚都很快乐💙 ,12月07日 23:52
哈哈哈哈 好可爱呀,12月07日 23:52
我有票 但 没时间去 我笑死我真是服了我 ,12月07日 23:51
五月天这首歌真的唱出了该有的气质和品质，好喜欢……期待凌晨演唱会的全民见证,12月07日 23:51
不懂他们的人才会觉得这场直播只是为了向大家证明他们没有假唱他们无需证明 混迹娱乐圈几十年不是白混的他们早就跳出了自证陷阱难道某些人口中的这场真唱又不代表以前没假唱他们会想不到吗？哈哈哈哈哈他们当然能想到，也当然知道这次舆论风波的源头和真正利害关系这场直播更多 不懂他们的人才会觉得这场直播只是为了向大家证明他们没有假唱他们无需证明 混迹娱乐圈几十年不是白混的他们早就跳出了自证陷阱难道某些人口中的这场真唱又不代表以前没假唱他们会想不到吗？哈哈哈哈哈他们当然能想到，也当然知道这次舆论风波的源头和真正利害关系这场直播更多的是他们对粉丝的回馈！是对今年最后一场三好的纪念！他们知道这场风波给wmls们带来了很多心力损耗在想办法找补我们呢当然，也更如阿信说的那样 不打不相识希望大家能借此感受到他的真诚你塞给他满玻璃渣，他也会从口袋掏出糖果给你他就是这么温柔善良世間豈能事事順從我意，但求足跡無愧於心。最后，记得要起床喔,12月07日 23:51
凌晨三点睡了睡了,12月07日 23:51
可恶的重庆万科物业！！不作为！天价物业费！2年不作为！管理人员态度恶劣嚣张！不解决问题！只知道收天价10元/m物业费！重庆地头蛇嚣张跋扈！天理何在！迫害老百姓！欺人太甚！,12月07日 23:50
有没有一种可能，宇宙天团全平台直播是为了赚这个流量钱补贴假一赔三啊？！据说B站抖音都直播,12月07日 23:50
大费周章去巴黎办演唱会，最后给假唱买单的还是中国人，全世界割中国人的韭菜就算了，钱已经这么好挣了还要假唱,12月07日 23:50
想去巴黎,12月07日 23:50
哪个神经病会凌晨三点听假唱啊 ,12月07日 23:50
,12月07日 23:49
今晚质疑的乐色们都别睡，三点起来看噢,12月07日 23:49
准备好啦！！全民参与  全民见证全民弹幕摇滚区   留言看台区打卡🎉🌍地球上最后一场「No.77好好好想见到你」🖐🏻⏰ 巴黎标准时间 12/07 pm 08:00@ imayday55555 Instagram 全程直播⏰ 北京标准时间12/08 am 03:00起Weibo微博 即时上传全程热唱3小时 准备好啦！！全民参与  全民见证全民弹幕摇滚区   留言看台区打卡🎉🌍地球上最后一场「No.77好好好想见到你」🖐🏻⏰ 巴黎标准时间 12/07 pm 08:00@ imayday55555 Instagram 全程直播⏰ 北京标准时间12/08 am 03:00起Weibo微博 即时上传全程热唱3小时  真正唱到天亮！感谢你们的真心 让五月天都听到邀请全球所有角落朋友一起参与-,12月07日 23:49
你们看，我明早看你们剪辑的精彩 ,12月07日 23:48
好好好 那我就熬夜看看！！！,12月07日 23:47
cue我们线上摇滚区了,12月07日 23:47
期待阿信老师的十拍E6,12月07日 23:47
不是，在哪播，你倒是放个🔗啊，我倒要看看今天晚上有多热闹 ,12月07日 23:47
花了多少钱，把声明压在最后一场之后公布，这次真唱了就可以洗前面没假唱是吧 ,12月07日 23:47
凌晨三点啊,12月07日 23:47
先骗得过自己才能骗粉丝，还地球最后一场，怕是想割最后一波韭菜 ,12月07日 23:45
说实话没看过他们 演唱会的人这些天被他们一些好听的歌吸引了，以前爱听的歌，第三季就喜欢听的歌，而这次风波事件，就喜欢五月天他们的歌。#伤心的人别听慢歌# 蛮好听的。 ,12月07日 23:45
好吧好吧 ,12月07日 23:45
作为华语乐坛的顶级天团，五月天一直用音乐才华和真诚的态度赢得了无数粉丝的喜爱。希望这次不要令大家失望吧！ ,12月07日 23:45
这真是顶流的待遇了，换着词条的往上顶，看了看实时，基本没活人，都不用和你们这漏洞百出的抹黑计较 ,12月07日 23:45
试验投屏完毕，静待三点有麦有大屏，这体验怎么说！！！希望大家能享受这次风波给我们带来的线上演唱会！！！当然如果您是为了找五月天黑点，您要不是yxh，洗洗睡吧，明天也能黑，一定会有角度黑，不行还能喷唱功呢～ ,12月07日 23:44
为什么要凌晨时间,12月07日 23:43
我说怎么在这个时间点，原来是在巴黎开演唱会啊，那只能第二天看录播了呀！,12月07日 23:43
我就想知道在哪个平台直播，我到现在都不怎么，不知道我看漏了，还是我根本没有看到,12月07日 23:42
期待陈信宏的10拍E6，一起见证奇迹！ ,12月07日 23:42
很喜欢的国家城市！发现已经有保存啦 ,12月07日 23:41
闹钟调好，等着了。就是还没睡着。,12月07日 23:41
六月雪的粉丝你们听着，如果他在国外没假唱，就是看不起你们。凭什么国外真唱是吧，做不到你们集体脱粉l ,12月07日 23:40
捣鼓了很久，终于搞成了，睡觉！！！！！ ,12月07日 23:39
去巴黎也假唱吗 ,12月07日 23:39
所以上海的为什么假唱你巴黎要来全真唱和上海有关系吗 ,12月07日 23:39
笑死，之前“假唱”，和现在直播唱，有联系吗？ ,12月07日 23:39
巴黎铁塔下的城市~祝演唱会顺利，等你们回来 ,12月07日 23:39
今晚訂好鬧鐘⏰ ,12月07日 23:38
好的,12月07日 23:38
【解忧计划】——心灵集市，与“心”的美好相遇,12月07日 23:38
国内不允许假唱，跑到国外圈钱了吗…… ,12月07日 23:38
国内假唱了，国外你也要假唱，不能双标， ,12月07日 23:37
不睡了等到三点直接听盛宴 ,12月07日 23:37
尽量用通俗的乐理讲讲E6到底有多恐怖吧E6和小字三组e这种，我想一般人没学过乐理肯定不明白到底什么意思，这里我用不太严谨但结果上没错的方式来给大家讲讲E6的恐怖。首先大家一般都知道简谱do re mi fa sol la si ，也就是1234567。这个E我们可以不严谨的理解为mi，E6的这个6表示八度分组，E6比E5 尽量用通俗的乐理讲讲E6到底有多恐怖吧E6和小字三组e这种，我想一般人没学过乐理肯定不明白到底什么意思，这里我用不太严谨但结果上没错的方式来给大家讲讲E6的恐怖。首先大家一般都知道简谱do re mi fa sol la si ，也就是1234567。这个E我们可以不严谨的理解为mi，E6的这个6表示八度分组，E6比E5高八度E5比E4高八度以此类推。那么我们一般说的1234567是多高呢？其实就是第4组，也就是E4所在的这个八度。也就是说E6比我们通常用的mi高两个八度。那有人可能会说了，这也没多高吧，一个歌坛巨星超两个八度很难吗？错，其实是三个八度！这里面涉及到男唱谱、简谱记谱法的问题就不多讲了，从结果而言，我们常用的1234567如果是男声，实际音高要低一个八度。也就是说，男声一般都是唱E3的，唱到覆盖E4那个八度的叫男高音，再上到E5已经是倍高音了，唱到E6还能持续十拍，恭喜阿信荣升顶级女高音歌唱家，我听过E6控制最好的是张靓颖，但持续不了一般意义上的十拍。E6对于男歌手毫无疑问已经属于海豚音也就是哨音的范畴了，对于人嗓，这个高度基本只剩下音高的表达而失去了阐述音乐的能力。,12月07日 23:37
网友又发现一条视频 “我决定不爱了……”都没唱，可是居然正常出声，标准声，不是和声之类,12月07日 23:37
林俊杰说连开三场差不多是极限了，嗓子受不了，所以不会考虑再继续加场，要保证演唱会质量，一个城市两场最好，三场极限。那连开七八天的，不假唱才怪。是人嗓子都承受不了。当然半开麦混一混，轮流唱混一混，请嘉宾唱混一混，让粉丝唱互动混一混，五月天上海连开8场还是少了，16 林俊杰说连开三场差不多是极限了，嗓子受不了，所以不会考虑再继续加场，要保证演唱会质量，一个城市两场最好，三场极限。那连开七八天的，不假唱才怪。是人嗓子都承受不了。当然半开麦混一混，轮流唱混一混，请嘉宾唱混一混，让粉丝唱互动混一混，五月天上海连开8场还是少了，16场都没问题，可以一年365天天开。也可以演唱会直接放录音，歌手在台上当dj，和粉丝互动蹦迪得了，反正也有人买票看！！,12月07日 23:37
好好好 ,12月07日 23:37
原来在巴黎开演唱会啊 ,12月07日 23:37
陈信宏，你不要再去垃圾堆里种花了!!!图片指路：33老师 ,12月07日 23:36
好的 知道了 嗯嗯 ,12月07日 23:36
好 ,12月07日 23:35
好的 知道了 嗯嗯 ,12月07日 23:35
凌晨三点直播…… ,12月07日 23:35
五月天其实状态已经下滑了，开演唱会本质上还是为了捞Q，割J菜。尤其是演唱会市场重新回归之后，恨不得一个城市连开几场。  但粉丝对此深表失望，认为状态不好可以少开，但不能糊弄粉丝。！ ,12月07日 23:35
发回应多没意思，怎么不直接发律师函了啊？发律师函意义也不大，既然五月天没有假唱，那么就是麦田农夫污蔑五月天喽？这样的话已经对五月天名誉造成了很大的影响，最好是直接报警，然后对簿公堂！支持五月天维权！上法庭！就得干到底！,12月07日 23:34
现在睡还能睡三个小时 ,12月07日 23:33
还有4个小时，五月天巴黎演唱会就要开始直播了，这对于那些不计较假唱与否只想听五月天的歌的粉丝来讲无疑是过年了，相信今晚又有很多人早已定好闹铃熬夜也要看吧？ ,12月07日 23:33
等待，因为你们不懂，什么是五迷老师。 ,12月07日 23:33
线上摇滚区已就位🖐️ ,12月07日 23:33
好奇，髮国对于假唱是怎么监管的呢 ,12月07日 23:32
五月天今晚的演唱会直播，大家一起见证阿信的10拍E6啦，最好清唱啊,12月07日 23:32
我就不熬夜看了，希望感兴趣的音乐人士都看一下，看看阿信能不能唱到E6，声音究竟20岁，还是快50岁了，究竟是全开麦，还是半开麦，我就等着明天睡醒吃瓜了🍉 ,12月07日 23:32
我最烦有的歌迷说“如果五月天假唱，大家都别去，让我抢到票”“我喜欢的是他们的氛围，他们唱的歌，他们的创造力”？？？ 我真服了，大家都是花钱去的，假唱可是犯法的，你乐意，别人乐意吗？有的歌迷还是从外地千里迢迢赶来见偶像，有很多学生和上班族，结果你就放音乐吗？？那还 我最烦有的歌迷说“如果五月天假唱，大家都别去，让我抢到票”“我喜欢的是他们的氛围，他们唱的歌，他们的创造力”？？？ 我真服了，大家都是花钱去的，假唱可是犯法的，你乐意，别人乐意吗？有的歌迷还是从外地千里迢迢赶来见偶像，有很多学生和上班族，结果你就放音乐吗？？那还开什么演唱会，组个团一起放音乐不是也很嗨？以后的演唱会不如改成见面会。本人也是五月天的歌迷！！！从小就听他们的歌，19年为了见他们当过鸟巢演唱会志愿者，最后一场也进去看了，甚至疫情的时候线上演唱会我也全程观看，从19年看过现场包括线上我就疑惑，为什么阿信的口型和字幕一直对不上，有延迟的可能，但我也看过很多音乐节、演唱会，如今的技术基本不可能有口型和字幕对不上的，希望能够早点鉴定出结果，给我们这些粉丝有个交待✋,12月07日 23:32
这个冬天依旧不太冷,12月07日 23:32
不懂发问，直播可以修音吗？！ ,12月07日 23:31
目前为止最搞笑的事1.一群没看过演唱会的人和你说你看的是假唱2.一群没什么成就 自称是音乐人的人在那里diss一个写了几百首歌的作曲人不懂乐理,12月07日 23:31
很好分辨，当他的嘴变成翘嘴时就要注意了,12月07日 23:31
这个直播时间吧……… ,12月07日 23:30
“我和我最后的倔强握紧双手绝对不放”“如果对自己说谎 即使别人原谅我也不会原谅”不希望这两句成为讽刺,12月07日 23:30
中年粉絲也瘋狂，今晚🪜 電腦 手機 螢光棒 鬧鐘 都準備好了，估計也不用睡覺啦，等待黎明的来临，又多了一個新體驗，躺在床上甩螢光棒，我們又要一起創造歷史啦🖐🏻🖐🏻🖐🏻🖐🏻🖐🏻➕🖐🏻,12月07日 23:30
我比较期待官方的声明和通报。 ,12月07日 23:30
挺心疼一些歌迷的…1、这不是五月天第一次在商业演出中“假唱”，或者换一种方式说，他们偷懒已成习惯，习惯到并不认为偷懒是不对的。2、是否处罚主办方，取决于当地执法部门的态度和网友的舆论压力，但就过往经验而言，这件事也就是一阵风，热度一过也就没什么了。3、关于演 挺心疼一些歌迷的…1、这不是五月天第一次在商业演出中“假唱”，或者换一种方式说，他们偷懒已成习惯，习惯到并不认为偷懒是不对的。2、是否处罚主办方，取决于当地执法部门的态度和网友的舆论压力，但就过往经验而言，这件事也就是一阵风，热度一过也就没什么了。3、关于演唱会假唱，就一句话，你唱不了就别卖票，既然卖了票收了钱，那就把歌迷伺候好，否则就是诈骗最后，青春票送一次就够了，没必要频繁给比自己有钱的人送钱，又不是花大几千就能跟你偶像吃顿饭睡一觉。你的青春固然很重要，但你的青春在有些人眼里那就是生意，别跟那些生意人谈青春，谈感情，那只会显得你很傻很天真,12月07日 23:29
今晚决战到天明,12月07日 23:29
现在全网都在极力的拿出各种证据证明他假唱，可是他除了扣文字以外，啥都拿不出来。今天凌晨3点就是证明自己的时刻，一旦翻车，将面临的可想而知。因为这段时间已经很多发声的内容，甚至已经涉及到赔偿和禁唱的相关信息了。大家都知道，演唱会本来就是出来捞的手段，懂的都懂。 ,12月07日 23:29
先睡一觉，三点起来看直播吧，这大概是五月天被全民关注的最高光的一次演唱会，而且保证真唱，即便是声嘶力竭，也不会还音和垫音了吧。 ,12月07日 23:29
在我心里已经实锤了，虽然晚节不保，也不妨碍全平台赚钱呀~ 最后一战！不能认输哦,12月07日 23:29
你们不信我，我跑到国外去,12月07日 23:28
其实五月天不管真唱还是假唱，内地的风评已经不是很好了，估计以后很难看五月天在内地开演唱会！想骗过大家，糊弄大家，大家的眼睛是雪亮的，是不可能的！,12月07日 23:28
有谁会去现场看吗？,12月07日 23:28
啧啧啧，跟着一群脑子不太好的拥趸,12月07日 23:27
明天要上早八看不了直播，没办法跟各位老师一起过巴黎时间，但我把荧光棒放在我的枕头旁边，我和大家同在，大家都加油，好好享受，一起圆满完成地球上的最后一场“三好”🖐🏻💙🖐🏻💙🖐🏻💙🖐🏻💙🖐🏻💙明天要上早八看不了直播，没办法跟各位老师一起过巴黎时间，但我把荧光棒放在我的枕头旁边，我和大家同在，大家都加油，好好享受，一起圆满完成地球上的最后一场“三好”🖐🏻💙🖐🏻💙🖐🏻💙🖐🏻💙🖐🏻💙,12月07日 23:27
巴黎演唱会巴黎开的演唱会！在这嘴什么？这都能黑？巴黎和中国存在时差，你们不会长这么大连全球各地时差的存在都不知道吧？？？？不会吧不会吧？说出去你们小学老师都觉得丢人回炉重造学地理吧 ,12月07日 23:26
好好好我知道了已阅 ,12月07日 23:26
五月天是不是真唱，判断起来很简单，阿信的嗓音已过当打之年，但从第一首到最后一首，嗓音气息状态都无变化，且现场跟CD里的还原度近乎99%，这就有点太假了，张杰 林俊杰都做不到。,12月07日 23:25
三好的开始，在一段大家不想回忆起的时光，空荡荡的体育场，满场的荧光棒，等待着有一天有人把它填满，坐在屏幕前的每双眼睛都不知道未来会怎样，大家只能一起“永远等待那一天”。现在三好走到最终章，我们已经站在未来的时间线上，准备跨过三好的最终场，一同走进25周年“回到那 三好的开始，在一段大家不想回忆起的时光，空荡荡的体育场，满场的荧光棒，等待着有一天有人把它填满，坐在屏幕前的每双眼睛都不知道未来会怎样，大家只能一起“永远等待那一天”。现在三好走到最终章，我们已经站在未来的时间线上，准备跨过三好的最终场，一同走进25周年“回到那一天”。从线上开始，也从线上结束。这不是什么自证，这是属于“好好好想见到你”最浪漫的结局。,12月07日 23:25
巴黎 期待期待 加油加油  演唱会啧啧啧，这次可不要出幺蛾子喽,12月07日 23:24
是今天晚上三点吗？那我可就不睡了 ,12月07日 23:24
明天可以直接来个省流鉴定就可以了🤔 ,12月07日 23:24
公司：你今天迟到了五月天：没有，不信你看明天我是不9点到公司：打卡机显示你迟到一个小时五月天：明天我如果9点前到，今天就没迟到   阿信认领F6,12月07日 23:23
我很震惊，演唱会假唱大家也能接受了？那可是花Q去听的！所有现场的演唱会都接受不了假唱，唱累了可以学伍佰划划水，声音不行了可以降key，跳不动了换新人上来发挥一下。假唱算几个意思？我跑现场来是听你放音频的吗，跑调破音都无所谓，这么多年了粉丝也没指望你唱出cd水平。张学友 我很震惊，演唱会假唱大家也能接受了？那可是花Q去听的！所有现场的演唱会都接受不了假唱，唱累了可以学伍佰划划水，声音不行了可以降key，跳不动了换新人上来发挥一下。假唱算几个意思？我跑现场来是听你放音频的吗，跑调破音都无所谓，这么多年了粉丝也没指望你唱出cd水平。张学友林俊杰这种行走的cd就不说了，你看看陶喆，倒嗓成什么了照样每首歌真唱，歌曲难度不比五月天高？粉丝网上拿陶喆整整活，心里是真爱！,12月07日 23:23
期待明年的新主题明年内陆见 你的真心我听得到！ ,12月07日 23:23
丨 ,12月07日 23:22
我真第一次听说演唱会假唱啊？？？？？这咋洗啊，我能接受你跑调跑到南天门，我这么大老远花钱住酒店买火车票去看一场录好的演唱会？？？？那我听原cd行不行？？？？我看谁敢在评论区里洗！！！！这种行为都应该被抵制 被唾弃 被骂到再也不敢 ！！！,12月07日 23:22
别的不想问，就想知道巴黎的大家都不用上班的吗工作日晚上居然有时间去看演唱会 ,12月07日 23:22
（视频为搬运，出处来自DY：沏漪涡星人，如有侵权，请联系）,12月07日 23:21
估计脑残粉都开始熬夜了。 ,12月07日 23:21
好吧 这个时差 大学生表示洗洗睡了 明天起来看录屏,12月07日 23:20
会直播唱e6吗？ ,12月07日 23:20
一、有一点可以肯定，巴黎演唱会肯定不会（敢）假唱。二、巴黎演唱会不假唱，不等于之前的演唱会没有假唱，这是一个很简单的逻辑问题。试图拿巴黎演唱会不假唱证明以前没假唱的，不是智力有问题就是存心撒谎。三、那个谁的破「回应」写的都是什么啊？简直语无伦次狗屁不通好吗？ 一、有一点可以肯定，巴黎演唱会肯定不会（敢）假唱。二、巴黎演唱会不假唱，不等于之前的演唱会没有假唱，这是一个很简单的逻辑问题。试图拿巴黎演唱会不假唱证明以前没假唱的，不是智力有问题就是存心撒谎。三、那个谁的破「回应」写的都是什么啊？简直语无伦次狗屁不通好吗？老有人说台湾省的语文教育好保留了传统文化什么的，这次彻底暴露了。四、然后，跑到法国去演唱不敢假唱，在中国上海演唱会就涉嫌假唱，这是什么问题？,12月07日 23:20
可惜在上学的我看不了啊 ,12月07日 23:20
晚安 三点见,12月07日 23:19
艾瑞巴蒂大家一起嗨，3点不见不散～,12月07日 23:19
五月天阿信哥哥要开道歉会吗？我愿意等，我也愿意守护他走过低谷五月天总会走完这个寒冬我们一起相约春天,12月07日 23:18
大型翻车现场,12月07日 23:17
"行了,别再上热搜了,这几天热搜都是五月天 ",12月07日 23:17
三点见🖐🏻🖐🏻🖐🏻🖐🏻🖐🏻 ,12月07日 23:16
巴黎肯定不假唱了吧，但是现场视频出来跟之前的对比。。。那就尴尬了。。。,12月07日 23:16
订好闹钟啦 ,12月07日 23:16
在国外就不好意思再假唱了吧,12月07日 23:15
虽然但是 这个点 还是睡觉为妙 ,12月07日 23:15
反正我已经准备好咯“全球所有角落朋友” 爱看不看,12月07日 23:14
好像已经有一段时间没有在凌晨起来了。北方冬日的凌晨也是睡得最沉的一段时间。我去巴黎的时候。是2011年的春夏之交。还记得圣心大教堂的夜色里青年男女嬉笑欢唱的声音。而今我要听到的巴黎上空的歌声。来自我最爱的五月天来自我的信哥。是地球上最后一场“好好好想见到你”了。但是我每天 好像已经有一段时间没有在凌晨起来了。北方冬日的凌晨也是睡得最沉的一段时间。我去巴黎的时候。是2011年的春夏之交。还记得圣心大教堂的夜色里青年男女嬉笑欢唱的声音。而今我要听到的巴黎上空的歌声。来自我最爱的五月天来自我的信哥。是地球上最后一场“好好好想见到你”了。但是我每天都依然好好好想见到你。这几天你辛苦了。几个小时之后。请把这场演唱会就当作和五迷的一期一会就好。我们一直都在。,12月07日 23:05
等一个结果吧假的真不了真的假不了,12月07日 23:04
场控，ig，腾讯会议，线上门票 都已准备就绪坐等三点的狂欢盛宴开启✋Let's go party party all night ohhhhhHey lonely lonely goodbye ohhhhh至此，献给地球上最后一场好好好想见到你💙场控，ig，腾讯会议，线上门票 都已准备就绪坐等三点的狂欢盛宴开启✋Let's go party party all night ohhhhhHey lonely lonely goodbye ohhhhh至此，献给地球上最后一场好好好想见到你💙,12月07日 22:55
看ig直播的记得发这个,12月07日 22:49
叫醒我的不是闹钟~也不是夢想~......是阿信😆先睡为敬！（ 睡得着才怪…😝,12月07日 22:15
是我达不到的境界但是我准备好了 三点见🖐️,12月07日 21:01
【】近日，五月天乐队陷入演唱会假唱风波，12月6日晚，主唱阿信发文提到“10拍E6的高音”再次引发热议。歌手曾一鸣在社交平台发视频展示E6高音，不仅破音还被憋得满脸通红，然而，网友通过软件监测到，尽管如此卖力，曾一鸣的 【】近日，五月天乐队陷入演唱会假唱风波，12月6日晚，主唱阿信发文提到“10拍E6的高音”再次引发热议。歌手曾一鸣在社交平台发视频展示E6高音，不仅破音还被憋得满脸通红，然而，网友通过软件监测到，尽管如此卖力，曾一鸣的高音仍未达到E6。前后对比可看到曾一鸣脸色出现明显变化，曾一鸣也提醒大家称非专业人士请勿轻易挑战E6高音。,12月07日 20:31
我已经准备好了！！！现在睡觉,12月07日 19:38
今晚主唱会全开麦嘛？ps 除了CAT4的山顶售罄其他居然都有票pps 票价也挺感人的,12月07日 19:17
加油阿信！！我相信你跳起来一定能摸到E6（我老婆太好拿捏了） ,12月07日 18:04
还有五迷老师要加入腾讯会议一起看直播吗，还有位置 ,12月07日 17:34
【】近日，五月天乐队被质疑假唱一事引发热议，舆论不断发酵。12月6日晚，乐队主唱陈信宏生日当天发布长文，内容除对能在亚洲和欧洲时间过两倍的生日表示很开心以及邀请大家见证巴黎演唱会直播，还称“每次唱这足10拍E6的高音……除了真唱 【】近日，五月天乐队被质疑假唱一事引发热议，舆论不断发酵。12月6日晚，乐队主唱陈信宏生日当天发布长文，内容除对能在亚洲和欧洲时间过两倍的生日表示很开心以及邀请大家见证巴黎演唱会直播，还称“每次唱这足10拍E6的高音……除了真唱，否则没有其他感动你的方式”，对被质疑假唱进行回应，并提到“美好如你，能参与你的一生，是我这趟人生最好的礼物”等。同日晚，有音乐博主称已获得丁太升授权，并发布疑似丁太升对阿信回应内容做的5个解读总结的截图。经查证，丁太升的确有通过某社交平台账号发布了解读阿信回应的相关内容。,12月07日 14:35
北京时间12/08 am 03:00，五月天巴黎演唱会将上演。,12月07日 14:15
不管事件结果怎样，我宣布2024演唱会我必去。大去特去。气死黑子。,12月07日 13:11
/等一个调查真相，这次事件也是给所有明星演唱会一个警醒，希望通过这次调查以后的每场演唱会都是真唱，这段真唱真心不错！,12月07日 11:59
五月天的假唱事件已经发酵好几天了，我其实有几个疑问：1.演唱会不真唱，那开什么演唱会呢？这不是欺骗消费者吗？艺人真敢这么干吗？请帮唱嘉宾不就是为了要休息一下，保证整个演唱会能够顺利完成吗？2.这个假唱能认定出来吗？演唱会有的时候观众比歌手唱的还多，这不就是一种娱 五月天的假唱事件已经发酵好几天了，我其实有几个疑问：1.演唱会不真唱，那开什么演唱会呢？这不是欺骗消费者吗？艺人真敢这么干吗？请帮唱嘉宾不就是为了要休息一下，保证整个演唱会能够顺利完成吗？2.这个假唱能认定出来吗？演唱会有的时候观众比歌手唱的还多，这不就是一种娱乐吗？只要参与了，快乐了，释放了，是不是票价就值了？！3.谁发现的假唱这件事？如果有明确认定，没假唱，爆料者会有什么后果？静待一个结果！,12月07日 10:56
【】近日，知名乐队五月天被曝在演唱会假唱，引发热议。12月6日晚，五月天主唱陈信宏发文回应被质疑假唱，其中提到“每次唱足10拍E6高音”引多位音乐博主质疑。音乐博主发文称，“十拍E6，得是房山季鸟猴才唱得上去吧。”音乐 【】近日，知名乐队五月天被曝在演唱会假唱，引发热议。12月6日晚，五月天主唱陈信宏发文回应被质疑假唱，其中提到“每次唱足10拍E6高音”引多位音乐博主质疑。音乐博主发文称，“十拍E6，得是房山季鸟猴才唱得上去吧。”音乐博主呆若木一发博表示，“哈？？？E6？？？ Mariah Carey附体唱Emotions？？？”，并发布龚琳娜示范视频。音乐博主鹿野子则表示“建议他录个视频展示10拍E6，给全世界的男歌手都见见世面。”向中消协举报五月天假唱的音乐博主发博称“E6？很6，祝福。”五月天乐队技师团团长、演唱会经理人黄士杰回应E6问题：“这里E6表述是以钢琴的记谱方式（科法），最低音是从A0开始，接着是B0和C1，一路往上到中央C4，崩坏最后的最高音是钢琴上的E6，即阿信写到的E6。理解不一样可能因为大家的基准始点不一样，所以各自解读会有所不同。”对此，你怎么看？,12月07日 10:15
【】近日，五月天被曝假唱引发网友热议。12月6日晚，五月天主唱陈信宏发布声明回应被质疑假唱，声明写到：每次的嘶吼，每一场，每一声，都来自于我依赖了24年的嗓子，除了真唱，否则没有其他感动你的方式。此外，阿信还在在评论区 【】近日，五月天被曝假唱引发网友热议。12月6日晚，五月天主唱陈信宏发布声明回应被质疑假唱，声明写到：每次的嘶吼，每一场，每一声，都来自于我依赖了24年的嗓子，除了真唱，否则没有其他感动你的方式。此外，阿信还在在评论区回复网友，称：世间岂能事事顺从我意，但求足迹无愧于心。对此，你怎么看呢？,12月07日 09:43
早上好 今天是大雪 不知道法国饺子🥟好不好吃就让这派对继续 让他们继续狂欢 感谢主唱 让新老朋友开始了解乐理知识,12月07日 08:26
亞洲凌晨的樂理時間 😮 ,12月07日 08:11
這一生 只願只要平凡快樂晚安 ,12月07日 00:01
💙,12月08日 23:59
客观，清晰，体系化。 这种专业的事情不能听任音乐散人/网红号来说 ，其工作内容是营销。  必须从事大型音乐会现场调音的老师来讲比较客观，他们才是真正接触行业的人。,12月08日 23:59
世界上最硬的不是金刚石，而是陈信宏的嘴,12月08日 23:58
//:《乾杯》阿信詞曲創作。收錄在五月天2011年發行的專輯《第二人生》中。在短短5分鐘內敘述了一個非常重要的人生哲理——生命短暫，要好好珍惜每分每秒，要樂觀豁達——活在當下，抓住現在！,12月08日 23:57
一路有你,12月08日 23:53
,12月08日 23:47
专业,12月08日 23:43
服了你们假唱天团了,12月08日 23:40
这才是专业,12月08日 23:34
Reaction｜五月天巴黎演唱会《我心中尚未崩坏的地方》,12月08日 23:30
黑子多看看,12月08日 23:22
有点理解饭圈女孩儿面对哥哥塌房的不相信了我也没想到五月天真假唱啊我的青春正在一点一点死去,12月08日 23:18
//:🐴,12月08日 23:18
,12月08日 23:16
第77场好好好想见到你 在凌晨三点开始狂欢，一直唱到天亮看外滩风光跃出课本～,12月08日 23:16
实事求是地说，如果 b 站的视频没有经过修音的话，阿信昨晚确实唱到了 E6（不过是 6 拍，但也已经很厉害了） ,12月08日 23:11
这个科普只让我懂了一个道理，赚钱不努力，一生在看台直播让我明白了一个道理 工作不努力，一生在内地 好了，加班去吧，各位wmls ……,12月08日 23:11
//:哥唱嗨了哈哈哈哈(✪ω✪)相信我们很快就会再见面的,12月08日 23:08
写到我心坎儿里了,12月08日 23:00
这个一定是真唱。没人说假唱 ,12月08日 23:00
很多人的青春在那一晚以最不体面的方式离场了,12月08日 22:53
连夜把网盘里的视频全都下载回来，把反复回味几十遍的视频又听了几遍，打算把所有视频上传到平台。这边先发一首倔强吧。至少527鸟巢这场绝对没有假唱，垫音和真声的区别也很明显,12月08日 22:52
,12月08日 22:50
是青春呀！,12月08日 22:50
哭着看完了全球最后一场好好好想见到你，见到了清晨的日出，你看，你们真的陪我们唱到了天亮。喝了一杯咖啡，照常的上了班，下班后也如约的到达了健身房，摸鱼般潦草的进行了运动。我的生活除了这凌晨的三小时，依然照旧的波澜不惊。可是就是这三 哭着看完了全球最后一场好好好想见到你，见到了清晨的日出，你看，你们真的陪我们唱到了天亮。喝了一杯咖啡，照常的上了班，下班后也如约的到达了健身房，摸鱼般潦草的进行了运动。我的生活除了这凌晨的三小时，依然照旧的波澜不惊。可是就是这三小时呀，我哭过，感动过，笑过，逃离了这纷纷扰扰，破破烂烂的世界，我也曾经拥有过很多这样让我可以一辈子回忆珍视的三小时，有五月天的三小时。他们总是问呀，你为什么喜欢五月天，为什么总是在演唱会上哭，你为什么这么相信他们，那是因为我有心有眼有耳朵，我只相信我相信的，我看到的和我听到。全世界最好的五月天呀，是你们救赎了我紧紧抓住了我，在那几年最难熬的日子里。,12月08日 22:48
我会为阿信而哭泣，东东问我；那你介意这件事吗？我说不介意。他就把《轧车》的音量调大再给我唱了一首《勇敢的人》。,12月08日 22:42
信仰慢慢崩塌，真的好难过啊，好难过啊，谁懂我啊,12月08日 22:33
🖐🏻🖐🏻🖐🏻🖐🏻是全世界最好的五月天,12月08日 22:33
,12月08日 22:31
,12月08日 22:22
//:1.《瘋狂世界》阿信詞曲創作。收錄在五月天1999年發行的專輯《第一張創作專輯》。2.《香水》阿信作詞，冠佑/阿信譜曲。收錄在五月天2006年發行的專輯《為愛而生》。3.《擁抱》阿信詞曲創作。收錄在五月天1999年發行的專輯《第一張創作專輯》。,12月08日 22:21
唱的真难听。,12月08日 22:19
听了几首，觉得现场效果还ok呀。在演唱会上，有气氛有情怀有正能量就够了呀，何必较真。票圈观察下来，没去看过演唱会的人在那吐槽的最凶，搞伐,12月08日 22:17
好事这场绝对真唱，他还能唱完，不管怎么样。坏事石锤前面所有视频。以及，半开麦算不算假唱？完形填空算不算真唱？那么，社畜上半天班能不能领全勤？没错，塌房黑比路人黑更坏。 ,12月08日 22:12
世界破破烂烂 五月天缝缝补补即早上的续命咖啡 猛灌两大杯“在所有的演唱會我最想要你帶走的寶藏是你自己，伸出你的手摸著你的胸口，世界上獨一無二的在七十億人裡面最珍貴的你”,12月08日 22:12
首先，确实关于半开麦这个点，大家都要不同看法。在我看来呢，要捶死假唱，就是麦没有声音，在完全对口型。但是呢，肯定也会有很多人跟我观点不同，一千个人有一千个哈姆雷特，这都再正常不过了。其次，事情发展到今天应该已经一个星期了吧，到现在也没给出官方 首先，确实关于半开麦这个点，大家都要不同看法。在我看来呢，要捶死假唱，就是麦没有声音，在完全对口型。但是呢，肯定也会有很多人跟我观点不同，一千个人有一千个哈姆雷特，这都再正常不过了。其次，事情发展到今天应该已经一个星期了吧，到现在也没给出官方回应，对于理性关注这件事的人来说应该挺无语了，希望相关部门不要不了了之，给出明确答复。如果假唱了，个人感觉是道歉+退款赔偿是可以接受的；如果是真唱，也希望造谣者可以道歉吧（虽然有点难以实现），好像也没有别的补偿手段了，网络上跟风谩骂的人大概率也是不会道歉的，只能说五月天就默认倒霉吧。（突然意识到，原来网络攻击真的可以为所欲为，反正最后也不用负责。）最后呢，现在有些网友真的有点过分了，阿信现在不论做什么都可以挑出“错处”。说唱功不好，说矫情等等。真是墙倒众人推。了解阿信的都知道，阿信的唱功大家一直都没有吹嘘过，反到粉丝之间也会自嘲，经常放一些阿信破音的片段，但是也可以看出，阿信的唱功这么多年也是一直在进步的。关于歌手就必须唱功特别牛吗这个点，我也是比较具有包容性的，我认为有的歌手你喜欢是因为他歌好唱的好，比如JJ，有的歌手是创作型，以及氛围好-五月天，这些都是我会喜欢他们的点。还有矫情，这个点也可以嘲，我是没想到的。“矫情”又要怎么定义呢，你们认为他发一篇小作文，磨磨唧唧，可是有的人就是喜欢这些啊，想听他说很多话，还有演唱会上的talking，很多人都很爱。就如第一段所说，每个人看法不一样罢了。而且真是因为他的“矫情”才会写出那么多触及灵魂的歌词，这都是相辅相成的。关于假唱这个，一些网友可能没有去过现场，没有看过完整片段，只看了一段视频，看到别人都在骂，就也有开始彰显“正义”，做起网络判官，说他就是假唱！这时候可能有些网友又来说“我有眼睛耳朵，自己能判断出来他是假唱”那请问官方怎么没有请你去做鉴定呢，你我的话语都不能作为官方鉴定结果，所以争吵个什么意思呢。做人做事不求雪中送炭，但求不要落井下石。我始终认为，不管是在现实中还是在网络上，都不应该随意攻击造谣他人。做到“网络”“现实”相统一，更不要把生活中的不如意，随意发泄在网络上。综上。（顺便安利一下本人最爱的转眼，第二人生这两首歌，可以好好看一下歌词哦）,12月08日 22:04
《恋爱ing》《笑忘歌》只记得这两首我觉得以前不管真唱假唱 以后都好好唱歌吧 虽然不是粉丝 但是从小到大也算半个听着长大的 1975年的人 比我爸妈还大的年纪 就开开心心的过好每一天吧 前几天还调侃这件事来着 但是今天刷抖音刷到舞台上看着挺心酸的 就知错就改？还是好好对待嗓子 《恋爱ing》《笑忘歌》只记得这两首我觉得以前不管真唱假唱 以后都好好唱歌吧 虽然不是粉丝 但是从小到大也算半个听着长大的 1975年的人 比我爸妈还大的年纪 就开开心心的过好每一天吧 前几天还调侃这件事来着 但是今天刷抖音刷到舞台上看着挺心酸的 就知错就改？还是好好对待嗓子好好对待五月天的粉丝吧 别再欺骗粉丝别再真•假唱就行了对吧,12月08日 21:55
❤️好好好想见到你❤️,12月08日 21:52
请大家理性思考，不要人云亦云,12月08日 21:46
🥱｜昨晚过的是巴黎时间🖐️🖐️🖐️🖐️🖐️➕🖐️打了一场注定不会赢的仗，但当事人已经不在乎输赢与否了。看完直播泪流满面，早上一觉醒来虽然内心抵触还是打开了微博，看了一眼热搜和评论，叹了口气，立马关上了，真希望可以有一个只有五月天和wmls的乌托邦。开始发声的 🥱｜昨晚过的是巴黎时间🖐️🖐️🖐️🖐️🖐️➕🖐️打了一场注定不会赢的仗，但当事人已经不在乎输赢与否了。看完直播泪流满面，早上一觉醒来虽然内心抵触还是打开了微博，看了一眼热搜和评论，叹了口气，立马关上了，真希望可以有一个只有五月天和wmls的乌托邦。开始发声的那一秒起，其实注定就已经洗不清了，喷子嘛，就是不管你做什么都能挑出错，然后一副正义凌然的样子借题发挥扩大事态。即使发出真诚善意的信号，即使全程直播努力证明，在他们眼里也是可笑的，唱得好会说就这一场是真的不能代表以前是真的，出错了会拍案叫好，一副我说什么来着的架势。不如就捂住耳朵，闭上双眼，反正该做的都做了，爱你的人永远爱你，不爱你的人永远在等下一个热点继续指指点点。温柔的人永远是最容易受到伤害的，一定一定要保护好内心的宁静湖泊。,12月08日 21:42
//:《倔強》阿信詞曲創作。收錄在五月天2004年發行的專輯《神的孩子都在跳舞》。該曲獲得2004年MusicRadio中國TOP排行榜港台年度金曲。,12月08日 21:40
也许在这场小丑派对里他们根本不在意真相，但也不能让真话被驱赶到信息茧房之外的角落里。,12月08日 21:38
啊哈哈哈哈哈哈哈哈哈看了对比视频我笑死了 ,12月08日 21:35
熬夜看了一小时直播，这场很用心，真唱很明显，之前的如果音频没问题那么假唱也很明显，心碎了。。 ,12月08日 21:35
世界破破烂烂 五月天缝缝补补💙,12月08日 21:33
//:1.《盛夏光年》,12月08日 21:33
//:02-爱情万岁 03-派对动物 04-离开地球表面,12月08日 21:33
//:05-因为你 所以我 06-知足,12月08日 21:33
//:07-疯狂世界 08-香水 09-拥抱,12月08日 21:32
//:「因為你日夜陪伴 所以我風雨前行」1.《因為你所以我》阿信詞曲創作，於2020年發行。因為知足，所以相遇。2.《知足》阿信詞曲創作。收錄在五月天2005年發行的《知足》最真傑作選中。,12月08日 21:30
最终还是决定把ig下载回来顺便在ig上找到16年第一次看五月天演唱会的post3点钟爬起来在被窝区看完了地球上最后一场「好好好想见到你」发现冠佑唱《好好》很好听！6:15结束睡回去的时候梦到在跟怪兽合影还被带着在后台转了一圈“我们都要把自己照顾好，好到遗憾无法打扰。”最终还是决定把ig下载回来顺便在ig上找到16年第一次看五月天演唱会的post3点钟爬起来在被窝区看完了地球上最后一场「好好好想见到你」发现冠佑唱《好好》很好听！6:15结束睡回去的时候梦到在跟怪兽合影还被带着在后台转了一圈“我们都要把自己照顾好，好到遗憾无法打扰。”,12月08日 21:24
//:各位路人也来看看这个吧 不要听信一家之词,12月08日 21:21
//:看到的老师们去点一点让热度上去↑,12月08日 21:20
怎么了？？,12月08日 21:14
我那快半百的老公 辛苦了💙//:《乾杯》阿信詞曲創作。收錄在五月天2011年發行的專輯《第二人生》中。在短短5分鐘內敘述了一個非常重要的人生哲理——生命短暫，要好好珍惜每分每秒，要樂觀豁達——活在當下，抓住現在！,12月08日 21:11
和你们干杯🍻，永远不会太迟。虽然没机会去巴黎现场，也睡过头错过被窝摇滚区。但是，我这不是补上了嘛。谢谢五月天，谢谢你们陪我度过悠悠的岁月。 ,12月08日 21:09
理财产品，赶紧抢。//:阿信这一波假唱诈骗估计够在诈骗岛上养老的了。监管部门应该惩罚这种欺诈行为，假一赔三，否则演艺市场就乱套了，不能助长不正之风,12月08日 21:08
在武汉看完现场我都很快就调整好情绪，把演唱会的回忆珍藏在心里看完巴黎直播我激动了一个晚上，这样的感动与情绪说给身边的其他朋友听都不能理解只有wmls能够理解我,12月08日 21:07
,12月08日 21:05
“在全世界都没有人站在我们身边的时候你们站在了五月天身边请你们记得当全世界没有人站在你身边的时候五月天在你身边”从一起天黑嗨唱到天亮，一场特别的演唱会你背后有我们，我们背后有你们谢谢五月天，明年5525鸟巢见💙相信五月 “在全世界都没有人站在我们身边的时候你们站在了五月天身边请你们记得当全世界没有人站在你身边的时候五月天在你身边”从一起天黑嗨唱到天亮，一场特别的演唱会你背后有我们，我们背后有你们谢谢五月天，明年5525鸟巢见💙相信五月天，相信音乐💙,12月08日 21:04
b站听了一点，真难听啊，服了谁家的水牛,12月08日 21:03
吃点专业瓜吧,12月08日 21:00
吃点专业瓜吧,12月08日 20:58
,12月08日 20:55
//:《盛夏光年》阿信詞曲創作。收錄在五月天2006年發行的《盛夏光年電影主題曲概念專輯》。該曲是電影《盛夏光年》的主題曲。,12月08日 20:53
这次在巴黎演唱会，大家可以对比之前在囯内的那些演唱会，到底有什么不一样。,12月08日 20:51
昨晚看了演唱会直播，最高音到 F5 还是 G5 ，距离 E6 还差个六七度。如果场场这么真唱，不会有舆论风波，但这么唱，也无法连开8场，公司和乐队就无法最大化盈利了。五月天有好的作品，也足够努力，在结合流行，营销方面都做得很好。但最大的短板一直都是主唱的唱功，补足短板没准 昨晚看了演唱会直播，最高音到 F5 还是 G5 ，距离 E6 还差个六七度。如果场场这么真唱，不会有舆论风波，但这么唱，也无法连开8场，公司和乐队就无法最大化盈利了。五月天有好的作品，也足够努力，在结合流行，营销方面都做得很好。但最大的短板一直都是主唱的唱功，补足短板没准能成为小酷玩，但很可惜他们选择了最简单的解法。,12月08日 20:45
老水牛。。。这热评我笑翻了。。。,12月08日 20:42
,12月08日 20:37
用一场演唱会证明了之前都是假唱。。。,12月08日 20:36
偷歌贼,12月08日 20:36
第341天~《》拿下飙升榜冠军；《》拿下飙升榜亚军；《》拿下飙升榜季军、流行指数榜第六名、新歌榜新上榜至第十名；《》上升至流 第341天~《》拿下飙升榜冠军；《》拿下飙升榜亚军；《》拿下飙升榜季军、流行指数榜第六名、新歌榜新上榜至第十名；《》上升至流行指数榜季军；快来看看你喜欢的歌上榜了吗>>,12月08日 20:35
他变了吗？好像变了。他好像嗓音一年比一年沙哑了，体力一年不如一年了，也经常在台上调侃自己老了，好像也越来越在意自己的偶像包袱。但他变了吗？其实没变。他还是会义无反顾的去诠释作品里的高音，即使破音、没唱上去的，他也要再多即兴发挥几个高音来弥补。他会想说他一定能做到，我们也都可以 他变了吗？好像变了。他好像嗓音一年比一年沙哑了，体力一年不如一年了，也经常在台上调侃自己老了，好像也越来越在意自己的偶像包袱。但他变了吗？其实没变。他还是会义无反顾的去诠释作品里的高音，即使破音、没唱上去的，他也要再多即兴发挥几个高音来弥补。他会想说他一定能做到，我们也都可以做到。他还是那个不服输的少年。他还是想要每次talking都会表达真情实感，会精准地打捞到那些每个人内心深处的柔软，抚慰它、保护它。他还是那个有魔力的诗人。而我想说，每一次演唱会，每一首歌曲只是一个载体，而音乐却不仅仅是一首歌而已。每一场演出都是一个整体，它是一个不断的情感对话的过程。我能感受到，你们想要把你们最好的东西展现给更多的人看，这都是你们真心的呈现，整场演出呈现也都是真心的付出。而台下也是真心的回应。能够连接彼此的心，这便是音乐最大的意义。它远比一些细枝末节的较真来得更加重要。所以，新的世代，一起继续唱下去吧2023.12.08,12月08日 20:34
我们都要把自己照顾好，好到遗憾无法打扰。,12月08日 20:34
别回头就往前飞奔。期待下次见面🫶🏻· 𝟚𝟘𝟚𝟛.𝟙𝟚.𝟘𝟟 五月天巴黎演唱会 ·,12月08日 20:33
随手转发让更多人看见,12月08日 20:29
涨知识了吃瓜还是要吃点专业的,12月08日 20:24
专业老师的分析，不过大概率有的跟风人士根本不会看一眼//:转发微博,12月08日 20:23
活着其实很好，再吃一颗苹果。🍎,12月08日 20:22
,12月08日 20:21
老师会骂就多骂点，笑死了哈哈哈哈哈哈哈,12月08日 20:16
,12月08日 20:14
,12月08日 20:13
看到这想起来：农夫打假所用的上海16号我在场，talking的时候，阿信语速稍微快一点 问大家能不能听清他们说话，看台没听清没给反应，当时还一起笑。那个所谓的打假视频我在这个事情之前就看过，录像位置是山顶很远很远的看台，镜头拉到舞台最近（先不说提供的视频音频有没有变动）,12月08日 20:09
数学上有一种证伪的方法叫做反证法 ,12月08日 20:06
专业分析，精湛演绎，温暖科普，顶。黑子们都滚,12月08日 20:06
,12月08日 20:05
看看吧,12月08日 20:02
哇哇哇！我们怪物星人好甜好可爱！琳谊好甜！爱甜妹！,12月08日 20:01
见证,12月08日 20:00
扩散,12月08日 19:57
吃点好的只会在网络乱喷点人,12月08日 19:56
,12月08日 19:56
你说的对 但是人生就是一场虛拟的游戏老师说你是个烂苹果 欠我一杯星巴克你都不记得哦对不起肚子饿所以发了脾气 请多多关心相信音乐新晋女团吧,12月08日 19:55
,12月08日 19:48
记录一下被窝摇滚区,12月08日 19:48
与国内状态差别对比，有抖肩换气了，而且破音了，你怎么看？,12月08日 19:41
//:哎呦还战士，韭菜战士？做错事不敢认，有本事吹牛没本事E6，还给你讲出了一种全世界无缘无故攻击他的样子//:开场那一瞬间有种错觉，这一晚的他们，不是明星，不是歌手，是用吉他对抗万千炮火的战士。,12月08日 19:41
巴黎演唱会五月天真唱，现场效果反证自己假唱？该给定论了！,12月08日 19:41
五月天在巴黎演唱会一动不动站桩式的唱法，恰恰证明了之前演唱是假唱的说法，假唱狗彻底坐实了,12月08日 19:37
所以有没有人打折出下课后怪兽家点名和天堂影像书啊？我找疯了,12月08日 19:33
,12月08日 19:33
,12月08日 19:33
这样的理性分析，黑子听吗，不听不听黑子王八念经。,12月08日 19:33
,12月08日 19:33
,12月08日 19:33
,12月08日 19:32
,12月08日 19:32
五月天阿信挑战10拍E6的高音,12月08日 19:32
,12月08日 19:32
//:感谢台前幕后包揽所有复杂繁琐而又近乎“隐身”的每一位工作人员，地球上最后一场「好好好想见到你」，当然更要感谢陪走到现在的每一个你。,12月08日 19:30
爱在黎明破晓前,12月08日 19:27
燃！！！ ,12月08日 19:27
跟不到直播就看回放吧,12月08日 19:26
学到了。谢谢参与过大型演唱会制作的专业人士科普，感觉比营销号靠谱多了！,12月08日 19:26
,12月08日 19:18
麻烦多关注我们相信音乐女团吧，谢谢,12月08日 19:10
一直对五月天他们无感的但是这次看到五月天的粉丝太疯狂了第一次看见粉丝和邪jiao一样顺便点了几个粉丝的主页 人均文化水准小学一样 wmls不要骂我 但是我觉得五月天是 真假唱稍微正常一点看你们自己拍的视频 都能看懂吧…一直对五月天他们无感的但是这次看到五月天的粉丝太疯狂了第一次看见粉丝和邪jiao一样顺便点了几个粉丝的主页 人均文化水准小学一样 wmls不要骂我 但是我觉得五月天是 真假唱稍微正常一点看你们自己拍的视频 都能看懂吧…,12月08日 19:10
//:怎么办 好想送他上热搜 又怕老师被黑子骂破防 啊啊啊啊好难啊 谢谢老师科普 不偏不倚说公道话,12月08日 19:06
自证实锤了哥 ,12月08日 18:59
进度2/3,12月08日 18:57
诺亚方舟/倔强/🌹/派对动物/恋爱ING/突然好想你工作日集体蹦迪真快乐 ,12月08日 18:55
活到老学到老,12月08日 18:55
//:早些时候就看到了，没有转是因为不可回收乐色也不会管你是什么就不喷，人家的目的很明确就是要无脑喷，明知道错了也喷，甚至是降智也要喷…大概率官方出结果还是会喷～所以啊乐色就是乐色就让它们待在该待的电话，别人一身骚,12月08日 18:53
来看看真正的专业老师科普~,12月08日 18:49
,12月08日 18:46
五月天<我心中尚未崩坏的地方>,12月08日 18:46
陈信宏玫瑰少年唱的那么烂，还怎么好意思偷这首歌的啊,12月08日 18:39
凌晨03:00—06:00看了一场特殊的演唱会真好啊陪你唱到天亮放心把后背交给wmls们相互奔赴的感觉真的很nice现阶段想要的不多但是我需要你[爱心]（ps：原来有钱真的可以让陈信宏“坐在大腿上”唱歌的，疯狂羡慕😆),12月08日 18:30
五月天永远是你们五个人还有我们 我们的肩膀永远给你们依靠,12月08日 18:29
,12月08日 18:25
//:跟着五月天的🍉每天学习新知识拜托各位，可以质疑，可以合理质疑，但是别拿着不专业冒充专业，别拿着质疑冒充实锤 也拜托官方，别人家发个质疑你就说是举报 大家理性吃瓜，多听听多方的声音,12月08日 18:23
,12月08日 18:23
毫无疑问被升舱了，成就了此生距离阿信最近的一次啊哈哈哈，老阿姨昨天夜里都笑醒了。生命有一种绝对解锁，就差I love U 无望了！下一次是什么时候，阿信安排起来吧！感谢热心歌迷发的照片，算是和阿信合影了吧啊哈哈哈哈啊哈哈哈哈哈,12月08日 18:23
你永远在等我，阮爱的人❤️‍🩹🎶点歌《永远的永远》巴黎场20231207,12月08日 18:20
为我爱的人 做一秒英雄,12月08日 18:20
谢谢阿信用一场真唱证明了之前全是假唱。,12月08日 18:18
这么专业的知识 我竟然看懂了！音子！我是不是可以去音子投简历了啊！,12月08日 18:17
,12月08日 18:14
陪你走过朝霞星空 陪着你走,12月08日 18:12
近来被大陆博主质疑「假唱」，瞬间引爆网路热烈讨论，为此他们也特别在巴黎场开直播，邀请全球一同见证，今（8日）凌晨3点演出，IG直播一上线就狂吸6.2万粉抢看，主唱阿信更嗨喊现场人数加上线上观看人数，创下五月天有史以来观众最多的纪录，台下也激动爆叫，唱到《 近来被大陆博主质疑「假唱」，瞬间引爆网路热烈讨论，为此他们也特别在巴黎场开直播，邀请全球一同见证，今（8日）凌晨3点演出，IG直播一上线就狂吸6.2万粉抢看，主唱阿信更嗨喊现场人数加上线上观看人数，创下五月天有史以来观众最多的纪录，台下也激动爆叫，唱到《》时，阿信也在歌曲尾声倾尽全力飙出完美高音，更一度唱到跪倒在舞台,12月08日 18:11
五月天粉丝别解释了，越描越黑，更别拿年龄和辛苦说事。隔壁张学友都62了，一边劈叉一边唱。为什么说他是歌神呢？因为就他和巅峰陈奕迅的演唱会现场版比专辑版好听，同样一首《她来听我的演唱会》不同时期的感觉都不一样，就这点，杰伦这死胖子肯定是赶不上了，62岁 五月天粉丝别解释了，越描越黑，更别拿年龄和辛苦说事。隔壁张学友都62了，一边劈叉一边唱。为什么说他是歌神呢？因为就他和巅峰陈奕迅的演唱会现场版比专辑版好听，同样一首《她来听我的演唱会》不同时期的感觉都不一样，就这点，杰伦这死胖子肯定是赶不上了，62岁的杰伦得肥成什么样啊！,12月08日 18:10
感谢科普，语言美丽。并不是唱得好就是假唱，只能说造谣成本实在太低了,12月08日 18:07
专业但是永远叫不醒收钱办事的黑子,12月08日 18:03
剛好今日唔使返工半夜鬧鐘爬起來手機電腦雙開我好耐無咁瘋狂了~利用雙設備時差可以cap到鍾意嘅圖~以為補眠之後可以發翻個微博結果忙到依家~網上當然好多視頻~不過相片嘅魅力喺回憶嘅瞬間~唔知最後一場方舟同跨年仲會唔會有線上~點都好~ 剛好今日唔使返工半夜鬧鐘爬起來手機電腦雙開我好耐無咁瘋狂了~利用雙設備時差可以cap到鍾意嘅圖~以為補眠之後可以發翻個微博結果忙到依家~網上當然好多視頻~不過相片嘅魅力喺回憶嘅瞬間~唔知最後一場方舟同跨年仲會唔會有線上~點都好~5525見~,12月08日 18:03
跟着五月天的🍉每天学习新知识拜托各位，可以质疑，可以合理质疑，但是别拿着不专业冒充专业，别拿着质疑冒充实锤 也拜托官方，别人家发个质疑你就说是举报 大家理性吃瓜，多听听多方的声音,12月08日 17:59
我拿五月天和五月天粉丝的生命起誓，五月天绝对没有假唱！,12月08日 17:57
这一次，真的陪你们一起唱到了天亮，好荣幸,12月08日 17:56
「在所有流逝風景與人群中你對我最好」,12月08日 17:52
然后呢  一起走吧 ,12月08日 17:50
,12月08日 17:48
昨晚直播以后感觉可以和全世界和解和一群素未谋面的wmls一起在会议室大喊五月天 发弹幕 喊安可然后一一道别 约定在未来的某一天 一定会在线下演唱会再见而他们 真的接住了每个人的真心知道大家都在担心他 所以阿信唱那么多高音 说那么多话 会8G冲浪后挡在wmls身前好好开始于线上 昨晚直播以后感觉可以和全世界和解和一群素未谋面的wmls一起在会议室大喊五月天 发弹幕 喊安可然后一一道别 约定在未来的某一天 一定会在线下演唱会再见而他们 真的接住了每个人的真心知道大家都在担心他 所以阿信唱那么多高音 说那么多话 会8G冲浪后挡在wmls身前好好开始于线上每次看的时候都是坐在投影前爆哭柏林到了现场在摇滚区挥舞着应援棒和你一起全程蹦跳原来这就是我从年少时就一直想来感受的热情巴黎我回到线上带着柏林的戒断反应和被窝摇滚区的大家一起和你唱到天明五月天和wmls真的是最棒的群体很高兴在第一个四分之一世纪加入你们接下来 一起走吧 希望可以不拄拐杖还挥舞手里的荧光棒伤心的 都忘记了 只记得这首笑忘歌那一年天空很高 风很清澈从头到脚趾都快乐Ps. 今天的早餐是胡萝卜蛋糕🥕,12月08日 17:47
repo一下现场氛围确实不错 就不该坐着应该集体起来蹦迪跳舞确实真唱了这次 因为几乎每首都有难听/跑调/破音/气息不稳（这个live水平听得我眉头紧锁 但唱的确实很卖力….）除了恋爱ING的垫音真的很明显 ,12月08日 17:47
人无完人，几个人也老了，是该量力而行 ,12月08日 17:47
世界破破烂烂 五月天缝缝补补💙,12月08日 17:46
这次的演唱会阿信有一种被通报了，然后领导来视察，被迫上班，被迫上台表演的感觉，严肃认真努力内疚透露着心酸，和过去摸鱼上班开演唱会能够领几倍的工资的状态完全不同！好像被迫打工的自己 ,12月08日 17:45
有些吃瓜观众可以看看专业调音师的说法,12月08日 17:41
天亮了 你不是一个人唱🖐🏻️#我心中尚未崩坏的地方# ,12月08日 17:39
//://://:《諾亞方舟》由瑪莎作曲，阿信填詞。收錄在五月天2011年發行的專輯《第二人生》中。五月天憑借該曲獲得第23屆金曲獎最佳年度歌曲獎，並與陳建騏憑借該曲共同獲得最佳編曲人獎，瑪莎憑借該曲獲得最佳作曲人獎。,12月08日 17:39
码住,12月08日 17:36
五月天巴黎演唱会上的《干杯》这次是如假包换的真唱，但是现场的试听效果不是很尽人意。再对比他们之前的演唱，明显的有不同的地方！,12月08日 17:35
这次是巴黎特种兵了 也是当天来第二天就走 是第16场五月天了再放一首笑忘歌 我愿称之为“在你身边版”笑忘歌 视频没有录上的第一句话是 “在全世界都没有人站在我们身边的时候 你们站在五月天身边…”网上的声音太多 希 这次是巴黎特种兵了 也是当天来第二天就走 是第16场五月天了再放一首笑忘歌 我愿称之为“在你身边版”笑忘歌 视频没有录上的第一句话是 “在全世界都没有人站在我们身边的时候 你们站在五月天身边…”网上的声音太多 希望大家都有自己的判断 不当键盘侠 不人云亦云 以及祝我以后听到更多的五月天,12月08日 17:32
玛德能不能把蔡依林的玫瑰少年还回来，偷子团还要装疯卖傻多久 ,12月08日 17:28
说是在巴黎演唱会证明自己，但那首玫瑰少年唱的真的不是在自爆吗……还不如一直嘴硬好了,12月08日 17:26
全世界最后一场好好好想见到你77/77 巴黎我和我最后的倔强,12月08日 17:24
以前算五月天路人粉，还挺喜欢他们歌的。。。巴黎直播明明白白地告诉大家，国内观众不配听真唱呗。五十岁的人了，咋还整饭圈这一套。歌手假唱就是毫无职业操守啊,12月08日 17:18
是青春是热血是陪伴过许多夜晚的歌声，但这演唱会不像自证更像实锤，老老实实承认，甚至说是半开麦或者垫音，我觉得大家都会理解，因为这是26年的五月天，48岁的陈信宏。但偏偏要嘴硬，公司的解释、个人的声明全都是青春矫情自信鸡汤，对就是对，错就是错，歌词里说的后来的你们你 是青春是热血是陪伴过许多夜晚的歌声，但这演唱会不像自证更像实锤，老老实实承认，甚至说是半开麦或者垫音，我觉得大家都会理解，因为这是26年的五月天，48岁的陈信宏。但偏偏要嘴硬，公司的解释、个人的声明全都是青春矫情自信鸡汤，对就是对，错就是错，歌词里说的后来的你们你还期待吗？五月天的歌还在歌单里，青春痕迹还留在记忆里，但五月天已揉碎消散在风中。,12月08日 17:16
所以五月天算是石锤了吗,12月08日 17:15
,12月08日 17:11
昨天参与全程的我们六个嗓子也全都喊哑了，但没关系，陪你唱到日出。黑暗的日子已经过去了✨,12月08日 17:11
昨晚阿信这个京剧片段我快笑鼠了，台下观众：哎呦喂,12月08日 17:08
「感情的親疏對事物認知的影響」這兩個詞條可以作為很好的例證 ,12月08日 17:07
💙🤍,12月08日 17:05
解散吧，前后对比很明显吧对不起青春对不起写的这些歌词对不起粉丝，累了毁灭吧,12月08日 17:02
,12月08日 17:01
嘲笑纯粉 ,12月08日 16:58
分享一些昨晚的live图🫶 ,12月08日 16:57
唱的有点费劲吧？ ,12月08日 16:57
你知道巡演主题好好好想见到你是什么意思吗？好好好从线上开始，五月天对着空荡荡的体育场歌唱。疫情阻隔，如此大的灾难，如此大的变数，我们无法相聚，通过网络连接。隔了千里万里，但还是好好好想见到你。想与你一同歌唱，共同讲述彼此的故事，在同一片天空下 你知道巡演主题好好好想见到你是什么意思吗？好好好从线上开始，五月天对着空荡荡的体育场歌唱。疫情阻隔，如此大的灾难，如此大的变数，我们无法相聚，通过网络连接。隔了千里万里，但还是好好好想见到你。想与你一同歌唱，共同讲述彼此的故事，在同一片天空下，听同一首歌，呼吸同一片空气。到今年终于可以面对面，一同呐喊，一同歌唱，一同挥舞，一同摇摆。“黑暗过去了”，疫情结束，阻挡消弭，我们相聚，然后再奔赴新的旅途，新的人生。未来充满未知，但那片黑暗那段充满曲折的岁月至少已在身后这叫做黑暗过去了如果要按照有些人认为的暗指假唱风波，官方结果还没出，还有这么多不知真假先当判官或者借着由头自说自话的人，怎么能算过去了呢不知者无罪，有时却也显得狂妄自大，或者愚笨可笑听一听五月天的歌，或许会收获感动力量；不听不喜欢也没关系，你的共鸣在别处希望大家都好好的,12月08日 16:56
今天刷抖刷了好多五月天巴黎演唱会视频，更加坚信之前看的演唱会是假唱了,12月08日 16:55
,12月08日 16:54
感覺錘了 ,12月08日 16:51
以前梁龙说五月天之后玛莎的回应就感觉特别有礼貌情商很高。这回这个事情不是只要有眼睛有耳朵就能发现是不是假唱吗还死不认账，现在搞个线上真唱就能掩盖线下假唱了？最败坏路人缘的是邪教一样的粉丝 ,12月08日 16:50
好好好想见到你！期待下次再见！,12月08日 16:48
看了巴黎演唱会真唱后，我想很多人都恍然大悟了，巴黎演唱会的重大意义就是：之前的演唱会假唱实锤！我真是F了你这个老6（简称：F6），我觉得不是冲破头，而是冲破了苍穹才对，希望天上的玉皇大帝和如来佛祖没有收到惊吓，不然天兵天将们一定会下凡降妖除魔！,12月08日 16:47
黑子你多读点书吧 你有恶意剪辑的习惯我们可没有哦  fuak是什么东西 你想说fuck吗 电脑和手机键盘的a和c距离那么远不会是手误拼错了吧？,12月08日 16:47
演唱会这三小时又把我的这十年过了一遍无论怎么说 我满怀感激整个青春 无论开心与不开心的时候都是你的歌 陪我度过每听一遍 都仿佛在将我的青春再过一遍快乐的 与不快乐的都通过眼泪 让一切成为过去式啦 let it go对于以后我不怕千万人阻挡 只怕自己投降！演唱会这三小时又把我的这十年过了一遍无论怎么说 我满怀感激整个青春 无论开心与不开心的时候都是你的歌 陪我度过每听一遍 都仿佛在将我的青春再过一遍快乐的 与不快乐的都通过眼泪 让一切成为过去式啦 let it go对于以后我不怕千万人阻挡 只怕自己投降！,12月08日 16:43
是真唱 但是他这场真唱不代表他国内那几场没有假唱啊不知道那些粉丝在高潮什么 而且唱的真的不好听 ,12月08日 16:42
猥琐的咸猪手，真救命了。这个邱老师怎么这么恶心人啊,12月08日 16:41
还以为五月天这种老团不会有很多nc的粉丝。这还能说和之前演唱会一样。不拉麦，站桩就已经很不一样了尤其是《玫瑰少年》难听到哭，英文part发音一塌糊涂，有点像初中生被抽背英语课文。中文部分咬字也很费力，有几句也是吐词不清，气也很短。哪怕不算上这些也属于在街边卖唱 还以为五月天这种老团不会有很多nc的粉丝。这还能说和之前演唱会一样。不拉麦，站桩就已经很不一样了尤其是《玫瑰少年》难听到哭，英文part发音一塌糊涂，有点像初中生被抽背英语课文。中文部分咬字也很费力，有几句也是吐词不清，气也很短。哪怕不算上这些也属于在街边卖唱都没人给钱的水平。,12月08日 16:40
好好好好好 ,12月08日 16:36
本来刚开始爆出来的时候，对于是不是假唱一点都不在意，毕竟喜欢的是五月天的人和歌。但经过几天的发酵，爆出如此多的证据和一些此地无银三百两的行为，再一口咬定没有假唱完全是把观众当傻子耍。然而不仅五月天 本来刚开始爆出来的时候，对于是不是假唱一点都不在意，毕竟喜欢的是五月天的人和歌。但经过几天的发酵，爆出如此多的证据和一些此地无银三百两的行为，再一口咬定没有假唱完全是把观众当傻子耍。然而不仅五月天不承认，官方也迟迟没有调查结果，眼看热度越来越低，似乎又要不了了之。事情真相在哪里？观众维权途径在哪里？这是不是演唱会届的鼠头鸭脖？,12月08日 16:33
,12月08日 16:31
我不喜欢香菜但是我身边不乏有人超爱香菜我不喜欢香菜好像没什么理由甚至我从来没有吃过香菜就是觉得他很难吃任何人和事都没办法让所有人喜欢你觉得千般好万般好的不喜欢的人就是不喜欢有人以为这场直播是危机公关有人期待这场直播是绝地反击但似乎我们都猜错了手机加上一个小云台前排随 我不喜欢香菜但是我身边不乏有人超爱香菜我不喜欢香菜好像没什么理由甚至我从来没有吃过香菜就是觉得他很难吃任何人和事都没办法让所有人喜欢你觉得千般好万般好的不喜欢的人就是不喜欢有人以为这场直播是危机公关有人期待这场直播是绝地反击但似乎我们都猜错了手机加上一个小云台前排随便一个观众拍的都会有更高清的画面可就是这样的一个画面几万人在工作日的凌晨爬起来守护着，珍惜着我们真的一起唱到了天亮他们好像出了门给家里报平安的小孩子我们好像是受了委屈回到家里的小孩子也说不清到底是谁在护谁也许在名为五月天的城堡里我们全都是小孩我以为他会哭可是他在笑我不知道是不是我们给了他底气他从舞台上一跃而下跳进的是万千wmls的心这场风波收尾之前他把后背给了我们一场闹剧即将落下所有的争议都得有的争有的争就不可能板上钉钉第一条热搜可能谁都进来看个热闹但是到了第100条热搜的时候其实网络上就剩下了两拨人一拨玩了命的骂他们一拨铁了心的爱他们其实事情闹到现在我难过委屈气氛但很大一部分原因是为我自己我努力的工作，积极的生活就因为我喜欢一个乐队被否认变成了一个别人口中的“脑残”变成了一个不辨是非的“死鸭子”变成了一棵人人嘲笑的“韭菜”那些从来没有看过现场的人却高举着名为疑似大旗站在道德制高点上充当“正义使者”怀疑一旦存在，罪名就已成立那些看了现场暴跳如雷的人自己看到的自己听到的不如听别人说的演了几十场没人出来说11月去分析9月的视频然后给别人扣一个帽子真好笑吃饭的时候你不说话吃饱喝足了你听别人说这菜里有头发嗷嗷叫唤着要维权谁才是没有思考能力的傻子一下子格外分明你嘲笑他不懂乐理100多首歌摆在那里你嘲笑他文笔不行金曲奖最佳作词摆在那里彩虹能不能被看见不是光的问题是眼睛的问题台上的人早就功成名就台下的我们有什么呢那些在网上捍卫着五月天的人捍卫的是自己的光自己的相信捍卫的是自己疯狂世界里的乌托邦那些在网上为了黑而黑的人嘴里骂着五月天暴露的却是自己不怎么样的人品到头来除了几句低级脏话什么都留不下动不动就爆粗口问候人家父母的好像是出门把妈揣兜里了你骂他们都得带上24年顶级乐团的title但是某些倒油的乐团就像是上个世纪没卖出去这个世纪又砸在手里的赔钱货20年前没争过他们10年前没搞垮他们如今更没人挡得了他们其实写下这些是因为这些话因为憋在心里，无处可说能看到这里的人大部分都是爱他们的人2023谢谢五月天，也谢谢你们明年我们一定能坐上时光机回到那一天（转自七七老师）,12月08日 16:24
怎么感觉直播这样唱更HIGH呢？ 我喜欢阿信的破音，但不希望频繁的演出让你们累了， 更不希望为了照顾更多的听众，而去消耗了支持你们的歌迷。 唱不上去又怎么样呢？破音了又怎么样了？ 能不能一直这样唱呢？我们爱上的是这样唱歌的五月天~,12月08日 16:24
看了好多现场的视频，发现五月天这次可能确实是真唱，没有之前那种明显的对口型、声音画面延迟、动作浮夸等现象，但是唱的也是十分费力。不敢在有大幅度动作，不敢边唱边跳了，而且即便如此，很多地方也还有走音、破音的问题，特别是唱的所谓e6更是吃力而唱不上去，可见五月天的唱功确实下降的厉害，这 看了好多现场的视频，发现五月天这次可能确实是真唱，没有之前那种明显的对口型、声音画面延迟、动作浮夸等现象，但是唱的也是十分费力。不敢在有大幅度动作，不敢边唱边跳了，而且即便如此，很多地方也还有走音、破音的问题，特别是唱的所谓e6更是吃力而唱不上去，可见五月天的唱功确实下降的厉害，这大概也是他之前选择假唱的原因吧。虽然他本意是要通过直播来证明真唱，但是也许最终会是相反的效果：证明此前的轻松的、能蹦能跳的、高音准的那些确实是假唱。对此，大家怎么看待五月天的演唱会直播呢？大家觉得这个直播能证明他此前是真唱还是假唱呢？,12月08日 16:22
网友热评：伍佰不唱都行，他大部分唱都不行,12月08日 16:21
感谢黑子 让我能免费看到这么近距离的五月天演唱会 respect 你们真是辛苦了 熬夜贡献播放量 连句玩笑都能上纲上线追着黑 真心的祝福你们,12月08日 16:16
【他们说 就让他们去说】保护每个人的翅膀是每个成年人的素质体现一个黑暗过去了 另一个新的时代要来临了这一生我们志愿只要平安快乐就好🍎「在全世界都没有人站在我们身边的时候，你们站在了五月天身边，请你 【他们说 就让他们去说】保护每个人的翅膀是每个成年人的素质体现一个黑暗过去了 另一个新的时代要来临了这一生我们志愿只要平安快乐就好🍎「在全世界都没有人站在我们身边的时候，你们站在了五月天身边，请你们记得，当全世界没有人站在你身边的时候，五月天在你身边」一個黑暗過去了，另外一個新的時代要來臨了，五月天想要和你活在另外一個全新的時代，另外一個25年，另外一個四分之一個世紀，另外一個屬於你的人生💙🖐🏻,12月08日 16:16
在场证明吧躺着看的演唱会老年五迷没撑到最后,12月08日 16:12
半夜被窝摇滚区,12月08日 16:11
很好听，超级好听无敌好听！永远爱五月天💙 ,12月08日 16:09
我一直在讨论E6，有的小粉丝非要说我说什么官方，谁跟你讨论假唱了，搁着胡搅蛮缠混淆概念，笑死,12月08日 16:07
自己锤自己，你是第一个 ,12月08日 16:00
【五月天巴黎演唱走调、破音引热议，阿信哽咽“黑暗过去了”】据九派新闻，假唱风波后，北京时间12月8日凌晨3点，五月天巴黎演唱会准时开唱。有网友对比五月天此前演唱会发现，该场巴黎演唱会上，主唱阿信出现走调、破音等问题，且在演唱过程中疑似为了保证气息平稳，减少了之前演 【五月天巴黎演唱走调、破音引热议，阿信哽咽“黑暗过去了”】据九派新闻，假唱风波后，北京时间12月8日凌晨3点，五月天巴黎演唱会准时开唱。有网友对比五月天此前演唱会发现，该场巴黎演唱会上，主唱阿信出现走调、破音等问题，且在演唱过程中疑似为了保证气息平稳，减少了之前演唱会的蹦跳、甩飞话筒等动作，近乎“站桩式”演唱。但也有网友表示，巴黎演唱会现场，五月天唱得还算稳。在演唱会结束后，五月天主唱阿信未发文称：“岁月有你同路，陪我唱到日出。此前，五月天巴黎演唱会直播中，阿信当场哽咽：“最后一场真的结束，这不会是终点，会是一个逗点，一个黑暗过去了。”8日上午，面对网上持续发酵的假唱争议，五月天经纪公司连发5个“再唱”,12月08日 15:58
我就问问这男的是不是有毛病？？非得伸手扒拉阿信一下是吧，手管不住可以剁下来,12月08日 15:53
地球上最后一场好好好想主题con，在东八区用巴黎时间和好友、和wmls们一起唱到了天亮。热度终究会过去，沉淀下来的心💙会让我们更加羁绊相依。 ,12月08日 15:49
本来对五月天是欣赏的，有些歌青春洋溢正能量。假唱风波后，一系列骚操作真的让人大跌眼镜啊。先不说他们，坐我公司对面的wmls，一天一个样，一会相信，一会儿怀疑，一会儿决定无脑式支持，随她高兴，只要别来烦我就行。不过，面对层出不穷的 本来对五月天是欣赏的，有些歌青春洋溢正能量。假唱风波后，一系列骚操作真的让人大跌眼镜啊。先不说他们，坐我公司对面的wmls，一天一个样，一会相信，一会儿怀疑，一会儿决定无脑式支持，随她高兴，只要别来烦我就行。不过，面对层出不穷的确凿证据，作为公众人物，陪大家走过青葱岁月的偶像，还能如此不低调，死鸭子嘴硬到这个程度也是很服气。音乐知识我不知道，但是疲惫的嗓子能唱出什么样的音色我相信唱过2-3hrs ktv的人都能知道。我对面的wmls参加了上海的最后一场，拍出来的视频，哇，那个嗓音稳得一批啊。娱乐圈真暴利，wmls的钱真好赚。如果之后技术部门鉴定没有假唱（有这个可能吗？），希望网友能道歉，如果被证实假唱，希望这五大只靠卖情怀哭哭啼啼的男子组合能好好忏悔，反省清楚了再来内地开演唱会吧。,12月08日 15:49
你们wmls太好笑了，一批人卸载微博装死，一批人现学什么是广场净化词条，一批人精神崩溃三天两头哭一次，一批人拉表格开始记仇，一批人精神状态极不稳定开始在热搜词条上给打歌。是的，这条也是给怪物星人打歌的，请大家收听她们的第一张原创专辑谢谢,12月08日 15:47
自己写的歌在演唱会上变调就要说跑调，蹦蹦跳跳说年纪大了唱跳那么久不带累的肯定是假的，不蹦不跳说站桩演唱，话都给你们说完了。演唱会本来就是给粉丝看的，没邀请你呢，不喜勿入。,12月08日 15:46
emmmmm，其实我想说，他重庆那场我听着是真唱来着，虽然说不是行走的cd，但是现场真的也很牛了，除了有的走走音，整体真的还蛮震撼的，唱高音的时候声压很足，而且未见明显喘气，那时候我还跟朋友感叹第一次听他live觉得体力真的很好 ,12月08日 15:45
之前感觉可恶的是五月天假唱欺骗圈钱，粉丝可怜被骗钱。现在感觉这不是愿打愿挨嘛！被骗还挺乐呵，还网上对骂呢！不能说傻了，就是有点愚蠢了。 ,12月08日 15:45
张杰现场实力，在国内流行乐圈算顶级吧！大大方方的说有可能有假唱并且把最低档票价降一降也是可以理解的。真正可恨的是又当又立的！ ,12月08日 15:44
对比了传说中的固定曲目干杯…能很明显听出来这次直播和之前的是不同的像干杯这种前面主歌部分短平快的，现场真的比较难唱的又准又均匀，所以很好分辨… ,12月08日 15:44
看完后，只能说，对比太明显了，之前国内的，应该是原声也很大，也庆幸那会麦克风没掉，不然就妥妥实锤 ,12月08日 15:43
你有一万个可以质疑他的理由你有一万个评判他的标准你有一万个评论他的声音这是一个喧嚣嘈杂的世界它给了你空间和自由说那些好与坏你可以用你的准绳给出你的标准你可以说你是公正客观的你可以认为你看到听到的真实但那是你的判断我亦有我的选择我有我的喜欢我有我的相信我有我的信仰这世 你有一万个可以质疑他的理由你有一万个评判他的标准你有一万个评论他的声音这是一个喧嚣嘈杂的世界它给了你空间和自由说那些好与坏你可以用你的准绳给出你的标准你可以说你是公正客观的你可以认为你看到听到的真实但那是你的判断我亦有我的选择我有我的喜欢我有我的相信我有我的信仰这世界不需要你都包容也不需要你都认可如果你只是那1%如果你只是沧海之中的一滴水如果你只是浩瀚星空的一颗小石头如果你只是时间长河里可以忽略不计的一粒尘埃你今天的只言片语真的无所谓我亦如此我不需要你的支持他和他们也不需要你的认可我们互相有彼此的陪伴如果利剑刺穿他那是他需要接受的惩罚他需要疗愈自己更需要疗愈那些信任但他不需要疗愈你你真的不重要我亦真的无所谓你我们都只在自己的世界就好我不需要你闯入进来没有黑暗的世界，黑暗的时代只有黑暗的你内心的角落我坚定着我的坚定至于你对不起，勿扰,12月08日 15:41
上海市平均高度为海拔2.19米左右；巴黎平均海拔约为178米。望周知。。。海拔差了22个8度，巴黎的E6相当于上海的E28，而E28超出了人体辨识极限，阿信为了照顾歌迷的感受才放的CD，是我们错怪他了....,12月08日 15:41
用一场真唱来证明之前全是假唱，这就是摇滚精神！！！,12月08日 15:39
真唱这么难听，水平差距这么大不就相当于反向锤 ,12月08日 15:33
五月天这把操作太迷了，之前还有很多同事兴冲冲跑去看五月天演唱会，没想到是现场放录音，江湖地位都这么高了，钱也赚这么多了，这次真是晚节不保。。。我记得他们的衣服潮牌口号还叫什么keep real，这次是真的很不real 。,12月08日 15:33
阿信这波认领不得不让人佩服，不仅让观众听众吃瓜群众佩服，也让 Vitas 心服口服阿信之前说自己能唱 10 多拍 f6（vitas 本人应该也只能坚持几秒），用个通俗易懂（英雄联盟玩家）的类比就是：50 岁的 Scout 说以自己现在的实力，直接杀穿 20 岁的 Faker 没有任何问题网上冲浪看到一个冷 阿信这波认领不得不让人佩服，不仅让观众听众吃瓜群众佩服，也让 Vitas 心服口服阿信之前说自己能唱 10 多拍 f6（vitas 本人应该也只能坚持几秒），用个通俗易懂（英雄联盟玩家）的类比就是：50 岁的 Scout 说以自己现在的实力，直接杀穿 20 岁的 Faker 没有任何问题网上冲浪看到一个冷知识给大家科普一下，信乐团《死了都要爱》这首歌最高的调是 d5，比阿信老师唱的 f6 大概少了 14 个 key,12月08日 15:32
智己 vs 理想让你选，你选谁？,12月08日 15:32
这应该是最美的双向奔放了,12月08日 15:30
//:《盛夏光年》阿信詞曲創作。收錄在五月天2006年發行的《盛夏光年電影主題曲概念專輯》。該曲是電影《盛夏光年》的主題曲。,12月08日 15:30
//:「因為你日夜陪伴 所以我風雨前行」1.《因為你所以我》阿信詞曲創作，於2020年發行。因為知足，所以相遇。2.《知足》阿信詞曲創作。收錄在五月天2005年發行的《知足》最真傑作選中。,12月08日 15:29
//:1.《瘋狂世界》阿信詞曲創作。收錄在五月天1999年發行的專輯《第一張創作專輯》。2.《香水》阿信作詞，冠佑/阿信譜曲。收錄在五月天2006年發行的專輯《為愛而生》。3.《擁抱》阿信詞曲創作。收錄在五月天1999年發行的專輯《第一張創作專輯》。,12月08日 15:29
//:《最重要的小事》阿信作詞，瑪莎作曲。收錄在五月天2006年發行的專輯《為愛而生》。2007年憑借該專輯五月天在第七屆全球華語歌曲排行榜獲得最受歡迎組合獎並在第十三屆華語榜中榜上獲得最佳樂隊獎。,12月08日 15:29
//:《乾杯》阿信詞曲創作。收錄在五月天2011年發行的專輯《第二人生》中。在短短5分鐘內敘述了一個非常重要的人生哲理——生命短暫，要好好珍惜每分每秒，要樂觀豁達——活在當下，抓住現在！,12月08日 15:29
場館從空無一人到滿是歌迷2020→2023，這才是，好好好想見到你的意義那個未來，它真的來了，我們真的相見了謝謝某些人沒有你們的頑皮 就沒有我們的這次見面也許是地球上最後一場好好好想見到你但是我永遠想見你，永遠願意飛奔向你五月天，我們愛你（凌晨三點還在看演唱會的人都是神經病啦）場館從空無一人到滿是歌迷2020→2023，這才是，好好好想見到你的意義那個未來，它真的來了，我們真的相見了謝謝某些人沒有你們的頑皮 就沒有我們的這次見面也許是地球上最後一場好好好想見到你但是我永遠想見你，永遠願意飛奔向你五月天，我們愛你（凌晨三點還在看演唱會的人都是神經病啦）,12月08日 15:28
五月天巴黎演唱会，再现大摆锤看看之前头都甩飞了，现在头都不敢离麦了，这就是所谓的越证明越实锤吧？提个大胆的猜测，有没有可能台上那个人是替身，真正的阿信根本就没去现场？,12月08日 15:28
//:《人生海海》阿信詞曲創作。收錄在五月天2001年發行專輯《人生海海》中。人生原本就像海一般廣闊無邊，充滿誘惑也充滿疑惑：但就像潮水隨時會產生新的行進，潮落之後必會有潮起，這是五月天期許的人生態度。,12月08日 15:28
//:《戀愛ING》阿信詞曲創作。收錄在2005年五月天發行的專輯《知足》中。該曲曾獲得2005 MusicRadio中國TOP排行榜港台年度金曲獎。,12月08日 15:28
//:《好好（想把你寫成一首歌）》阿信作詞，冠佑、阿信作曲。收錄在五月天專輯《自傳》。2016年作為新海誠動漫電影《你的名字》的台灣地區宣傳曲。,12月08日 15:27
//:《永遠的永遠》收錄在五月天2001年發行的專輯《人生海海》。,12月08日 15:27
他满分的答卷破绽百出被狠狠质疑为了证明自己真的没作弊他交了一份真实但远不及格的答卷第一次见识粉丝的狂热和昏聩嘴硬到我觉得就算官方鉴定为假都会继续嘴硬从此无法直视🥕这个Emoji作品和作者早该分 他满分的答卷破绽百出被狠狠质疑为了证明自己真的没作弊他交了一份真实但远不及格的答卷第一次见识粉丝的狂热和昏聩嘴硬到我觉得就算官方鉴定为假都会继续嘴硬从此无法直视🥕这个Emoji作品和作者早该分开理智是个好东西不不不，还不够完整：粉丝、作品、作者都应该是独立的。这次群嘲对粉丝来说，不过是一次考验忠诚的试炼，他们的脊梁跟嘴一样硬且脆生[HO加油][HO加油][HO加油]有些歌是很好听，我也喜欢但我讨厌他对口型时夸张的撅嘴（划重点）超级茶🍵茶爆了,12月08日 15:26
//:《諾亞方舟》由瑪莎作曲，阿信填詞。收錄在五月天2011年發行的專輯《第二人生》中。五月天憑借該曲獲得第23屆金曲獎最佳年度歌曲獎，並與陳建騏憑借該曲共同獲得最佳編曲人獎，瑪莎憑借該曲獲得最佳作曲人獎。,12月08日 15:25
//:《溫柔》阿信詞曲創作。收錄在五月天2000年發行的專輯《愛情萬歲》。,12月08日 15:25
五月天假唱争议后首次开唱全程直播,12月08日 15:23
网友：析有以下几点:1.那个螺栓实在忽悠不了小白了，一大堆从业人员出来给他们科普，1500+1500有时候并不是等于3000的，梦想的销售，还要努力找新的话术，但是舆论出来了，改呢？还是不改呢？2.整一个就是换壳L9，产品没有任何特色，为了续航，搞一个怪异的外形和超小的轮毂， 网友：析有以下几点:1.那个螺栓实在忽悠不了小白了，一大堆从业人员出来给他们科普，1500+1500有时候并不是等于3000的，梦想的销售，还要努力找新的话术，但是舆论出来了，改呢？还是不改呢？2.整一个就是换壳L9，产品没有任何特色，为了续航，搞一个怪异的外形和超小的轮毂，产品力被同时期上的小鹏X9按着摩擦，完全没得比；3.订单数量狠狠打了微博之王的脸，虽然他脸皮和很多梦想粉丝一样厚，但是不能做到发布一鸣惊人，后面的纯电路线就要凉凉了。所以，还是给想王一个建议，转增程吧，虽然这条路还有华为在做，但是竞争压力远远不如纯电，而且梦想还能在增程这条路线上，凭借丰富的经验去打败别人。,12月08日 15:21
五月天被质疑假唱的这个事情，前几天我也是抱着吃瓜的心态看，有时候也会被他的“秦王扫六合”笑到。但当我看到昨天巴黎演唱会的真唱视频时，突然有点心酸了。一个已经年近半百的老歌手在台上歇斯底里的唱“再唱”。不管好不好听，到没到E6，但确实是全力以赴了。这 五月天被质疑假唱的这个事情，前几天我也是抱着吃瓜的心态看，有时候也会被他的“秦王扫六合”笑到。但当我看到昨天巴黎演唱会的真唱视频时，突然有点心酸了。一个已经年近半百的老歌手在台上歇斯底里的唱“再唱”。不管好不好听，到没到E6，但确实是全力以赴了。这感觉就好像是自己小时候考试作弊考了80分，结果被发现了，但还是嘴硬说没有作弊，说下回我还可以考80分，所以后面天天努力学习，但结果下回考试只考了60分。五月天还是给我留下了很多美好的记忆。初中时，全班一起学《倔强》；高中时，在课前给同学们分享《伤心的人别听慢歌》；跨年时，和朋友一起听《笑忘歌》。所以这些歌变成了打开我青春记忆的快捷方式。我也觉得应该把音乐和歌手本人分开来看待。作为一个歌迷，我就单纯的去喜欢这首歌，因为人总会老去，但音乐永远年轻。,12月08日 15:20
我们在一起！,12月08日 15:17
仔细去听了官博每首歌的现场哈哈哈真的笑死了也不蹦了也不跳了恋爱ing都能站着唱完就这还每首歌跑调破音从头又跑又破到尾是怎么在上面站到最后不尴尬的？应该很煎熬吧～自己给自己实锤了啊～ ,12月08日 15:16
这周要帮隔壁组去年的活收尾 然后自己的model被催着要出要做deck 整个一周都在按天安排兼顾这那～今天下午看完ig上的巴黎的live 然后就跟打了鸡血一样 忙到半夜竟然不困 看来我真的是太想看去你们的现场了,12月08日 15:14
E6哥用自己在巴黎演唱会的行为，证明了自己在国内演唱会的假唱，自己揭露自己，太勇猛了！,12月08日 15:14
五月天阿信认领自己唱到了F6,12月08日 15:12
这么多视频发布出来 假唱肯定实锤了 商业演出假唱是犯法的 等于收了钱不做事 粉丝再脑残也不要拿自己的血汗钱开玩笑呀,12月08日 15:05
小黑子和营销号煞费心机，绞尽脑汁怎么变花样继续黑，尽可能自己的能力败坏自己德行，缺德的东西们赚黑心钱断子绝后吧！,12月08日 15:05
笑死了说话都在破音还洗啥呀,12月08日 15:01
21号看了五月天上海场，也是全亚洲最后一场。（原本想着他唱：重新开始活着 会破音，即使破音，我们也会爱。。。但是，这个现场竟然超级稳，当时就在怀疑会不会半开麦，没想到真的假唱了。。。。巴黎演唱会的直播真让人大跌眼镜，可以说吗？？？？ 所谓的E6也就算了，现场连B 21号看了五月天上海场，也是全亚洲最后一场。（原本想着他唱：重新开始活着 会破音，即使破音，我们也会爱。。。但是，这个现场竟然超级稳，当时就在怀疑会不会半开麦，没想到真的假唱了。。。。巴黎演唱会的直播真让人大跌眼镜，可以说吗？？？？ 所谓的E6也就算了，现场连B4都够呛，所以北京上海那么多场，还敢说自己是真唱的吗？,12月08日 15:00
昨天一夜没睡 今天果然盯不住啊昨晚的巴黎演唱会后遗症一直在虽然没在现场 但是心早飞过去了不管怎样 尽管现在热搜声音很多但是也不影响我一直喜欢你们未来也会继续支持你 因为你带给我们的只有我们自己知道 你的能量 你的歌词 你的小作文亲爱的阿信 亲爱的五月天你不要难过 别去在意当下的逗 昨天一夜没睡 今天果然盯不住啊昨晚的巴黎演唱会后遗症一直在虽然没在现场 但是心早飞过去了不管怎样 尽管现在热搜声音很多但是也不影响我一直喜欢你们未来也会继续支持你 因为你带给我们的只有我们自己知道 你的能量 你的歌词 你的小作文亲爱的阿信 亲爱的五月天你不要难过 别去在意当下的逗号正如你说的 黑暗终究会过去愿我们未来越来越来越好❤️,12月08日 15:00
谢谢你，谢谢我，我在被窝摇滚区,12月08日 14:59
今天看了五月天巴黎演唱会的视频，感觉离真相更近了不少，不知道官方调查到哪步了，一直等着官宣,12月08日 14:56
我有两个疑问啊，五月天的演唱会1.五月天开了七十多场演唱会，为什么到现在，才有人提出来是假唱，平时大家都没听出来吗？看了巴黎演唱会，这正常的真唱声音大小有起伏，有跑调，有破音，有高音，有降调的。巴黎这一场真唱，不代表之前没有假唱啊，没有关联性。就像股票一样， 我有两个疑问啊，五月天的演唱会1.五月天开了七十多场演唱会，为什么到现在，才有人提出来是假唱，平时大家都没听出来吗？看了巴黎演唱会，这正常的真唱声音大小有起伏，有跑调，有破音，有高音，有降调的。巴黎这一场真唱，不代表之前没有假唱啊，没有关联性。就像股票一样，今天涨了，不代表之前是一直涨的那个E6高音，也不是太难，因为男声比较低，所以谱面上记载的E6，实际演唱音高只有E5。这种情况在视唱里还是很常见的。所以阿信也没说错，但也能理解为啥这么多人质疑他，毕竟他没说清谱面音高和实际演唱音高。 不过这波声明有点得不偿失，假唱风波没过去，这又添新 坑。2.五月天是哪一年流行的？我怎么一点印象都没有？说代表一代人的青春，我是基本都没听过，我没青春。你说二选一:  周杰伦代表青春，还是五月天？,12月08日 14:53
世界纷纷扰扰喧喧闹闹什么是真实为你跌跌撞撞傻傻笑笑买一杯果汁🍻好不容易抢到的票77个城市 巴黎收官场那当然要去感受一下啦,12月08日 14:52
黑子//:爱听五月天的人，总是常常谈论人类 未来 宇宙 星空。从三好主题起始，我们谈论的黑暗就已经是：被疫情夺走那些人事物和失去那本该灿烂辉煌的三年时光。求求了，别再逼我们为那些浅薄恶言向下兼容了！🤏🏻,12月08日 14:51
好久不带五月天的tag了 ,12月08日 14:51
08 / 12盡其在我 何懼人言我们都要把自己照顾好好到遗憾无法打扰5525我们再见 ,12月08日 14:49
干杯//:巴黎演唱会《笑忘歌》，这一次，把背后交给你们。一起笑着笑着，唱着唱着，就把烦恼都忘记了。,12月08日 14:48
巴黎演唱会《知足》,12月08日 14:47
麻烦尊重一下四月天和全场超大声唱的我，原po见右下角～ ,12月08日 14:46
先自我反省一下其次我想说因为陈信宏 我又改变了又往更好的方向迈进了一步这就是他带来的影响🖐🏻,12月08日 14:46
真唱了超级喜欢在工作的同时听听歌曲，大泽动力又出新产品啦快来围观呀！大泽动力8KW静音柴油发电机，带ATS自启动 ,12月08日 14:46
上海市平均高度为海拔2.19米左右；巴黎平均海拔约为178米。望周知。。。海拔差了22个8度，巴黎的E6相当于上海的E28，而E28超出了人体辨识极限，阿信为了照顾歌迷的感受才放的CD，是我们错怪他了....,12月08日 14:45
我投给了“看了”~我在被窝摇滚区,12月08日 14:44
看了五月天的演唱会直播，我都心疼他了,12月08日 14:43
五月天好好好想见到你巴黎最终站演唱会全程直播完整版回放,12月08日 14:42
//:我们也会在背后支撑住你们//:,12月08日 14:42
真唱破音走调，大家也能接受，接受自己的不完美就行，其实五月天现在风评这么差，全是那群自我感动的脑残粉死鸭子嘴硬造成的，自己没耳朵？？假不假听不出来？？ 嘴巴邦邦硬，我算是五月天歌迷，这群脑残粉自我感动无脑护恶心得我想吐 ,12月08日 14:40
这场的表现和我看的任意一场都没有区别 ,12月08日 14:38
五月天是不是假唱，大家质疑的都没问题。但都是站在观众的角度看的。但这件事情的核心，现在在鉴定部门。在鉴定部门眼里，结论只有二选一：假唱or不是假唱。注意啊，没有鉴定为真唱的可能性，这属于是把自己的公信力喂给五月天。如果结果是「假唱」，后果是啥呢？假一赔三，给大家退钱，把演唱会 五月天是不是假唱，大家质疑的都没问题。但都是站在观众的角度看的。但这件事情的核心，现在在鉴定部门。在鉴定部门眼里，结论只有二选一：假唱or不是假唱。注意啊，没有鉴定为真唱的可能性，这属于是把自己的公信力喂给五月天。如果结果是「假唱」，后果是啥呢？假一赔三，给大家退钱，把演唱会门票彻底做成理财产品。当然了，这中间的主办方、票务、媒体都要协调。这还只是眼前。以后大家都会对歌手开演唱会更加严格。注意啊，不是说严格不对。这会导致有些live不太行的歌手不敢开演唱会。很多演艺的项目会缩减。这对经济可不是好事。一个知名歌手的演唱会对于地方经济的拉动是很大的。机票、酒店、旅游、餐饮都嗷嗷待哺。就拿周杰伦来说，人家在呼和浩特开了四场演唱会，吸引了126.17万游客，带来了28.8亿元的旅游收入。演唱会算是疫情之后为数不多的能带动经济的热点了。鉴定部门出意见之前，这些得掂量掂量。我预计啊，五月天肯定会掉一层皮。但最后的结论简单来说会是「唱的不够真」。,12月08日 14:36
【】近日， 知名乐队五月天陷入假唱风波。12月4日，五月天经纪公司相信音乐回应媒体时称，“没有假唱”。并在12月7日的上全程直播。自2023年3月，各地文化和旅游行政部门恢复对涉外营业性演出的受理和审批后，不少歌手选择举办演唱会，但在演唱会现 【】近日， 知名乐队五月天陷入假唱风波。12月4日，五月天经纪公司相信音乐回应媒体时称，“没有假唱”。并在12月7日的上全程直播。自2023年3月，各地文化和旅游行政部门恢复对涉外营业性演出的受理和审批后，不少歌手选择举办演唱会，但在演唱会现场表演却出现了各类情况：假唱、音响出现问题、破音、跑调和忘词等。评论区声音褒贬不一，对此你怎么看？,12月08日 14:36
这次巴黎的真唱更加应证了之前确实是假唱,12月08日 14:35
胡萝卜🥕：你们不用现在我前面,12月08日 14:33
这一次陪你唱到天亮啦,12月08日 14:31
感谢总裁带我来巴黎被窝摇滚区体验很好听到总裁自嘲网路上骂得已经很惨了，又要胸闷泪奔了感谢五月天罩着我们,12月08日 14:28
过年了,12月08日 14:28
阿信：在全世界都沒有人站在我們身邊的時候你們站在了五月天身邊請你們記得當全世界沒有人站在你身邊的時候五月天在你身邊我们都是五月天🖐🏻🖐🏻🖐🏻,12月08日 14:25
「好好」超级幸运在巴黎场听到了这首！属于是我心里慢歌排名仅次于步步的歌了!,12月08日 14:21
爱听五月天的人，总是常常谈论人类 未来 宇宙 星空。从三好主题起始，我们谈论的黑暗就已经是：被疫情夺走那些人事物和失去那本该灿烂辉煌的三年时光。求求了，别再逼我们为那些浅薄恶言向下兼容了！🤏🏻,12月08日 14:19
,12月08日 14:18
①真唱时跑调破音就是寻常事，说明这时歌手确实是真唱。②E6并非是个歌手就行，但一般人偶尔也能飙上去，也不足为信。③是真唱，那么前面那77场，特别是上海演唱会都是真唱吗？大家现在关心的是这个。【站桩式演唱、E6没唱上去】 ①真唱时跑调破音就是寻常事，说明这时歌手确实是真唱。②E6并非是个歌手就行，但一般人偶尔也能飙上去，也不足为信。③是真唱，那么前面那77场，特别是上海演唱会都是真唱吗？大家现在关心的是这个。【站桩式演唱、E6没唱上去】假唱风波后，北京时间12月8日凌晨3点，五月天巴黎演唱会准时开唱。这场演唱会，五月天是否真唱依旧是焦点。有网友对比五月天此前演唱会发现，该场巴黎演唱会上，主唱阿信出现走调、破音等问题，此前阿信发文中提到的“E6”，他并没有唱上去，且在演唱过程中疑似为了保证气息平稳，减少了之前演唱会的蹦跳、甩飞话筒等动作，近乎“站桩式”演唱。也有网友表示，巴黎演唱会现场，五月天唱得还算稳。而在演唱会结束后，五月天主唱阿信未理会质疑，发文称：“岁月有你同路，陪我唱到日出。谢谢所有城市的支持，谢谢演唱会团队，谢谢每个你。”（本条信源）,12月08日 14:18
“当全世界没人站在我们身边的时候  你们站在我们身边  请你们记得 当全世界没人站在你身边的时候  五月天 在你身边”,12月08日 14:18
咋不蹦蹦跳跳的唱了？ ,12月08日 14:17
我从小一直也听五月天的歌 算是路人粉了 最近的质疑假唱视频也看了很多 看完觉得挺失望的 作为歌手在演唱会上假唱 于是半夜睡不着去看了下直播 发现跑调跑的很厉害 说了句话被五迷老师们的素质惊到了现在哪哪都是股饭圈味 可怕,12月08日 14:17
【MAYDAY】阿信:「在全世界都沒有人站在我們身邊的時候，你們站在了五月天身邊。請你們記得，當全世界沒有人站在你身邊的時候，五月天在你身邊。」,12月08日 14:16
我不是一个正儿八经粉丝，今年南京看了第一次五月天演唱会，买了最便宜380的票，是气氛最好的演唱会之一（别杠，如果唱的不好再气氛也没用，虽然可能比不上林俊杰这些，但是我认为已经挺好的了啊）一直觉得那天去看演唱会前看见了彩虹🌈一定有缘份捏我跟巴黎的感觉对比了一下，我感觉差距也不是很大 我不是一个正儿八经粉丝，今年南京看了第一次五月天演唱会，买了最便宜380的票，是气氛最好的演唱会之一（别杠，如果唱的不好再气氛也没用，虽然可能比不上林俊杰这些，但是我认为已经挺好的了啊）一直觉得那天去看演唱会前看见了彩虹🌈一定有缘份捏我跟巴黎的感觉对比了一下，我感觉差距也不是很大吧，为什么一个个都在说难听，我感觉阿信一直都是这样的啊，现场听气氛肯定更好啊。我还是在等鉴定结果捏，现场气氛真的很好，准备明年还去呢,12月08日 14:16
来啦,12月08日 14:15
可不可以深挖这个团体的一些行为呢？做过必留痕迹奥赚钱而已哪有什么情怀，尤其是对我们中国人当面一套背面一套，最恨这种阴阳人。,12月08日 14:14
啦啦啦啦啦🖐🏻武汉被窝区随缘看4点醒来《我心中尚未崩坏的地方》开始看，想哭了🥲，《倔强》眼泪狂飙，我们都是《玫瑰少年》，talking听到武汉激动呀，伤心的都忘记了只记得这首《笑忘歌》，23年最后一场好好👍值得！55555感谢陪伴太好哭，最后他站在了所有五迷老师的面前他唱：我不 啦啦啦啦啦🖐🏻武汉被窝区随缘看4点醒来《我心中尚未崩坏的地方》开始看，想哭了🥲，《倔强》眼泪狂飙，我们都是《玫瑰少年》，talking听到武汉激动呀，伤心的都忘记了只记得这首《笑忘歌》，23年最后一场好好👍值得！55555感谢陪伴太好哭，最后他站在了所有五迷老师的面前他唱：我不需要抱歉他说：全世界都不站在你身边的时候，五月天站在你身边🖐🏻🖐🏻🖐🏻,12月08日 14:14
粉丝们好好谢谢捶他的人吧，没有他，你们花钱连真的声音都听不到。现在不愿意在听他的歌了，怪怪的感觉 ,12月08日 14:13
谢谢老师！难得有清醒的人！,12月08日 14:11
未知全貌 不予置评的道理不懂？再说，粉不粉到底管你们啥事啊？一个个操心的来。。。还有荧光棒，真是大无语，那是强制的么？花你钱了么？你没那个消费能力，还不允许我有么？真的是操心的。。。,12月08日 14:11
某些人的粉丝纯度太高了吧，乐坛盛宴可真是曹丕的岳父不说话！ ,12月08日 14:09
阿信又唱又跳三小时，演唱了《盛夏光年》、《爱情万岁》、《派对动物》、《离开地球表面》等多首高难度歌曲，状态还依旧这么好，看来已经打脸某部分人了吧！你们觉得呢 ,12月08日 14:07
感谢总裁带我来巴黎凌晨三点起床看演唱会啦上海被窝摇滚区在线报到真正唱到天亮！直接早安安上班咯,12月08日 14:06
搜了一下阿信比我老婆婆小一岁 唱不上去以后开怀旧音乐会吧 粉丝应该不介意假唱 只是想回味一下自己的青春吧 记得高中时候每天中午唱的每周一歌 五月天的歌曲点名率最高了 ,12月08日 14:02
五月天演唱会是最好的生活能量剂（图出ig直播自截图） ,12月08日 14:00
6 ,12月08日 13:58
我想问那些黑五月天的，这样可以了嘛！,12月08日 13:56
就有点像是你两块钱买一瓶水，人家说你买的这个水太多巴难喝了，不如xxx，你会说一句，那我下次试一下你说的这个。你买了一台车，人家说你这个车太垃圾了，你会跟人急，因为这可能花了你很多的积蓄。一些买票像喝水那样简单的人，可能压根就不关注是否假唱。讨论都不会讨论一下，要 就有点像是你两块钱买一瓶水，人家说你买的这个水太多巴难喝了，不如xxx，你会说一句，那我下次试一下你说的这个。你买了一台车，人家说你这个车太垃圾了，你会跟人急，因为这可能花了你很多的积蓄。一些买票像喝水那样简单的人，可能压根就不关注是否假唱。讨论都不会讨论一下，要么就是平白无故给生活找找乐子，诶假唱是不是赔三倍？剩下那一部分跳脚的，绝大多数都是花了十天半个月的工资，然后去看了场演唱会，结果你告诉我是假唱？人不跟你急怎么可能。,12月08日 13:53
粉丝自娱自乐去，路人你又没买票去看，你损失什么？ ,12月08日 13:52
『星星太阳万物都听我的指挥月亮不忙着圆缺 春天不走远』开演前15分钟，赶紧冲到楼下K记续了一杯咖啡，走出商场的时候，抬头一看，是一大片星空结束散场了，推开商场的门，城市里的楼太高了，楼下还能看到夜空里的月亮，但是楼上冉冉升起了太阳,12月08日 13:52
怎么巴黎场还有这种福利,12月08日 13:48
阿信为了证明没有假唱，又是跑步又是去敲鼓，又是和粉丝互动，还尽量复刻大摆锤，但越是这样越心酸，有一种每个动作都是要证明自己是真唱的刻意。,12月08日 13:46
烦死了！成天应付这些四处侮辱诋毁人、到处蹦跶的五月天粉丝，崇尚拥护违法犯罪、弄虚作假的群体，还觉得自己是正义，是狗P，是共犯吧？简直拉低智商。社会环境太差了。一趟走下来，公众的法治意识太差了。以为一些涉嫌包庇的行政部门和违法犯罪群体会要脸吗？ 光谈他们不要脸有什么 烦死了！成天应付这些四处侮辱诋毁人、到处蹦跶的五月天粉丝，崇尚拥护违法犯罪、弄虚作假的群体，还觉得自己是正义，是狗P，是共犯吧？简直拉低智商。社会环境太差了。一趟走下来，公众的法治意识太差了。以为一些涉嫌包庇的行政部门和违法犯罪群体会要脸吗？ 光谈他们不要脸有什么用，讲究的是法律定性、违法事实及相关部门的执法能力，以及方方面面对社会的影响。,12月08日 13:46
其实，我们不太关心他唱得咋样。毕竟年轻时的喜欢，也不是因为唱得多好。而多年以后，每次的演唱会，只是给了天南海北的朋友一次聚在一起hi一下的理由。成年人的脱离常态，总是需要借助一些外力呀。 ,12月08日 13:44
看了视频，没有又跳又唱，全程都是站桩唱，难听跑调，不像CD里的声音年轻。 ,12月08日 13:44
【人员密集场所安全指南】日常生活中，我们常去的商场、博物馆、演唱会等属于人员密集场所。若发生踩踏事件，后果非常严重。那么，进入人群密集场所后该怎么做？遇到拥挤踩踏该怎么办？快来学习一下吧~ ,12月08日 13:44
之前假不假唱跟巴黎的玩什么关系？？？,12月08日 13:43
你看吧，我就说宇宙第一摇滚天团不可能假唱。人家主唱大人是外星人，唱的跟CD一样是因为人家高维度物种可以直接发送脑电波到听众的脑神经，口型跟听感对不上也是因为低维人类窥视高维生物活动时造成的时空扭曲，求你们造谣的别乱说了啊啊啊啊啊 你看吧，我就说宇宙第一摇滚天团不可能假唱。人家主唱大人是外星人，唱的跟CD一样是因为人家高维度物种可以直接发送脑电波到听众的脑神经，口型跟听感对不上也是因为低维人类窥视高维生物活动时造成的时空扭曲，求你们造谣的别乱说了啊啊啊啊啊啊啊啊啊…,12月08日 13:42
“开直播的意义在哪儿～”真往自己脸上贴金呢？巴黎场是“好好好想见到你”主题巡演的最后一站，这个主题开场是yq期间，线上开始线上结束有始有终，是想让粉丝都参与最后一场三好主题巡演，和你们黑子有什么关系，又不是给你们看的，你们搁那蹭什么，都不了解这个主题的意义，刷到 “开直播的意义在哪儿～”真往自己脸上贴金呢？巴黎场是“好好好想见到你”主题巡演的最后一站，这个主题开场是yq期间，线上开始线上结束有始有终，是想让粉丝都参与最后一场三好主题巡演，和你们黑子有什么关系，又不是给你们看的，你们搁那蹭什么，都不了解这个主题的意义，刷到个无官方认证的造谣就在那说自证，证你集贸呢,12月08日 13:42
很多人都在说现场唱的不好听， 毕竟不是一个唱功见长的主唱，而且快五十了，肯定比不了年轻时候。五月份去听了诺亚方舟，真唱还是假唱没仔细注意，五月天的现场主要是氛围感强，和自己在家听歌完全天差地别，音乐响起来会热血沸腾。真唱的场次，应该 很多人都在说现场唱的不好听， 毕竟不是一个唱功见长的主唱，而且快五十了，肯定比不了年轻时候。五月份去听了诺亚方舟，真唱还是假唱没仔细注意，五月天的现场主要是氛围感强，和自己在家听歌完全天差地别，音乐响起来会热血沸腾。真唱的场次，应该没多少观众会因为走音破音否定整场演唱会的呈现效果，去过的都知道，没去过永远也不懂。现在黑的人这么多，很大一部分原因是假唱风波带起来的，歌手假唱是不顾底线的行为确实令人失望愤怒，也难以原谅，从打假视频上看假的很离谱，很浮夸，[神里绫人]唱不动可以少唱几场。不管最后官方调查结果如何，这波都已经把路人缘败光了。,12月08日 13:41
北京时间12月8日凌晨，枣庄[超话]#,12月08日 13:38
这一次陪你唱到天亮啦,12月08日 13:38
戴上耳机我还是睡美容觉吧。 ,12月08日 13:37
最爱的歌🎤,12月08日 13:36
「是你 带我 从派对逃走逃离 人间 耳语和骚动」最特别的演唱会，在被窝摇滚区挥舞荧光棒隔着时区卡点520的《情歌》，跳下舞台交给歌迷的后背，都是你最特别的温柔，我都有好好收到「不再听 别人说 不在乎 谁能懂只因 世界 再大 不过 你和我用最小回忆 堆成宇宙」天微微亮时再 「是你 带我 从派对逃走逃离 人间 耳语和骚动」最特别的演唱会，在被窝摇滚区挥舞荧光棒隔着时区卡点520的《情歌》，跳下舞台交给歌迷的后背，都是你最特别的温柔，我都有好好收到「不再听 别人说 不在乎 谁能懂只因 世界 再大 不过 你和我用最小回忆 堆成宇宙」天微微亮时再次入睡，感到这个月来都没有过的安心。你是对的，他们说就让他们去说，而我知道五月天一点点建起的乌托邦，无论何时都会把我打捞起谢谢，谢谢，谢谢。,12月08日 13:36
仰望U8车主进豪车群被拒(豪车群群主开A180)这特么什么玩意儿？,12月08日 13:35
到这里，已经很难再觉得阿信是歌手了，这波已经升级成行为艺术了，大艺术家🧑‍🎨！希望下次直接在电影院放五月天演唱会,12月08日 13:33
五迷三道，大型pua现场，老了大概率被忽悠去买保健品,12月08日 13:31
地球上最好的五月天永远真诚的五月天永远感动的我要一直一直一直一起走哦🖐🏻🖐🏻🖐🏻🖐🏻🖐🏻,12月08日 13:30
//:我的嘴替 永远爱五月天,12月08日 13:29
事实已经足够明显，就看部分粉丝愿不愿意相信了 ,12月08日 13:27
唱的什么J8，凌晨4点村里公鸡打鸣都比这有节奏感,12月08日 13:27
“师姐纷纷扰扰喧喧闹闹什么是真实”过了如梦如幻的一夜打开微博超话一部分wmls 在感叹今天的美好一部分在感谢他们给我们力量一部分在说因为这件事入坑了五月天一部分在关心阿老师身上的味道（笑）真好啊别去听那些声音了那没有意义我们要向前走他们送我们任意门诶回到自己 “师姐纷纷扰扰喧喧闹闹什么是真实”过了如梦如幻的一夜打开微博超话一部分wmls 在感叹今天的美好一部分在感谢他们给我们力量一部分在说因为这件事入坑了五月天一部分在关心阿老师身上的味道（笑）真好啊别去听那些声音了那没有意义我们要向前走他们送我们任意门诶回到自己的生活里好好的生活然后我们下次现场见啊5525不许缺席哦带着我们全新的故事去见我们的老朋友好好生活好好生活,12月08日 13:27
看了一下大家说他走音、破音了，该怎么假唱，假唱会走音、破音吗？我就想说难道一个专业歌手现在要求这么低了吗……走音破音很值得炫耀哈？？不是谁的粉，就是看了这么多天的热搜表达一下,12月08日 13:26
//://:我的嘴替 永远爱五月天,12月08日 13:25
这真是偷鸡不成蚀把米本以为弄一场真唱可以打消质疑，结果这巴黎真唱和之前上海演唱会形成了鲜明对比。巴黎的朋友是真的在现场听到了演唱会，而那些上海的朋友，他们现场听的是CD,12月08日 13:24
五月天巴黎场说下观感昨晚基本上都开麦了，但是大部分副歌垫音真的很大，主麦声音很小；破音跑调的次数挺多的，甚至改调降调，基本上也算是反向锤了自己……直播连麦克风那一轨信号都不敢内录搞个饭拍音源，垫音那么多还车祸现场！,12月08日 13:24
我用wmls全家性命发誓，五月天演唱会从来没假唱，如果假唱，wmls全家bao毙，这下大家相信我了吧,12月08日 13:24
如果你被人抨击假唱，各种攻击，请问在下次演唱会的时候还会蹦蹦跳跳嘛？还要说什么不跳是担心气息不稳，太生气了,12月08日 13:23
引用一网友的话：“只有在他们的歌里，时间都停了，他们都回来了。” ,12月08日 13:23
我最愛最愛你我們所有人也最愛最愛你們今年是我的低谷，在沒有人理解，沒有人傾訴的時候，我遇到了你們。我最好的九月底，和以後每年都變得不一樣的五月天，我這樣一個討厭穩定卻不得不追求穩定的人，遇見了穩定中卻有不穩定的你們。你們穩定的喜歡音樂，卻一直有不平靜的海面。是你們，在2023年1 我最愛最愛你我們所有人也最愛最愛你們今年是我的低谷，在沒有人理解，沒有人傾訴的時候，我遇到了你們。我最好的九月底，和以後每年都變得不一樣的五月天，我這樣一個討厭穩定卻不得不追求穩定的人，遇見了穩定中卻有不穩定的你們。你們穩定的喜歡音樂，卻一直有不平靜的海面。是你們，在2023年11月21日圓滿了我跨年的不甘心。是你們，在2023年9月24日對我唱著想要征服的世界，始終沒有改變。是你，在墨菲定律的講座中向我解釋了我的迷茫。總是你，也是你讓我覺得，好像沒有這麼糟，這幾天如同一場鬧劇，我們每個人都被外界的聲音吵到。我只相信我的心，我也只相信我的感覺，我在現場我知道。在香港你說，你們相信我嗎？你們相信五月天嗎？那我也信。我想說不對，應該是，你們相信自己嗎？你們相信自己的心嗎？我相信我自己的心，所以我信五月天如果說巴黎這次這麼近的距離，需要用長達一週的喧囂換來那我想說：我希望你永遠站在舞台上做那個平易近人的小神明，做我們的聖誕老人🧑‍🎄永遠在舞台上用音樂治癒著我的心❤️‍🩹接下來的日子裡，我們互相撐腰，一起走吧。最後，我們都要把自己照顧好，好到遺憾無法打擾。我愛你🩵我們最愛你🩵我們相信自己的心🩵也相信你們🩵,12月08日 13:23
五月天巴黎演唱会，阿信挑战E6高音。有无懂哥说说，E6真的唱上去了吗？ ,12月08日 13:22
自己搞自己就没必要了，看得心酸啊。话说官方那么多天还没调查明白，等着五月天筹钱贿赂？ ,12月08日 13:21
反而倒是倒锤了之前舞台表演那么夸张，但是音准气息不乱分毫的绝对是假唱了。可叹国内观众纯韭菜，不过也有的一个愿打一个愿挨，唯有尊重祝福。 ,12月08日 13:20
小的时候 在卡带里，CD里，在中学半山腰上和最好朋友一人一只耳机里长大之后 在电脑上，数位上，在上海台北台中桃园，在和同学一边肝论文到天亮一边奔赴与你相见自始至终你都拥有我心里最最最最最最温柔的声音写我最最最最喜欢的文字唱我最最最最爱听的歌曲我喜欢就好我管别 小的时候 在卡带里，CD里，在中学半山腰上和最好朋友一人一只耳机里长大之后 在电脑上，数位上，在上海台北台中桃园，在和同学一边肝论文到天亮一边奔赴与你相见自始至终你都拥有我心里最最最最最最温柔的声音写我最最最最喜欢的文字唱我最最最最爱听的歌曲我喜欢就好我管别人做什么你也是,12月08日 13:19
这几个唯美开头你看过几个,12月08日 13:19
老师，这种在巴黎的活动，以后我们家子涵就不参加了吧，我看他之前都挺高兴的，怎么去了巴黎一点都不活泼了？你们巴黎是收了钱的地方，再这样的话我要跟教育局举报你们了。 ,12月08日 13:19
,12月08日 13:18
怎么有这么多人还在说这个事啊？？？不过黑子们熬夜看直播也挺辛苦🤙🏻 ,12月08日 13:18
真不错 唱的真好 棒极了,12月08日 13:16
“这一生只愿只要平凡快乐谁说这样不伟大呢”,12月08日 13:16
穷酸货355的门票是买不起的 live是体会不到的 嘴是又硬又臭的,12月08日 13:16
估计沪上某部门就在等着看看巴黎100%原唱到底怎么样，和沪上的像不像，这样再出鉴定大家都容易接受一些！厉害厉害！,12月08日 13:16
不论怎么装，都掩盖不了假唱的事实 ,12月08日 13:16
是的 我看的每一场他都是这样卖力这样用心,12月08日 13:13
唱的如何？来个省流侠 ,12月08日 13:13
//:,12月08日 13:12
那些骂五月天的，或许一辈子都没去听过一场演唱会… 想想就觉得好笑 ,12月08日 13:12
阿信说别骂了，这几天已经被骂的很惨了，|,12月08日 13:10
【、站桩式演唱、E6没唱上去】据九派新闻：假唱风波后，北京时间12月8日凌晨3点，五月天巴黎演唱会准时开唱。这场演唱会，五月天是否真唱依旧是焦点。有网友对比五月天此前演唱会发现，该场巴黎演唱会上，主唱阿信出现走调、破音等问题， 【、站桩式演唱、E6没唱上去】据九派新闻：假唱风波后，北京时间12月8日凌晨3点，五月天巴黎演唱会准时开唱。这场演唱会，五月天是否真唱依旧是焦点。有网友对比五月天此前演唱会发现，该场巴黎演唱会上，主唱阿信出现走调、破音等问题，此前阿信发文中提到的“E6”，他并没有唱上去，且在演唱过程中疑似为了保证气息平稳，减少了之前演唱会的蹦跳、甩飞话筒等动作，近乎“站桩式”演唱。也有网友表示，巴黎演唱会现场，五月天唱得还算稳。而在演唱会结束后，五月天主唱阿信未理会质疑，发文称：“岁月有你同路，陪我唱到日出。谢谢所有城市的支持，谢谢演唱会团队，谢谢每个你。”此前，五月天主场阿信曾发长文回应假唱质疑，称”除了真唱没有感动你的方式，“每次的嘶吼，每一场，每一声，都来自于我依赖了24年的嗓子”，但仍被质疑回避真假唱问题，毕竟提前录制好的歌曲也是来自五月天自己的声音。长文中还说道“每次唱这足10拍E6的高音，总是跪足捶地”又引发新一轮讨论，称五月天根本无法唱上去10拍E6。7日凌晨，五月天演唱会伴唱黄士杰在评论区回应阿信E6问题：“这里E6表述是以钢琴的记谱方式（科法），最低音是从A0开始，接着是B0和C1，一路往上到中央C4，崩坏最后的最高音是钢琴上的E6，即阿信写到的E6。理解不一样可能因为大家的基准始点不一样，所以各自解读会有所不同。 ”,12月08日 13:10
【网友晒巴黎演唱会音调仪检测的音域截图，】北京时间12月8日3：00，五月天演唱会巴黎站在Accor Arena举行，并进行全程直播。当日，有网友在五月天发布的视频下评论“再唱再唱再唱”，并贴图音调仪上显示音区达F6， 【网友晒巴黎演唱会音调仪检测的音域截图，】北京时间12月8日3：00，五月天演唱会巴黎站在Accor Arena举行，并进行全程直播。当日，有网友在五月天发布的视频下评论“再唱再唱再唱”，并贴图音调仪上显示音区达F6，比E6还高。阿信回复称“冲过头”。此前12月6日晚，五月天主唱陈信宏发文回应被质疑假唱，其中提到“每次唱这足10拍E6高音”。对此，你怎么看？,12月08日 13:10
//:我的嘴替 永远爱五月天,12月08日 13:09
假唱骗钱，真唱要命！！！！所以……,12月08日 13:09
能不能鳖假唱了 ,12月08日 13:05
一百多年前，五四运动中的大陆学生抗议巴黎和会的不平等待遇。一百多年后的今天，巴黎还是享受大陆没有的待遇。不得不说，倔强。,12月08日 13:05
真心换真心❤️,12月08日 13:04
『 在全世界都没有人站在我们身边的时候 你们站在五月天身边 请你们记得 当全世界没有人站在你身边的时候 五月天在你身边 』 因为你们是五月天啊！💙💙💙💙💙,12月08日 13:03
五月天就算假唱咋了啊。小时候听CD不就是为了它比卡带一直更好嘛？ 一堆人落井下石，要不然你上去唱啊 ,12月08日 13:02
感觉好难听哦。唱歌很吃力。 ,12月08日 13:01
//:我的嘴替 永远爱五月天,12月08日 13:01
阿信说别骂了，这几天已经被骂的很惨了，|,12月08日 13:01
全程站桩？？？？你眼瞎啊,12月08日 13:01
搂了一眼五月天的巴黎演唱会。妈耶。人也不跳了，麦也不满世界甩了，嘴巴也不跟全班背诵时的差生一样夸张了，音准也拉了，嗓子也粗了，现场也不跟CD一样了。点开评论：合影，“他最终还是挡在了他们面前。”我：。。。尊重，祝福，怎么不是一场酣畅淋漓的小丑他妈亲手给 搂了一眼五月天的巴黎演唱会。妈耶。人也不跳了，麦也不满世界甩了，嘴巴也不跟全班背诵时的差生一样夸张了，音准也拉了，嗓子也粗了，现场也不跟CD一样了。点开评论：合影，“他最终还是挡在了他们面前。”我：。。。尊重，祝福，怎么不是一场酣畅淋漓的小丑他妈亲手给小丑补妆呢,12月08日 13:01
我真的觉得跟我武汉场听的差不多啊，没有网友们都在说的有多难听多跑调啊,12月08日 13:00
省流 能唱 有垫 不敢蹦跶 ,12月08日 13:00
我的嘴替 永远爱五月天,12月08日 13:00
网友晒巴黎演唱会音调仪检测的音域截图，并贴图音调仪上显示音区达F6，比E6还高，。北京时间12月8日3：00，五月天演唱会巴黎站在Accor Arena举行，并进行全程直播。,12月08日 13:00
hhh 陈信宏你又唱错啦！,12月08日 13:00
今天凌晨的直播，听了两首歌，这次确实是真唱，但阿信全程站着不怎么动，应该是为了节省体力，另外也有很多走音和飘音。阿信走音才正常，一场下来不走音才有猫腻，所以这场真唱的直播，几乎就是证实过去那些蹦蹦跳跳还不走音的就是假唱。阿信本来就老了，75年现在48岁都快50的人 今天凌晨的直播，听了两首歌，这次确实是真唱，但阿信全程站着不怎么动，应该是为了节省体力，另外也有很多走音和飘音。阿信走音才正常，一场下来不走音才有猫腻，所以这场真唱的直播，几乎就是证实过去那些蹦蹦跳跳还不走音的就是假唱。阿信本来就老了，75年现在48岁都快50的人，这个年纪蹦蹦跳跳唱摇滚乐还一连开五六场， 本来就不正常，以后五月天肯定是不敢假唱了，这对粉丝是个交代，对乐团本身也是好事，起码不会透支身体去圈钱。,12月08日 12:59
对五月天的好感稀碎了！ ,12月08日 12:59
熬夜发疯还有奖励拿爱郭仔,12月08日 12:59
有种照着巴黎这种真开麦上气不接下气的架势10天8场唱唱看，第三场就会失声了吧自己锤自己大陆假唱的雷神之锤 ,12月08日 12:57
看到阿信唱歌，我都要流泪了,12月08日 12:57
是真难听啊 ,12月08日 12:57
怎么回事，对巴黎歌迷不满是吧唱这么拉胯！ ,12月08日 12:56
一个是真敢说，一个是真敢认,12月08日 12:56
刚听了几首，前面几首到《因为你所以我》之前，准备和休息得虽然都挺充分的，还是每首都有跑调的地方，和内地的假唱CD版本依然差距很大，但这几首唱得挺努力的，如果live都是这个质量也能接受。可惜，在《因为你所以我》之后，音准基本就没法把控了，尤其是慢歌，跑调更明显。 ,12月08日 12:56
有了这次 至少以后会开麦了吧  不能站着这么轻松把钱挣了 ,12月08日 12:55
“有人朝你扔鲜花，有人朝你扔泥巴，他用泥巴种鲜花”，这是我们从主唱大人身上学到的优秀品质。阿信生日那天，当wb铺天盖地黑稿袭来的时候，我们在支付宝发起了五月天一直在做的慈善项目：捡回珍珠计划爱心捐款，截至今天累计捐款二十一万六千多元。让网络多一些正面的声音，不好吗？“有人朝你扔鲜花，有人朝你扔泥巴，他用泥巴种鲜花”，这是我们从主唱大人身上学到的优秀品质。阿信生日那天，当wb铺天盖地黑稿袭来的时候，我们在支付宝发起了五月天一直在做的慈善项目：捡回珍珠计划爱心捐款，截至今天累计捐款二十一万六千多元。让网络多一些正面的声音，不好吗？,12月08日 12:55
五月天主唱阿信感谢了77场巡演的每一个城市，希望明年内地继续，我们必到！,12月08日 12:55
直播八场看看实力 ,12月08日 12:55
跟我看过的完全一样营销号没有心,12月08日 12:55
去过2023的北京场🚢和上海场三好，认为和巴黎场直播没有区别（每一场的每一首歌都录下来了,12月08日 12:55
警察:“你昨天下午一到四点在哪里？做什么？”阿信:“我明天中午十一点在家。”,12月08日 12:54
🥕说在全世界没有人站在五月天身边的时候你们在五月天身边你要记得当全世界没有人站在你身边的时候五月天在你身边这是全天下最完美的阵容，mayday和wmls在被窝摇滚区里和你们一起🖐🏻🖐🏻🖐🏻🖐🏻🖐🏻,12月08日 12:53
全程破音肯定真唱，当时某场次这么唱人们其实也能接受，只可惜以前是以前现在是现在 ,12月08日 12:52
以前在学校的时候这乐队是挺火的，但我从来没有粉过，甚至一首歌都不耐烦听完，因为主唱的声音我不喜欢。按我的喜好，我喜欢厚重有质感的声音，五月天主唱声音感觉随时都要劈掉的样子，死了都要爱那个信的声音都比他好听多了。任何商演，假唱都是不允许不可容忍的 以前在学校的时候这乐队是挺火的，但我从来没有粉过，甚至一首歌都不耐烦听完，因为主唱的声音我不喜欢。按我的喜好，我喜欢厚重有质感的声音，五月天主唱声音感觉随时都要劈掉的样子，死了都要爱那个信的声音都比他好听多了。任何商演，假唱都是不允许不可容忍的，不管是谁。既然出来靠声音赚钱那就用真声音，否则开什么演唱会，卖情怀的话有本事票面上直接写听录音大会好了啊。,12月08日 12:52
来看看真正的摇滚乐队的现场是怎么样的吧。,12月08日 12:51
看看你们丢人现眼的粉丝空瓶 ,12月08日 12:51
【】近日， 知名乐队五月天陷入假唱风波。12月4日，五月天经纪公司相信音乐回应媒体时称，“没有假唱”。并在12月7日的上全程直播。自2023年3月，各地文化和旅游行政部门恢复对涉外营业性演出的受理和审批后，不少歌手选择举办演唱会，但在演唱会现 【】近日， 知名乐队五月天陷入假唱风波。12月4日，五月天经纪公司相信音乐回应媒体时称，“没有假唱”。并在12月7日的上全程直播。自2023年3月，各地文化和旅游行政部门恢复对涉外营业性演出的受理和审批后，不少歌手选择举办演唱会，但在演唱会现场表演却出现了各类情况：假唱、音响出现问题、破音、跑调和忘词等。评论区声音褒贬不一，对此你怎么看？,12月08日 12:51
在全世界沒人站在我們身邊的時候  你們站在五月天身邊  请你们记得 當全世界沒人站在你們身邊的時候  五月天在你們身邊年年都要看五月天,12月08日 12:49
假唱喷就喷，这是有证据的，起码可以合理怀疑，怎么还有质疑创作是不是他自己的，一点依据没有。刚才看到有个人质疑，结果他自己喜欢的歌手有歌是阿信写的，笑死了真的。,12月08日 12:45
没关系 我们是 五月天,12月08日 12:45
难听到批爆，就这还好意思开演唱会圈钱？死鸭子嘴硬还不承认假唱。,12月08日 12:45
中途走下舞台的瞬间，真是做梦都不敢梦的,12月08日 12:44
阿信在巴黎演唱会中下场了！,12月08日 12:44
【】近日， 知名乐队五月天陷入假唱风波。12月4日，五月天经纪公司相信音乐回应媒体时称，“没有假唱”。并在12月7日的上全程直播。自2023年3月，各地文化和旅游行 【】近日， 知名乐队五月天陷入假唱风波。12月4日，五月天经纪公司相信音乐回应媒体时称，“没有假唱”。并在12月7日的上全程直播。自2023年3月，各地文化和旅游行政部门恢复对涉外营业性演出的受理和审批后，不少歌手选择举办演唱会，但在演唱会现场表演却出现了各类情况：假唱、音响出现问题、破音、跑调和忘词等。评论区声音褒贬不一，对此你怎么看？,12月08日 12:43
从声明没假唱开始就开始绑架粉丝的感性，直道黑暗过去了，清醒过来的人就在看一个天团沦落为一只自我催眠的小丑，是的他有他的倔强，烂吧烂的太tm好！！！ ,12月08日 12:43
昨天除了五月天线上演唱会，还有邓紫棋巡回演唱会首场，两场都听了（线上），怎么说，真的对比很强烈，感觉真的如果没有能力开完整场的演唱会就不要开吧，还连开那么多场，公司吃相真的很难看…第一首歌盛夏光年之前邓紫棋有在五月天的演唱会上唱过，实力真就不是一 昨天除了五月天线上演唱会，还有邓紫棋巡回演唱会首场，两场都听了（线上），怎么说，真的对比很强烈，感觉真的如果没有能力开完整场的演唱会就不要开吧，还连开那么多场，公司吃相真的很难看…第一首歌盛夏光年之前邓紫棋有在五月天的演唱会上唱过，实力真就不是一个level…歌迷的钱不是那么好赚的，别总在那里贩卖情怀了。PS：解解什么时候才巡到湖南哇😭北京我上半年已经不报什么希望了，只求长沙站能早一点啊啊啊啊我好想去现场看,12月08日 12:42
「相信」每一個wmls都懂它的意義「相信」我們都站在五月天身邊「相信」五月天永遠在我們身邊勾勾手蓋手印這一刻我們約定一起活在一個全新的世代另外一個25年另外一個四分之一世紀「相信」每一個wmls都懂它的意義「相信」我們都站在五月天身邊「相信」五月天永遠在我們身邊勾勾手蓋手印這一刻我們約定一起活在一個全新的世代另外一個25年另外一個四分之一世紀,12月08日 12:42
周五啦干杯💙昨晚看演唱会今天上班迟到,12月08日 12:42
属于 反证,12月08日 12:41
【】假唱风波后，12月8日凌晨3点，五月天巴黎演唱会准时开唱。这场演唱会，五月天是否真唱依旧是焦点。网友对这场演出也是褒贬不一。有博主观在线上观看完整场演唱会后表示：很真，但车祸。,12月08日 12:41
【】近日，五月天演唱会假唱事件风波升级，在北京时间12月8日凌晨三点，五月天在巴黎举行的演唱会进行了全程直播。演唱会过程中，阿信的蹦跳动作较以往演唱会少了很多，被调侃成“站桩式输出”，在演唱“倔强”“突然好想你”多首歌时 【】近日，五月天演唱会假唱事件风波升级，在北京时间12月8日凌晨三点，五月天在巴黎举行的演唱会进行了全程直播。演唱会过程中，阿信的蹦跳动作较以往演唱会少了很多，被调侃成“站桩式输出”，在演唱“倔强”“突然好想你”多首歌时，阿信多次拿麦与观众互动，似乎在力证没有假唱。有网友评论说这次直播场很稳，但也有网友说这次唱得很难听，反而感觉之前唱的好是假唱。（凤凰网）,12月08日 12:41
线上演唱会得概念 也只有小神明能想出来了吧 太爱wmls们了 这样全世界的人们 才能真正感受得到你的温暖🩵🩵🩵,12月08日 12:41
全程真唱是真难听，那之前连开8场堪比CD效果的演唱会是不是假唱……就很有意思。 ,12月08日 12:40
//:原版舞美！完整的香水！,12月08日 12:40
只能说巴黎站真唱，更证明了之前是假唱，差的也太多了 ,12月08日 12:39
看了视频《干杯》岂不是更坐实了国内的假唱，国外的手晃音还在变化，国内一点变化都没有 ,12月08日 12:39
嗯，目前真实水平就是这样的，费力、走调……所以是自己打脸么，之前国内场又蹦又跳的，气息都不乱的，稳如cd怎么说？ ,12月08日 12:39
要不还是假唱吧，都快上不来气了🙉,12月08日 12:39
五月天巴黎演唱会破音跑调现原形，印证了之前的假唱质疑,12月08日 12:38
"我投给了“盛夏光年”,“香水”,“擁抱”,“我心中尚未崩壞的地方”,“突然好想妳”,“一顆蘋果”,“永遠的永遠”,“借問眾神明”,“任意門”,“諾亞方舟”,“憨人”~",12月08日 12:38
一场就唱废成这样，之前完美的那么多场是怎么下来的呢？可能这场风波真的让他一夜老了十岁吧,12月08日 12:36
【】近日， 知名乐队五月天陷入假唱风波。12月4日，五月天经纪公司相信音乐回应媒体时称，“没有假唱”。并在12月7日的上全程直播。自2023年3月，各地文化和旅游行政部门恢复对涉外营业性演出的受理和审批后，不少歌手选择举办演唱会，但在演唱会现 【】近日， 知名乐队五月天陷入假唱风波。12月4日，五月天经纪公司相信音乐回应媒体时称，“没有假唱”。并在12月7日的上全程直播。自2023年3月，各地文化和旅游行政部门恢复对涉外营业性演出的受理和审批后，不少歌手选择举办演唱会，但在演唱会现场表演却出现了各类情况：假唱、音响出现问题、破音、跑调和忘词等。评论区声音褒贬不一，对此你怎么看？,12月08日 12:36
公司：你今天迟到了五月天：没有，不信你看明天我是不9点到公司：打卡机显示你迟到一个小时五月天：明天我如果9点前到，今天就没迟到 ,12月08日 12:36
如果此时，你忍不住想迎风落泪请不要忘记，秋风凉，白露降万物都有欲言又止的悲伤,12月08日 12:35
这公关真的离谱，唱成这样不反证了以前是假唱,12月08日 12:34
也太做作虚伪了，假唱和粉丝无脑硬洗确实是黑暗，也没过去啊更锤了呢，粉丝更破防更疯了哈哈哈哈哈哈哈哈哈把“鲁迅”名去掉了，然后继续狗叫😓 ,12月08日 12:34
来看看真正的摇滚乐队的现场是怎么样的吧。请欣赏，滚石乐队-“甜蜜夏日：海德公园演唱会”,12月08日 12:34
突然想起名场面，不要对号入座她带不出来冠军的隔行如隔山 这是我对她的忠告这很难评 起到一个什么样的作用呢起到一个造型上的作用吧'（子怡微笑） ,12月08日 12:33
现在年纪也挺大的，来卜卦的方式看一下他现在的身体情况是怎么样了？首先人呢，记性不好，容易丢三落四的，然后容易头晕，脑子混乱，就那种容易短路的那种感觉，然后就是睡眠也不太好，饮食不洁，然后就是颈椎也不太好，颈椎的关节，关节处不是很好，而且好像也有前列腺 现在年纪也挺大的，来卜卦的方式看一下他现在的身体情况是怎么样了？首先人呢，记性不好，容易丢三落四的，然后容易头晕，脑子混乱，就那种容易短路的那种感觉，然后就是睡眠也不太好，饮食不洁，然后就是颈椎也不太好，颈椎的关节，关节处不是很好，而且好像也有前列腺炎之类的，然后再加上因为他的这个膀胱不是很好，容易多尿什么的，那么总结就是前列腺炎，大毛病倒是没有,12月08日 12:30
很悲壮，很心疼，以后别真唱了。 ,12月08日 12:30
【】近日， 知名乐队五月天陷入假唱风波。12月4日，五月天经纪公司相信音乐回应媒体时称，“没有假唱”。并在12月7日的上全程直播。自2023年3月，各地文化和旅游行政部门恢复对涉外营业性演出的受理和审批后，不少歌手选择举办演唱会，但在演唱会现 【】近日， 知名乐队五月天陷入假唱风波。12月4日，五月天经纪公司相信音乐回应媒体时称，“没有假唱”。并在12月7日的上全程直播。自2023年3月，各地文化和旅游行政部门恢复对涉外营业性演出的受理和审批后，不少歌手选择举办演唱会，但在演唱会现场表演却出现了各类情况：假唱、音响出现问题、破音、跑调和忘词等。评论区声音褒贬不一，对此你怎么看？,12月08日 12:30
八个小时过去了，再听这首依旧觉得心痛。,12月08日 12:30
按这个唱法连开三场都是问题,12月08日 12:29
巴黎真唱的“我心中尚未崩坏的地方”和上海场真的完全不一样，真的在我心中彻底崩坏了,12月08日 12:29
嗨呀，假唱就假唱嘛，难听就难听嘛，反正你那群脑残结晶粉丝会找理由维护你的，乐队不也挺会逢场作戏假情假意的享受着脑残结晶粉丝带给你们的一切，年度最佳乐子非你们莫属😋 ,12月08日 12:29
所以上海场到底有没有假唱一目了然啊 ,12月08日 12:28
,12月08日 12:27
//:老鹰乐队拥有7张专辑与29支单曲。1976年发表的精选辑EAGLES/THEIR GREATEST HITS 为美国史上销量最高专辑，超过2900万。而在滚石排出的史上最伟大500张专辑，他们另一张专辑《加州旅馆》位于第37位。1998年，老鹰乐团被迎入摇滚名人堂——,12月08日 12:27
他在发光诶!!“黑暗中期待光线 生命有一种绝对，等待我 请等待我 直到约定融化成笑颜”,12月08日 12:27
看了几段五月天的巴黎演唱会片段，是真唱，但是更证明国内的是假唱。我就不明白了，大大方方承认假唱咋了？就现在这个互联网环境，过不了一年大家就过去了，稳住粉丝基本盘，以后还可以出来赚钱。到此为止吧，作为一个喜欢音乐的人，从此不再关注五月天，拜拜🙅 ,12月08日 12:26
,12月08日 12:26
好多热搜,12月08日 12:25
信啊，我是能理解你假唱的，因为你真唱就是一坨4，真能有这么垃圾啊🥲🥲 ,12月08日 12:25
关于五月天究竟是不是摇滚乐队的争论可以结束了，并且是由他们亲手盖棺定论。要接受这一切并不容易。在一个没有战争动荡的世界里，人们总要从宗教、娱乐、哲学中汲取一些力量，毛利兰和灰原哀、科比和勒布朗、卡卡罗特和贝吉塔、梅西和C罗、The Beatles和五月天…我们总要 关于五月天究竟是不是摇滚乐队的争论可以结束了，并且是由他们亲手盖棺定论。要接受这一切并不容易。在一个没有战争动荡的世界里，人们总要从宗教、娱乐、哲学中汲取一些力量，毛利兰和灰原哀、科比和勒布朗、卡卡罗特和贝吉塔、梅西和C罗、The Beatles和五月天…我们总要有所依仗，才能走下去。我呢 我依赖什么？是The Beatles在《Yesterday》的：“Now I long for yesterday”；是葛公：“竭股肱之力，效忠贞之节，继之以死”；是科比在失利后：“第二名是最大的输家”；是五月天《人生海海》中：“可是我 从不怕 挖出我火热的心”。这一切塑造了如今的我，帮助我走到今天。说来讽刺的是：我对The Beatles披头士的爱最初来源于五月天，他们曾多次表示要成为中国的披头士，要成为世界的五月天，有时我看着陈信宏，仿佛真的看到了约翰 列侬。但是，这一切已然被他们亲手击碎了。数天难过，从不愿相信、不理解到接受这一切，终于明白：他们从来不是引路人，只是同行人。那些拉起过、温暖过我的旋律不会变，那是我身体的一部分，但是对五月天不会再关注，毕竟“我如果对自己妥协 如果对自己说谎 即使别人原谅 我也不能原谅”，是你们教我的呀，五月天。,12月08日 12:25
【】近日， 知名乐队五月天陷入假唱风波。12月4日，五月天经纪公司相信音乐回应媒体时称，“没有假唱”。并在12月7日的上全程直播。自2023年3月，各地文化和旅游行政部门恢复对涉外营业性演出的受理和审批后，不少歌手选择举办演唱会，但在演唱会现 【】近日， 知名乐队五月天陷入假唱风波。12月4日，五月天经纪公司相信音乐回应媒体时称，“没有假唱”。并在12月7日的上全程直播。自2023年3月，各地文化和旅游行政部门恢复对涉外营业性演出的受理和审批后，不少歌手选择举办演唱会，但在演唱会现场表演却出现了各类情况：假唱、音响出现问题、破音、跑调和忘词等。评论区声音褒贬不一，对此你怎么看？,12月08日 12:25
哈哈，难听死了，嗯，赶紧被封杀 ,12月08日 12:24
说实话，这唱功，高低我也能整一首,12月08日 12:24
只有遗憾，假唱没诚意，真唱达不到效果，跟希望自己喜欢的人永远25岁一样,12月08日 12:23
听到了没有 ，真唱就会破音 ，就会走掉 ，这就是真唱 ，只要是真唱就能听出来 ，现场不可能像 CD 这么稳的 ，但凡是这么稳的 ，一定是假唱 。首先必须肯定 ，半开麦也是假唱 ，而且是绝对坐实的假唱 ，不开麦就更过分了 ，半开麦和不开麦都是假唱 ，应该绝对禁演 ，我们对于演唱会 听到了没有 ，真唱就会破音 ，就会走掉 ，这就是真唱 ，只要是真唱就能听出来 ，现场不可能像 CD 这么稳的 ，但凡是这么稳的 ，一定是假唱 。首先必须肯定 ，半开麦也是假唱 ，而且是绝对坐实的假唱 ，不开麦就更过分了 ，半开麦和不开麦都是假唱 ，应该绝对禁演 ，我们对于演唱会的管制应该更严格  。如果业务能力不行 ，那就不要吃这口饭 ，吃这口饭你就要有这个实力 。如果假唱可以 ，那以后还音歌手全都能开演唱会了 ，因为不需要任何功底啊 ，上去张张嘴就行 。五音不全的也能做歌手了 ，反正能还音嘛 ，真牛逼 ，国人的钱太好挣了 。为什么国内会有那么多人假唱 ，我看就是没人管 ，所以才会那么明目张胆的去假唱 ，能躺着为什么站着呢 ？你们说是不是 ？,12月08日 12:23
被质疑假唱没有第一时间回应就已经是答案了,12月08日 12:23
内地场不真唱，从我的计划名单删除,12月08日 12:22
评价：悲壮! ,12月08日 12:22
别的不说了 你们对得起自己的音乐理想吗… ,12月08日 12:22
只有黑子的贴热度才能排前面是吧 ,12月08日 12:20
这次虽然真唱，但是和之前今年所有场次的演唱会的粉丝维护的“真唱”呈鲜明对比，所以根本无法证明之前是不是真唱 ,12月08日 12:20
喜欢的人或者东西不多但是如果喜欢上就不会轻易放弃,12月08日 12:20
//:《倔強》阿信詞曲創作。收錄在五月天2004年發行的專輯《神的孩子都在跳舞》。該曲獲得2004年MusicRadio中國TOP排行榜港台年度金曲。,12月08日 12:20
Bonjour Mayday🦋谢谢鼓励，谢谢很长很长的encore，我也该fly to 2024了。 ,12月08日 12:20
,12月08日 12:20
他说 我们都是五月天“全世界都没有人站在五月天身边的时候，你们在五月天身边。” “请你们记得，当全世界都没有站在你们身边的时候，五月天站在你们身边。” ,12月08日 12:20
我就是更爱他了，好喜欢可惜不是我的，真的瘦了好多啊，好想知道你怎么瘦的，胖胖的时候好像我爸，瘦瘦的就像老公今年的第四场，被窝区反而是最激动人心的一场黑暗终将过 我就是更爱他了，好喜欢可惜不是我的，真的瘦了好多啊，好想知道你怎么瘦的，胖胖的时候好像我爸，瘦瘦的就像老公今年的第四场，被窝区反而是最激动人心的一场黑暗终将过去，期待明年5525，对我来说是551525哈哈哈哈,12月08日 12:19
我真的心服口服了再见最想去的演唱会再也不去了,12月08日 12:19
“你说被火烧过，才能出现凤凰🔥逆风的方向，更适合飞翔”☁️🎤地球最后一场[好好好想见到你]🌏从黑夜听到黎明🌌今年看了两场，终于让我听到现场版笑忘歌🏫虽然是在被窝摇滚区好像理解为什么爸爸喜欢听我所谓的老歌🚗“你说被火烧过，才能出现凤凰🔥逆风的方向，更适合飞翔”☁️🎤地球最后一场[好好好想见到你]🌏从黑夜听到黎明🌌今年看了两场，终于让我听到现场版笑忘歌🏫虽然是在被窝摇滚区好像理解为什么爸爸喜欢听我所谓的老歌🚗音乐真的可以带人穿越时光回到过去🎼岁月漫长，偶有荆棘，大人也可以有童谣🎧🎸我的童谣就是五月天💙💙💙💙💙,12月08日 12:17
焦巴脆曱甴乐队，不听你们的歌了！ ,12月08日 12:17
好好好想見到你 終。,12月08日 12:17
听了几段，好消息：是真唱。坏消息：证明之前百分之一万存在假唱，但凡您有个耳朵。其实我们这些路人小黑子不重要，直播是为稳住粉丝基本盘，目的达成，下面就算官方指出有“假唱嫌疑”，那会有很多解释空间，再撕几天黑不提白不提，就过去了，继续感动继续倔强。感谢五月 听了几段，好消息：是真唱。坏消息：证明之前百分之一万存在假唱，但凡您有个耳朵。其实我们这些路人小黑子不重要，直播是为稳住粉丝基本盘，目的达成，下面就算官方指出有“假唱嫌疑”，那会有很多解释空间，再撕几天黑不提白不提，就过去了，继续感动继续倔强。感谢五月天整顿演艺市场，看下面Live上谁还敢对口型。,12月08日 12:16
不是研究真假唱吗咋跑题研究上不上去了？公关成功了吧哈哈哈 ,12月08日 12:15
好巧不巧的，怎么又是巴黎😂 ,12月08日 12:14
不更证明是假唱吗哈哈哈，不然你告诉我几天之内差这么多是咋回事。 ,12月08日 12:14
这次真唱不是更体现了之前假唱么,12月08日 12:13
会有完整录播么,12月08日 12:11
黑暗过去了 迎来的是更黑的黑暗----12月7日在巴黎举行的演唱会全程直播中，阿信听着全场歌迷的歌声，忍不住哽咽道：“要说出这些话，真的蛮难为情的，我真的每次都要把灯关掉，最后一场真的结束，这不会是终点，会是一个逗点，一个黑暗过去了，另一个新的世代要来临了，五月 黑暗过去了 迎来的是更黑的黑暗----12月7日在巴黎举行的演唱会全程直播中，阿信听着全场歌迷的歌声，忍不住哽咽道：“要说出这些话，真的蛮难为情的，我真的每次都要把灯关掉，最后一场真的结束，这不会是终点，会是一个逗点，一个黑暗过去了，另一个新的世代要来临了，五月天想告诉你，我想跟你再次活在一个新的世代。”------不是 这话我怎么感觉这么pua啊 ………,12月08日 12:11
哈哈哈哈哈哈哈哈哈哈哈哈哈哈哈//:期末考，能不努力吗,12月08日 12:10
这次真唱了=上次是真唱？ ,12月08日 12:09
终于！ 我就说是鬼哭狼嚎 一堆人在下面喷我 还废了我几十块停车费 建议严查，不管是哪场 假唱太明显！！！ 而且不只是“告五人” 还有主办方、协办方、调音师等等 这是欺骗的下场！！！ 毕竟违法了,12月08日 12:08
收拾收拾，可以准备赔钱了吧，这不直接锤了前面是假唱了吗,12月08日 12:08
【】近日， 知名乐队五月天陷入假唱风波。12月4日，五月天经纪公司相信音乐回应媒体时称，“没有假唱”。并在12月7日的上全程直播。自2023年3月，各地文化和旅游行政部门恢复对涉外营业性演出的受理和审批后，不少歌手选择举办演唱会，但在演唱会现 【】近日， 知名乐队五月天陷入假唱风波。12月4日，五月天经纪公司相信音乐回应媒体时称，“没有假唱”。并在12月7日的上全程直播。自2023年3月，各地文化和旅游行政部门恢复对涉外营业性演出的受理和审批后，不少歌手选择举办演唱会，但在演唱会现场表演却出现了各类情况：假唱、音响出现问题、破音、跑调和忘词等。评论区声音褒贬不一，对此你怎么看？,12月08日 12:07
五月天巴黎演唱会被指走调破音、站桩式演唱、E6没唱上去，阿信发文：陪我唱到日出，谢谢每个你,12月08日 12:06
五月天巴黎演唱会 地球上最后一场好好好想见到你720P全程回放 MAYDAY FLY TO PARIS地球上最后一场「No.77 好好好想见到你」至此 落下帷幕🌍另一个视角的回放可以看五月天微博哦~巴黎歌单：巴黎纪念门票：五月天巴黎演唱会 地球上最后一场好好好想见到你720P全程回放 MAYDAY FLY TO PARIS地球上最后一场「No.77 好好好想见到你」至此 落下帷幕🌍另一个视角的回放可以看五月天微博哦~巴黎歌单：巴黎纪念门票：-,12月08日 12:05
没有假唱不存在！,12月08日 12:05
【？】近日，五月天演唱会假唱事件风波升级，在北京时间12月8日凌晨三点，五月天在巴黎举行的演唱会进行了全程直播。演唱会过程中，阿信的蹦跳动作较以往演唱会少了很多，被调侃成“站桩式输出”，在演唱“倔强”“突然好想你”多首歌 【？】近日，五月天演唱会假唱事件风波升级，在北京时间12月8日凌晨三点，五月天在巴黎举行的演唱会进行了全程直播。演唱会过程中，阿信的蹦跳动作较以往演唱会少了很多，被调侃成“站桩式输出”，在演唱“倔强”“突然好想你”多首歌时，阿信多次拿麦与观众互动，似乎在力证没有假唱。有网友评论说这次直播场很稳，但也有网友说这次唱得很难听，反而感觉之前唱的好是假唱。（凤凰网）,12月08日 12:05
谢谢五月天为我们带来地球上最后一场好好好想见到你演唱会 ,12月08日 12:03
阿信不是一直都是这样唱的吗？为什么这次才说他难听不是一直都这样吗？人家唱干杯也有摆动，为什么又攻击人家人真的很奇怪 ,12月08日 12:03
我懂了，他是想要用这场真唱，来给我们提供对比模板，来证明他之前的都是假唱这才是我真正的嗓音，之前的都是CD这是反向公关吧 ,12月08日 12:02
看完巴黎演唱会的视频，唱功真的没有营销号写的那么烂，个人认为无功无过。说实话，五月天作为创作歌手，好像一直不是以唱功著称，粉丝入坑五月天，好像也是因为喜欢他们词曲，喜欢他们歌词中表达的对人生积极的态度。如果是假唱确实不对，如果只是唱功不行，真的没必要吹毛求疵看完巴黎演唱会的视频，唱功真的没有营销号写的那么烂，个人认为无功无过。说实话，五月天作为创作歌手，好像一直不是以唱功著称，粉丝入坑五月天，好像也是因为喜欢他们词曲，喜欢他们歌词中表达的对人生积极的态度。如果是假唱确实不对，如果只是唱功不行，真的没必要吹毛求疵,12月08日 12:02
全程跟看了这场三小时的演唱会直播全程真唱不用说 连垫音都几乎没🈶pros：诚意满满 热情满满 正能量满满甚至有点心疼最后哭了阿信“崩坏“的E6高音圆满完成cons：干杯的时候只甩了身子没有甩话筒 从侧面似乎更证明了之前的演唱会垫音开的很大（至于话筒到底有没有声音也还是未知）无论这次 全程跟看了这场三小时的演唱会直播全程真唱不用说 连垫音都几乎没🈶pros：诚意满满 热情满满 正能量满满甚至有点心疼最后哭了阿信“崩坏“的E6高音圆满完成cons：干杯的时候只甩了身子没有甩话筒 从侧面似乎更证明了之前的演唱会垫音开的很大（至于话筒到底有没有声音也还是未知）无论这次调查结论如何，我相信阿信、五月天和团队已经对自己有一定的反思了。走得再远也不应该忘记初心，不应该投机取巧，真心换真心。尤其是面对这么多无条件信任你们的歌迷。 前尘往事可以既往不咎，但希望未来你们可以更真诚得面对世界，不要辜负backup你们的歌迷。,12月08日 12:01
【】近日， 知名乐队五月天陷入假唱风波。12月4日，五月天经纪公司相信音乐回应媒体时称，“没有假唱”。并在12月7日的上全程直播。自2023年3月，各地文化和旅游行政部门恢复对涉外营业性演出的受理和审批后，不少歌手选择举办演唱会，但在演唱会现 【】近日， 知名乐队五月天陷入假唱风波。12月4日，五月天经纪公司相信音乐回应媒体时称，“没有假唱”。并在12月7日的上全程直播。自2023年3月，各地文化和旅游行政部门恢复对涉外营业性演出的受理和审批后，不少歌手选择举办演唱会，但在演唱会现场表演却出现了各类情况：假唱、音响出现问题、破音、跑调和忘词等。评论区声音褒贬不一，对此你怎么看？,12月08日 12:00
【】近日， 知名乐队五月天陷入假唱风波。12月4日，五月天经纪公司相信音乐回应媒体时称，“没有假唱”。并在12月7日的上全程直播。自2023年3月，各地文化和旅游行政部门恢复对涉外营业性演出的受理和审批后，不少歌手选择举办演唱会，但在演唱会现 【】近日， 知名乐队五月天陷入假唱风波。12月4日，五月天经纪公司相信音乐回应媒体时称，“没有假唱”。并在12月7日的上全程直播。自2023年3月，各地文化和旅游行政部门恢复对涉外营业性演出的受理和审批后，不少歌手选择举办演唱会，但在演唱会现场表演却出现了各类情况：假唱、音响出现问题、破音、跑调和忘词等。评论区声音褒贬不一，对此你怎么看？,12月08日 12:00
【】近日， 知名乐队五月天陷入假唱风波。12月4日，五月天经纪公司相信音乐回应媒体时称，“没有假唱”。并在12月7日的上全程直播。自2023年3月，各地文化和旅游行政部门恢复对涉外营业性演出的受理和审批后，不少歌手选择举办演唱会，但在演唱会现 【】近日， 知名乐队五月天陷入假唱风波。12月4日，五月天经纪公司相信音乐回应媒体时称，“没有假唱”。并在12月7日的上全程直播。自2023年3月，各地文化和旅游行政部门恢复对涉外营业性演出的受理和审批后，不少歌手选择举办演唱会，但在演唱会现场表演却出现了各类情况：假唱、音响出现问题、破音、跑调和忘词等。评论区声音褒贬不一，对此你怎么看？,12月08日 12:00
就唱一场都难听成这样了 前面还连着开几场？用真唱锤自己假唱的 你也是史上第一人啊 ,12月08日 12:00
【】近日， 知名乐队五月天陷入假唱风波。12月4日，五月天经纪公司相信音乐回应媒体时称，“没有假唱”。并在12月7日的上全程直播。自2023年3月，各地文化和旅游行政部门恢复对涉外营业性演出的受理和审批后，不少歌手选择举办演唱会，但在演唱会现 【】近日， 知名乐队五月天陷入假唱风波。12月4日，五月天经纪公司相信音乐回应媒体时称，“没有假唱”。并在12月7日的上全程直播。自2023年3月，各地文化和旅游行政部门恢复对涉外营业性演出的受理和审批后，不少歌手选择举办演唱会，但在演唱会现场表演却出现了各类情况：假唱、音响出现问题、破音、跑调和忘词等。评论区声音褒贬不一，对此你怎么看？,12月08日 12:00
【】近日， 知名乐队五月天陷入假唱风波。12月4日，五月天经纪公司相信音乐回应媒体时称，“没有假唱”。并在12月7日的上全程直播。自2023年3月，各地文化和旅游行政部门恢复对涉外营业性演出的受理和审批后，不少歌手选择举办演唱会，但在演唱会现 【】近日， 知名乐队五月天陷入假唱风波。12月4日，五月天经纪公司相信音乐回应媒体时称，“没有假唱”。并在12月7日的上全程直播。自2023年3月，各地文化和旅游行政部门恢复对涉外营业性演出的受理和审批后，不少歌手选择举办演唱会，但在演唱会现场表演却出现了各类情况：假唱、音响出现问题、破音、跑调和忘词等。评论区声音褒贬不一，对此你怎么看？,12月08日 12:00
【】近日， 知名乐队五月天陷入假唱风波。12月4日，五月天经纪公司相信音乐回应媒体时称，“没有假唱”。并在12月7日的上全程直播。自2023年3月，各地文化和旅游行政部门恢复对涉外营业性演出的受理和审批后，不少歌手选择举办演唱会，但在演唱会现 【】近日， 知名乐队五月天陷入假唱风波。12月4日，五月天经纪公司相信音乐回应媒体时称，“没有假唱”。并在12月7日的上全程直播。自2023年3月，各地文化和旅游行政部门恢复对涉外营业性演出的受理和审批后，不少歌手选择举办演唱会，但在演唱会现场表演却出现了各类情况：假唱、音响出现问题、破音、跑调和忘词等。评论区声音褒贬不一，对此你怎么看？,12月08日 11:59
五月天巴黎演唱会听下来，阿信唱的确实费劲，很多破音、走调，所谓的E6也并没有唱上去……就这嗓子，唱巴黎一场就如此吃力，很难想象还敢上海连开8场，北京连开6场……五月天团队的公关目的达到了，即用巴黎演唱会真唱，来混淆视听，试图让观众以为之前的也全部是真唱。问题是粉丝可能信了，但路人 五月天巴黎演唱会听下来，阿信唱的确实费劲，很多破音、走调，所谓的E6也并没有唱上去……就这嗓子，唱巴黎一场就如此吃力，很难想象还敢上海连开8场，北京连开6场……五月天团队的公关目的达到了，即用巴黎演唱会真唱，来混淆视听，试图让观众以为之前的也全部是真唱。问题是粉丝可能信了，但路人却没那么容易糊弄……,12月08日 11:59
这次肯定是真唱，绝对没人质疑，但是这每首都翻车，妥妥粉转黑，总结:阿信和粉丝们，一起汗流浃背，再次新理解“五迷”三道,12月08日 11:58
反正什么话都让他们说了 无所谓 在全民审判人们失心疯的网络平台 他们说就让他们去说~ ,12月08日 11:58
很多人都在等高清饭拍吧，用来和之前有争议的舞台做对比,12月08日 11:58
嗯，看完直播上班的人，太困了，只能摸鱼看录播，参加军训。这班一点也上不了了,12月08日 11:58
【】近日， 知名乐队五月天陷入假唱风波。12月4日，五月天经纪公司相信音乐回应媒体时称，“没有假唱”。并在12月7日的上全程直播。自2023年3月，各地文化和旅游行政部门恢复对涉外营业性演出的受理和审批后，不少歌手选择举办演唱会，但在演唱会现 【】近日， 知名乐队五月天陷入假唱风波。12月4日，五月天经纪公司相信音乐回应媒体时称，“没有假唱”。并在12月7日的上全程直播。自2023年3月，各地文化和旅游行政部门恢复对涉外营业性演出的受理和审批后，不少歌手选择举办演唱会，但在演唱会现场表演却出现了各类情况：假唱、音响出现问题、破音、跑调和忘词等。评论区声音褒贬不一，对此你怎么看？,12月08日 11:58
陪著你走，唱到80歲,12月08日 11:57
【】近日， 知名乐队五月天陷入假唱风波。12月4日，五月天经纪公司相信音乐回应媒体时称，“没有假唱”。并在12月7日的上全程直播。自2023年3月，各地文化和旅游行政部门恢复对涉外营业性演出的受理和审批后，不少歌手选择举办演唱会，但在演唱会现 【】近日， 知名乐队五月天陷入假唱风波。12月4日，五月天经纪公司相信音乐回应媒体时称，“没有假唱”。并在12月7日的上全程直播。自2023年3月，各地文化和旅游行政部门恢复对涉外营业性演出的受理和审批后，不少歌手选择举办演唱会，但在演唱会现场表演却出现了各类情况：假唱、音响出现问题、破音、跑调和忘词等。评论区声音褒贬不一，对此你怎么看？,12月08日 11:57
//://:老鹰乐队拥有7张专辑与29支单曲。1976年发表的精选辑EAGLES/THEIR GREATEST HITS 为美国史上销量最高专辑，超过2900万。而在滚石排出的史上最伟大500张专辑，他们另一张专辑《加州旅馆》位于第37位。1998年，老鹰乐团被迎入摇滚名人堂——,12月08日 11:56
//:「倔强」    逆风的方向，更适合飞翔，我不怕千万人阻挡只怕自己投降🖐🏻,12月09日 23:58
//:《永遠的永遠》收錄在五月天2001年發行的專輯《人生海海》。,12月09日 23:53
还是那句，粉丝开心就好,12月09日 23:44
雖然因為德鐵罷工，我不得不在巴黎多滯留一日，我還是來了。和你一起在場，和你一起唱，和你一起接受那些善和惡的批判，一起接受世上那些理解不及的地方。朝霞星空，陪著你走。❤️雖然因為德鐵罷工，我不得不在巴黎多滯留一日，我還是來了。和你一起在場，和你一起唱，和你一起接受那些善和惡的批判，一起接受世上那些理解不及的地方。朝霞星空，陪著你走。❤️,12月09日 23:39
//:是 ！凌晨！5：20！分的情歌噢❤️,12月09日 23:24
,12月09日 23:21
唱了三个小时 现场气氛是超赞的每次都会被歌词感动到只有喜欢 就愿意听❤️- 五月天 [好好好想见到你]📍Paris🇫🇷,12月09日 23:11
抢票时并不知道巴黎站是好好好想见到你的最终站，是第77场。见到了耳机里的声音，听到了现场版E6甚至F6。别的不知道，巴黎场1000%真唱，现场体验跟线上没得比。一首接一首的高音，几乎没有休息时间，在台下听着都怕他哪一秒嗓子劈了。全场跟着阿信嘶吼了三个小时，所有人似乎都 抢票时并不知道巴黎站是好好好想见到你的最终站，是第77场。见到了耳机里的声音，听到了现场版E6甚至F6。别的不知道，巴黎场1000%真唱，现场体验跟线上没得比。一首接一首的高音，几乎没有休息时间，在台下听着都怕他哪一秒嗓子劈了。全场跟着阿信嘶吼了三个小时，所有人似乎都有用不完的体力，想跟着他们一直唱，再唱，再唱，再唱。回酒店的路上，逛景点的途中，坐飞机的时候，甚至一直到现在，我们还在哼着演唱会歌单，像是做了一场梦，久久不愿醒来。,12月09日 22:53
声乐老师锐评 五月天巴黎演唱会 听完之后我…….黑暗真的过去了吗？—转载UP：Calvin歌唱小教室（侵删BV号：BV1Qe411C7YW“这一次的话，我感觉就是垫音在副歌的地方突然间打开了，因为在主歌的部分不方便开。”“那到底是什么原因，让阿信在这么短的时间退步了这么多，观众的眼睛是雪亮的。”声乐老师锐评 五月天巴黎演唱会 听完之后我…….黑暗真的过去了吗？—转载UP：Calvin歌唱小教室（侵删BV号：BV1Qe411C7YW“这一次的话，我感觉就是垫音在副歌的地方突然间打开了，因为在主歌的部分不方便开。”“那到底是什么原因，让阿信在这么短的时间退步了这么多，观众的眼睛是雪亮的。”,12月09日 22:22
翻到一段正脸,12月09日 21:37
//:,12月09日 21:35
他站在光里，足以驱散我的阴霾。❤️,12月09日 21:12
就是啊,12月09日 21:03
如果允许以假对真，就应当允许以假对假,12月09日 20:36
单凭一个软件就給五月天判断假唱是否科学？其实我的想法跟这位录音棚大师的想法大概一致，所以我把他的视频转为文字，也代表了我自己的观点和想法，我在音乐圈是做音乐电台节目的制作，这两年当然也经历了不少大大小小的事情，每当我有疑惑的时候我就会多去找这个行业做得好的技术 单凭一个软件就給五月天判断假唱是否科学？其实我的想法跟这位录音棚大师的想法大概一致，所以我把他的视频转为文字，也代表了我自己的观点和想法，我在音乐圈是做音乐电台节目的制作，这两年当然也经历了不少大大小小的事情，每当我有疑惑的时候我就会多去找这个行业做得好的技术人员进行咨询或交流，这个行业说实话很复杂，所以我不会随便去给一个人去贴标签，因为他们在这个行业付出了几十年，我不可能说听风就是风听雨就是雨，我们要有足够的科学依据，要不然就是对一个老前辈的不尊重，我希望在音乐圈的每一个人如果想火想红就踏踏实实的去做作品，多学习音乐上的制作，通过作品和自己的技术去打天下，任何一种把人拉下神坛然后自己上来我是很反对的，如果音乐圈都是如此循环的挑别人的刺你哪里还有时间去做作品，音乐圈也会形成一种恶性竞争，希望每个音乐人都能以一种欣赏他人的眼光去看待事物，用作品和实力去打天下,12月09日 19:42
这很难评//:用一场演唱会证明了之前都是假唱。。。,12月09日 19:26
你们都说得对，我们本是怪物星球四大家族的继承人，遭奸人陷害武功尽失，迫不得已降落地球！重来一次我绝不重蹈覆辙！打开qq音乐搜索🔍怪物星人 聆听我的复仇计划 ,12月09日 19:21
四舍五入和阿信合照了,12月09日 18:58
有对比了，心智健全的都知道他们是不是假唱了！别都装傻了。 ,12月09日 18:57
为什么文艺晚会可以假唱，而个人展览会不能假唱？其实很好理解。大型文艺晚会相当于一个文艺作品展览会，只展示不卖货，追求完美最重要，摆个样品是可以说得通的；而个人演唱会相当于展销会，本质上就是卖唱，假唱相当于卖假货。为什么文艺晚会可以假唱，而个人展览会不能假唱？其实很好理解。大型文艺晚会相当于一个文艺作品展览会，只展示不卖货，追求完美最重要，摆个样品是可以说得通的；而个人演唱会相当于展销会，本质上就是卖唱，假唱相当于卖假货。,12月09日 18:36
【】阿信狂飆「10拍E6高音」直播反擊假唱 6萬人見證五月天甩風波_黑暗過去了源转自油管，侵歉删,12月09日 18:26
【】阿信生日長文回應假唱風波藏洋蔥! 真唱才能感動人直言_缺席就輸了源转自油管，侵歉删,12月09日 18:25
【】五迷淚崩狂喊加油！五月天直播飆高音破假唱謠言 阿信自嘲被罵很慘hold不住也哽咽源转自油管，侵歉删,12月09日 18:25
,12月09日 18:25
,12月09日 18:25
,12月09日 18:24
【】五月天甩假唱風波飆唱3小時！阿信哽咽：黑暗過去了源转自油管，侵歉删,12月09日 18:24
,12月09日 18:24
【】五月天巴黎「直播留檔」駁假唱! 飆高音嘶吼跪地 感性發言曝源转自油管，侵歉删,12月09日 18:24
,12月09日 18:24
,12月09日 18:24
,12月09日 18:23
,12月09日 18:23
【】五月天阿信「飆高音跪地」甩假唱！ 遭虧「渣男」：已經被罵很慘XD源转自油管，侵歉删,12月09日 18:21
【】五月天1小時狂飆9首歌！阿信又破音了 歌迷嚇：沒想到破在這地方源转自油管，侵歉删,12月09日 18:21
【】五月天阿信丟下麥克風撂話_這樣可以嗎! 掀全場暴動 痛甩假唱巴黎直播阿信嘶吼_我愛你們源转自油管，侵歉删,12月09日 18:20
【】駁假唱！ 五月天巴黎演唱會全程直播 「甩麥」互動源转自油管，侵歉删,12月09日 18:18
【】五月天巴黎「直播留檔」駁假唱！飆高音嘶吼跪地 感性發言曝源转自油管，侵歉删,12月09日 18:17
【】阿信巴黎巡演跪地飆高音力撇假唱 全場熄燈談心一起迎接下個25年源转自油管，侵歉删,12月09日 18:17
【】粉絲冠名渣男阿信求饒_已經被罵很慘 冠佑在巴黎被問_會去看五月天演唱會嗎源转自油管，侵歉删,12月09日 18:17
【】五月天爆假唱調查中 陸歌手開唱先挨罰源转自油管，侵歉删,12月09日 18:15
看到一个辣评，想说真的，这种在KTV都不能出场。。。,12月09日 17:47
五月天塌下来有刘若英和陈绮贞俩小三顶着。（bushi#私奔到月球 - 五月天/陈绮贞# ,12月09日 17:45
尤老师这么整实在是……侮辱性太强📍,12月09日 17:42
//:爱听五月天的人，总是常常谈论人类 未来 宇宙 星空。从三好主题起始，我们谈论的黑暗就已经是：被疫情夺走那些人事物和失去那本该灿烂辉煌的三年时光。求求了，别再逼我们为那些浅薄恶言向下兼容了！🤏🏻,12月09日 17:40
//:轉發微博,12月09日 17:36
【东北的朋友，尤其辽宁的朋友，能去多多支持一下不？？？】这边是传统技艺扎实演出，精湛表现，无人问津。那边是流行歌曲似唱非唱，模糊呈现，万人追捧。,12月09日 17:22
"那年，你们还不是天团，在我家乡开歌友会，家姐给走了后门，握了五个人的手，拿了五个人的签名。我坐在演播厅的地上，看完了整场演出,距离有多近呢？往前一探手，就能抓到阿信的腿那年，冠佑还不叫冠佑，他叫谚明，因为我也学架子鼓，所以队里最哈的是 那年，你们还不是天团，在我家乡开歌友会，家姐给走了后门，握了五个人的手，拿了五个人的签名。我坐在演播厅的地上，看完了整场演出,距离有多近呢？往前一探手，就能抓到阿信的腿那年，冠佑还不叫冠佑，他叫谚明，因为我也学架子鼓，所以队里最哈的是他，符合水瓶座♒的特别了那年，我在大学寝室里，拼命单曲循环放「倔强」，把所有靠文字表达的地方，都写成了倔强的歌词那年，是我的青春啊~感谢你们，五月天Ps：给每个人都拍了一张，给永远的5️⃣！",12月09日 17:00
转发微博,12月09日 16:55
相比一面墙，我更愿用长城两字！ 五月天的身后可是一座长城，坚不可摧！ 永远年轻，永远热泪盈眶！,12月09日 16:52
本来之前网上曝他假唱我是不信的，毕竟出道那么多年，玩这种晚节不保的操作属实没必要。现在听了巴黎场，甚至感觉自己非音乐专业的朋友唱的比他好听。。。所以是用巴黎场的真唱来证明上海场的假唱吗？好家伙，怕网友拉音轨做对比太累了，所以自爆？他真的好温柔啊我哭死。 ,12月09日 16:26
,12月09日 15:56
莫名其妙的被骂了有十天了吧。看羚羊草枝摆。阿信有风度，我没有一点！ ,12月09日 15:51
真唱还不如我洗澡时候唱的好听 ,12月09日 15:46
阿信什么时候变这样了,12月09日 14:54
下午摸鱼看录播真的好激动，然后老板在旁边办公室开会，我在我们科里发五月天的疯哈哈哈哈 ,12月09日 14:51
应该算是很明显的软回应了吧，用一首歌cue了他们刚刚出道的样子，好像叫好好？以前的微末与努力，后来的辉煌与膨胀，从校园到鸟巢，说要以后对的起最初的自己，也算是一种道歉吧，我个人感觉是这样,12月09日 14:38
娱乐评论大赏五月天唱功究竟怎么样 #阿信我还能再唱一场,12月09日 14:32
巴黎！晚～～安～～！！,12月09日 14:30
真唱玫瑰少年，且不说唱功如何，这个英文是有多烫嘴？,12月09日 14:20
真唱玫瑰少年，且不说唱功如何，这个英文是有多烫嘴？,12月09日 14:09
只想说一句话 我也喜欢五月天 但总觉得去现场听录音 声音嘈杂还不如自己在屋里打开音乐听么 反正都是录音带,12月09日 14:06
闹麻了，这就是wmls的倔强？（最底下的链接）对线对不过拉黑控评确实有一手。事情经过就是这个洗洁精在给阿信洗一洗，意思就是说阿信巴黎唱完之后，看了的路人都转粉，只有没看过演唱会的黑子无脑喷。然后下面评论区激烈对线（嘴硬），我一看这id重庆的，我刚好去看了重庆场，就表达了我看了并且也感觉 闹麻了，这就是wmls的倔强？（最底下的链接）对线对不过拉黑控评确实有一手。事情经过就是这个洗洁精在给阿信洗一洗，意思就是说阿信巴黎唱完之后，看了的路人都转粉，只有没看过演唱会的黑子无脑喷。然后下面评论区激烈对线（嘴硬），我一看这id重庆的，我刚好去看了重庆场，就表达了我看了并且也感觉有问题，ta就酝酿个半天来个质问三连，还甩了个另外的链接视频给我，等我看完之后打字准备回复的时候，发现被拉黑了，我可是认认真真打了很多字哦，就很无语，你不想和我对线就别回复嘛，何必呢，制造一个我被你问住了落荒而逃是吧，不会还要在自己的小群体里炫耀自己今天的英勇事迹吧？在微博上舌战群儒然后把小黑子们怼的遁地而逃？说实话五月天假唱这个事情真的反转可能性太低了，本人很喜欢五月天的歌，不然也不可能去花一千多抢内场票。我在现场不会也不可能去想他们在假唱，一个是氛围在那里，另一个是多少有些情怀，演唱会结束了好多天我还挺回味的，期待下一次来重庆开演唱会。但是从假唱风波爆发以来，事情就变得失望也有点难以接受。首先我把网上锤阿信的视频当假的来说，相信音乐是死了吗？这么几个明显的黑子头头不直接告他个倾家荡产？就任由事态发展越来越严重，阿信的微博也从未正面回应这个问题，一句我没有假唱就那么难？视频如果是合成的，音轨如果是偷换的，这件事远远闹不到这么大。所以我更倾向视频都是真的，那明眼人都能看出来，之前的演唱会，假唱就是100%，无论如何去模糊定义假唱这个概念，演唱会做不到全开麦这就是事实。另外有个地方想提一嘴，阿信的微博此前一直有人和我说是本人在使用，这次巴黎演唱会直播结束不到两小时，他本人应该还在法国，但是他微博从台湾发了条消息，不知道圆一个谎到底还要扯多少个谎。,12月09日 14:06
//:《倔強》阿信詞曲創作。收錄在五月天2004年發行的專輯《神的孩子都在跳舞》。該曲獲得2004年MusicRadio中國TOP排行榜港台年度金曲。,12月09日 13:24
真唱玫瑰少年，且不说唱功如何，这个英文是有多烫嘴？ 五月天唱功究竟怎么样 蔡依林玫瑰少年 五月天否认假唱,12月09日 13:23
我和我身边的五迷会继续支持五月天。他们犯错了，不代表他们一无是处，也不代表喜欢他们的我们是烂人。即使唱得的确也没有说好听，那些被他们的词和曲温暖过的日日夜夜，依旧鲜明如同昨天。,12月09日 13:04
荣幸被wmls拉黑三次…1、滚圈和五月天：嘲讽滚圈演唱会上座率的，摇滚本质小众，你giegie搞的是偶像那一套才能洽这么多钱。a股股民两亿，a股是优质资本市场吗？2、你giegie会不会被官方认定假唱：你giegie有持无恐不是因为他没有 荣幸被wmls拉黑三次…1、滚圈和五月天：嘲讽滚圈演唱会上座率的，摇滚本质小众，你giegie搞的是偶像那一套才能洽这么多钱。a股股民两亿，a股是优质资本市场吗？2、你giegie会不会被官方认定假唱：你giegie有持无恐不是因为他没有假唱，是因为主办方牛逼，主办方华人文化是上海国资委参股公司，他们假唱主办方一样脱不了干系，一样面临处罚面临赔偿，上海文旅敢查敢罚吗？私以为不敢，所以你giegie才能在风暴中心安然无恙继续开演唱会。至于有没有假唱，我相信有眼睛有耳朵就能🈶️自己的判断。3、我喜欢的歌手带病上音乐节，说话都费力。对粉丝说我生病了，医生不让我唱，但是我的乐队yq两年没赚到钱，我必须站出来，如果万一我唱不动了，你们顶上。这才是音乐的力量，摇滚的意义。作为一个乐迷，我不在意五月天，也不在意假唱，我只在意演唱会的舞台上没人假唱。,12月09日 12:57
演唱半开麦，微博半开笔，歌迷现场半彪子,12月09日 12:55
百分百真唱！但好像更锤了。。。,12月09日 12:45
结束后，阿信咆哮着说：我还能再唱一场网红美女帅哥阿信我还能再唱一场,12月09日 12:40
世界上最溫柔的小陳❤️//:《溫柔》阿信詞曲創作。收錄在五月天2000年發行的專輯《愛情萬歲》。,12月09日 12:36
//:客观，清晰，体系化。 这种专业的事情不能听任音乐散人/网红号来说 ，其工作内容是营销。  必须从事大型音乐会现场调音的老师来讲比较客观，他们才是真正接触行业的人。,12月09日 12:35
,12月09日 12:20
如果舆论只允许你看到同一种声音，这比事件本身更可疑吧，在执法部分的调查结果出来之前，欢迎更多的行业从业者站出来展开专业讨论,12月09日 12:18
发布了头条文章：《五月天应该上春晚》在偶像工业灌注的“饭圈文化”之下，演唱会就是歌迷作为信徒：在为信仰纳税。,12月09日 12:16
嗯…巴黎真唱，证明之前都也是真唱…建议五月天寻求由彭宇案法官来判定了 ,12月09日 12:11
🩵//:陪伴你不止今天，不止77场,12月09日 12:03
吃瓜吃点专业瓜,12月09日 11:59
✨在手账本里翻出来十年来的Mayday旧船票(｡•ᴗ-)〰︎青春一去不复返 ✨,12月09日 11:58
,12月09日 11:51
記得很久以前有看過一個打臉逆襲小說，一個世界就是原主假唱差點身敗名裂，主角說服大佬給自己搞了個演唱會。唱完全場黑變粉。確實不太現實啊，巴黎場挺好聽的，也沒什麼問題，但大家就是有不買賬的。 ,12月09日 11:46
五月天在巴黎演唱会上无伴奏清唱，什么水平？,12月09日 11:37
,12月09日 11:14
//:客观，清晰，体系化。 这种专业的事情不能听任音乐散人/网红号来说 ，其工作内容是营销。  必须从事大型音乐会现场调音的老师来讲比较客观，他们才是真正接触行业的人。,12月09日 11:03
清者自清//:我自己体验了555-855-1555-1855的位置，发现不同位置的音效差异非常非常大，从这不同位置手机录像，音效也差异巨大。手机拉三倍四倍录像明显直接改变vocal和和声的厚度，这些是否都是影响因素,12月09日 10:54
原来连上传到微博的都不是同一个人拍摄，所以他们到底安排了几个人来拍啊//:《戀愛ING》阿信詞曲創作。收錄在2005年五月天發行的專輯《知足》中。該曲曾獲得2005 MusicRadio中國TOP排行榜港台年度金曲獎。,12月09日 10:27
怎么说呢，锤的真的挺死的，巴黎场因为要直播确实没假唱，国内场搞不懂垫音还是假唱但绝对没巴黎场那么真，从小学五年级第一次在快乐大本营上看到五月天到现在上班已经两年了出现假唱风波，十四年的时间，挺难过的。我可以接受你们真的岁数大了，唱不动了，让我们一起大合唱，也可以接受你们累了，只是 怎么说呢，锤的真的挺死的，巴黎场因为要直播确实没假唱，国内场搞不懂垫音还是假唱但绝对没巴黎场那么真，从小学五年级第一次在快乐大本营上看到五月天到现在上班已经两年了出现假唱风波，十四年的时间，挺难过的。我可以接受你们真的岁数大了，唱不动了，让我们一起大合唱，也可以接受你们累了，只是想陪伴wmls，所以在台上放CD，我只是看看你们，依旧觉得自己的青春还在，但为什么要欺骗，其实今年从开始取消团购票事情就已经变得不对劲了不是吗？如果没有那么多路人其实不会有人会去锤这件事情的，看到网上很多wmls和黑粉互撕觉得很没有必要，最终还是把饭圈那一套用到五月天身上了吗，wmls不是最团结最有爱的吗？2017年的时候还不是这样的，怎么今年 真粉多抢票了也要翻倍出呢？我知道可能这个发出来会被很多人骂的，但我清楚真的理智的wmls彼此心知肚明，只不过我们都在找借口，快乐是真的，给我的力量是真的，巴黎场的一颗苹果真的不好听，可能这次风波永远不会有答案，但我的青春结束,12月09日 10:12
间奏换衣服的时间好短//:《人生海海》阿信詞曲創作。收錄在五月天2001年發行專輯《人生海海》中。人生原本就像海一般廣闊無邊，充滿誘惑也充滿疑惑：但就像潮水隨時會產生新的行進，潮落之後必會有潮起，這是五月天期許的人生態度。,12月09日 10:10
阿信：知道我为什么给你们放CD了吧，因为我怕你们听不出这是什么歌,12月09日 10:05
唱歌半开麦，微博半开笔，粉丝半开脑。各种ntf被上证据就拉黑你们当韭菜可以，你们当韭菜还不让别人笑？更何况还是结晶韭菜，吃翔不忘拉翔人的那种 ,12月09日 09:52
五月天巴黎演唱会被指走调破音、站桩式演唱、E6没唱上去，阿信发文：陪我唱到日出，谢谢每个你！【】五月天演唱会的“假唱风波”还在继续发酵。目前看来，这一事件仍难有定论。不仅有音乐博主提出反对意见，质疑麦田农夫的音源对人 五月天巴黎演唱会被指走调破音、站桩式演唱、E6没唱上去，阿信发文：陪我唱到日出，谢谢每个你！【】五月天演唱会的“假唱风波”还在继续发酵。目前看来，这一事件仍难有定论。不仅有音乐博主提出反对意见，质疑麦田农夫的音源对人声提取有限、鉴定不准，有关部门与官方对此事的回应也语焉不详。五月天“是否假唱”似乎已经变成不可解的罗生门，我们也不由产生疑惑：为什么看似简单的判定却如此复杂？,12月09日 09:34
不关注不感兴趣，但是假唱不承认就很垃圾，人品问题了，不过有一堆脑残粉会洗白,12月09日 08:50
骂五月天假唱的人，你们停一停吧。你们tmd就没有自己的偶像吗？从此以后，所有人在意的都是演出有没有假唱，有没有真唱，有没有半开麦，没几个人去在意唱的好不好了！人家这一步，是内娱多么伟大的一步，为了你们的偶像以后不被人骂，站在大气层给你来了一波围魏救赵，还不赶快跪谢，骂nm呢在这！ 骂五月天假唱的人，你们停一停吧。你们tmd就没有自己的偶像吗？从此以后，所有人在意的都是演出有没有假唱，有没有真唱，有没有半开麦，没几个人去在意唱的好不好了！人家这一步，是内娱多么伟大的一步，为了你们的偶像以后不被人骂，站在大气层给你来了一波围魏救赵，还不赶快跪谢，骂nm呢在这！,12月09日 08:49
,12月09日 08:23
这场简直是在证明过去五月天演唱会都是假唱,12月09日 07:57
疑似假唱,12月09日 07:53
五月天假唱事件官方一直没有给结果也使事件发酵的越来越厉害逐渐演变出了很多“罗生门”在他们巴黎演唱会直播之后，粉丝说他们唱到了F6阿信也很快认领了之前有说五月天假唱事件有可 五月天假唱事件官方一直没有给结果也使事件发酵的越来越厉害逐渐演变出了很多“罗生门”在他们巴黎演唱会直播之后，粉丝说他们唱到了F6阿信也很快认领了之前有说五月天假唱事件有可能不会有答案演唱会就是个娱乐，自己觉得钱花的值不值，只有自己知道他们以后还会到这边开演唱会吗？,12月09日 07:52
注意看，这个男人太狠了！ 五月天巴黎演唱会直播证明自己真唱你们怎么看？,12月09日 07:51
本来以为要在巴黎整个狠的，没想到拉了坨大的,12月09日 07:02
,12月09日 06:56
五月天“是否假唱”似乎已经变成不可解的罗生门？其实没那么复杂。此 事件从一开始我就发帖认为，商业演出中的假唱行为，有可能被刑事追责。观众购买门票，购买的是歌星提供的真唱产品，如果是假唱，就是伪劣产品。五月天一场中等规模的演唱会，门 五月天“是否假唱”似乎已经变成不可解的罗生门？其实没那么复杂。此 事件从一开始我就发帖认为，商业演出中的假唱行为，有可能被刑事追责。观众购买门票，购买的是歌星提供的真唱产品，如果是假唱，就是伪劣产品。五月天一场中等规模的演唱会，门票销售额就达一千多万。这种行为明显属于欺诈，甚至可能涉嫌构成合同诈骗罪。刑事专家、首都师范大学法律系教授肖怡也认同我的观点。文化市场综合执法机构 的调查，鉴定技术与调查范围毕竟有限。上述观点如果站得住脚，可将此案作为刑事案件侦查。当今科技高度发达，“是否假唱”相信就会水落石出。再者，刑法上有“疑罪从无”的说法，倘若运用刑事侦查手指仍查不出来，那 五月天就是真唱，大家可以散了！,12月09日 05:06
在抖🦅听了五月天的巴黎，说实话还是伦敦的好听一点儿要不还是按以前的来吧,12月09日 04:56
这群颠婆竟然喜欢是他的人，我真的要被笑死哈哈哈哈哈哈哈哈哈哈哈哈哈哈哈哈,12月09日 04:39
都是在榨取最后的剩余价值,12月09日 04:38
,12月09日 04:15
,12月09日 04:01
turned out之前抢不到票是我的福气 ,12月09日 03:51
希望还有第177 277场只要你们想唱//:陪伴你不止今天，不止77场,12月09日 01:58
永远,12月09日 01:58
//://:老鹰乐队拥有7张专辑与29支单曲。1976年发表的精选辑EAGLES/THEIR GREATEST HITS 为美国史上销量最高专辑，超过2900万。而在滚石排出的史上最伟大500张专辑，他们另一张专辑《加州旅馆》位于第37位。1998年，老鹰乐团被迎入摇滚名人堂——,12月09日 01:50
//:客观，清晰，体系化。 这种专业的事情不能听任音乐散人/网红号来说 ，其工作内容是营销。  必须从事大型音乐会现场调音的老师来讲比较客观，他们才是真正接触行业的人。,12月09日 01:16
每天转N遍 科普视频   大家多多带话题转发下啊,12月09日 01:13
太好听了吧第一次听到歌手全开麦这么天籁般的歌声,12月09日 01:11
看完了巴黎演唱会的录像，感慨年岁不饶人。数字音频技术发展到今天，各式各样的算法已非常完备和成熟，各种对自动增益控制的方法，强大的，超高采样率的DSP可以在几个us延时的滤波器里，让声音的频响，光滑漂亮。但人耳和人脑比任何数字信号处理器都加强大，我们严密的耳朵，比任何高端的DAC都更加精密 看完了巴黎演唱会的录像，感慨年岁不饶人。数字音频技术发展到今天，各式各样的算法已非常完备和成熟，各种对自动增益控制的方法，强大的，超高采样率的DSP可以在几个us延时的滤波器里，让声音的频响，光滑漂亮。但人耳和人脑比任何数字信号处理器都加强大，我们严密的耳朵，比任何高端的DAC都更加精密和准确。所以，听歌不是一件冰冷的事。是对歌手，音乐和自我特定时期经历，经验的反应，而这，就是每个人自己一组独有的一组计权方式。对五月天粉丝而言，何种音色，还是不完美的现场表演，其实都是和过去某时听到这首歌的自己的一次重逢。作为一个年少时狂热的喜欢，现在只是默默地支持，甚至除了随机不会主动去听五月天的老粉。很能体会路人和真爱粉，有着不完全不同的filter，听到不一样的声音、感触。孰对孰错，耳语还是真相，更像是每个人对自己过去和当下境遇或者叫做命运的解释。对自己慈悲，对别人宽容。不必觉得理想倒塌，也可尽情坚持己见。世上之事，本无对错之分，全凭自心照见。对五月天如此，对我们自己亦是。,12月09日 01:00
就只发这一次，愿意看的看吧//:是实在听不下去了牵强的抹黑//:客观，清晰，体系化。 这种专业的事情不能听任音乐散人/网红号来说 ，其工作内容是营销。  必须从事大型音乐会现场调音的老师来讲比较客观，他们才是真正接触行业的人。 ,12月09日 00:59
,12月09日 00:57
五月天巴黎演唱会绝对是真唱，天王老子来了都是真唱！！！五月天演唱会 #五月天假唱风波,12月09日 00:57
,12月09日 00:47
寶貝這段啊啊啊～得我心都要碎了啊我的少年，請繼續溫柔、倔強地向前走我們，永遠都在你身邊🤚🏻🤚🏻🤚🏻,12月09日 00:40
走过路过，来来来，各位看官点进来听听啦！（挥手绢）BOOM！怪物星人《人生就是一场游戏》,12月09日 00:37
,12月09日 00:32
网友说：五月天巴黎演唱会水平只有ktv级别，e6已经是个笑话！但我觉得好不好要现场的朋友说了算，现场看五月天演唱会的朋友，感受度怎么样啊？,12月09日 00:29
失望了 以前看现场哭的死去活来的 原来都是听CD自嗨 哎 ,12月09日 00:29
音子，来给点热度吧，这个老师说的太好了,12月09日 00:15
Mayday 🩵Fly to 2023 💙,12月09日 00:13
//:《最重要的小事》阿信作詞，瑪莎作曲。收錄在五月天2006年發行的專輯《為愛而生》。2007年憑借該專輯五月天在第七屆全球華語歌曲排行榜獲得最受歡迎組合獎並在第十三屆華語榜中榜上獲得最佳樂隊獎。,12月09日 00:04
值得载入史册的巴黎场当然要及时记录一些“在场证明”凌晨三点才开始 天亮才回家的三好最终章我们竟然隔着半个地球在一起发疯！！！明年见✌🏻,12月10日 23:49
//:客观，清晰，体系化。 这种专业的事情不能听任音乐散人/网红号来说 ，其工作内容是营销。  必须从事大型音乐会现场调音的老师来讲比较客观，他们才是真正接触行业的人。,12月10日 23:22
表示喜欢//:点歌  一颗苹果🍎,12月10日 22:56
听了几场别人的演唱会，还是最喜欢五月天的talking//:《永遠的永遠》收錄在五月天2001年發行的專輯《人生海海》。,12月10日 22:08
《温柔》五月天 巴黎场 2023 reaction,12月10日 21:15
//:《盛夏光年》阿信詞曲創作。收錄在五月天2006年發行的《盛夏光年電影主題曲概念專輯》。該曲是電影《盛夏光年》的主題曲。,12月10日 20:50
📍好好好想見到你 巴黎站快閃2天2夜vlog第一次的巴黎之旅即緊張又期待！跟著五月天出走系列，歐洲場是我一直很想去實現的行程之一，疫情三年讓我知道時間、機會真的不等人！所以決定走出了舒適圈，一個人來了巴黎，從香港-上海-阿姆斯特丹-巴黎，萬里來征來看地球上最後一 📍好好好想見到你 巴黎站快閃2天2夜vlog第一次的巴黎之旅即緊張又期待！跟著五月天出走系列，歐洲場是我一直很想去實現的行程之一，疫情三年讓我知道時間、機會真的不等人！所以決定走出了舒適圈，一個人來了巴黎，從香港-上海-阿姆斯特丹-巴黎，萬里來征來看地球上最後一場的《好好好想見到你 》演唱會。有些事情現在不做，便一輩子都不會做了。這趟旅程一定會是我自傳裡重要且深刻的回憶之一！,12月10日 20:50
谁说五月天假唱我跟谁急！,12月10日 20:15
//:是 ！凌晨！5：20！分的情歌噢❤️,12月10日 18:58
B站这两个视频，建议五迷老师这边循环播放,12月10日 18:39
骗子乐队买的热搜真是一言难尽还给他们站台 转身就先给你脸上扔坨💩官号发了一个诺亚方舟的宣传口号，一群脑残粉似乎理解为了信仰和希望之船一群韭菜对非韭菜骄傲地说，“我们上船”骗子乐队看来后半辈子都不愁了骗子乐队买的热搜真是一言难尽还给他们站台 转身就先给你脸上扔坨💩官号发了一个诺亚方舟的宣传口号，一群脑残粉似乎理解为了信仰和希望之船一群韭菜对非韭菜骄傲地说，“我们上船”骗子乐队看来后半辈子都不愁了,12月10日 16:31
五月天来巴黎开演唱会怎么能错过呢！不管是容貌还是造型，感觉他们都没变，唱功是实打实的哦，中途也很多和歌迷互动聊天，三个小时一会儿大合唱，一会儿又嗨的蹦起来，五月天真的是青春又热血啊！,12月10日 16:01
王尼玛：假唱揽金 ？揭秘背后产业链 ↓,12月10日 14:41
五月天巴黎演唱会，大家品一品唱的如何 ？,12月10日 14:35
五月天巴黎演唱会现场，来听听阿信有没有E6,12月10日 14:31
: 是「地球上最后一场好好好想见到你」是「每个孤单天亮 他都陪我唱」是「从天亮唱到天黑再从天黑唱到天亮」是「5:20分唱出的为你写下这首情歌」是「从7.7到No.77 路人粉转五迷粉」是「喧哗如果不停 让我陪你安静」是「好好 一个苹果 任意门 永远的永远 」是这是地球上最后一场好 : 是「地球上最后一场好好好想见到你」是「每个孤单天亮 他都陪我唱」是「从天亮唱到天黑再从天黑唱到天亮」是「5:20分唱出的为你写下这首情歌」是「从7.7到No.77 路人粉转五迷粉」是「喧哗如果不停 让我陪你安静」是「好好 一个苹果 任意门 永远的永远 」是这是地球上最后一场好好好想见到你 但这并不表示五月天之后就不想见到你了哦～,12月10日 14:28
五月天巴黎演唱会现场《 最重要的小事 》,12月10日 14:26
五月天《你不是真正的快乐》高音没唱上去,12月10日 14:20
五月天巴黎演唱会，大合唱《恋爱ing》,12月10日 14:17
五月天《我心中尚未崩坏的地方》高音飚到跪地,12月10日 13:56
唐磊：五月天乐队天团的烦恼，吃不消的巡演,12月10日 13:44
巴黎场talking全程💙💙💙,12月10日 13:28
阿信 黑暗过去了,12月10日 13:17
五月天｜别人拍到的前排证据 ，你们觉得呢 ？,12月10日 13:12
五月天没骗人，他们真的永远陪我18岁！12年10月陪前男友（看完没多久就分了）看完演唱会后彻底爱上五月天，从此踏上一条不归路，和很多大大们肯定没法比，但11年看了38场我觉得也是属于疯狂的了，19年11月上海全勤之后，就结婚了，第二年开始爆发疫情，21年怀孕，22年4月上海最困难的时候生娃，然后就 五月天没骗人，他们真的永远陪我18岁！12年10月陪前男友（看完没多久就分了）看完演唱会后彻底爱上五月天，从此踏上一条不归路，和很多大大们肯定没法比，但11年看了38场我觉得也是属于疯狂的了，19年11月上海全勤之后，就结婚了，第二年开始爆发疫情，21年怀孕，22年4月上海最困难的时候生娃，然后就开始无休止的带娃日常，我觉得20年开始我离五月天越来越远了，生活的重心开始放在其他地方，没空看微博，音乐也听的少了…今年最庆幸的是去香港看了两场，一时冲动决定的，为此还把奶断了哈哈哈哈哈，后面本来想去南京的因为没人带娃最后还是没去成，想着上海多看几场，没想到今年演唱会会那么那么难买，要不是好闺蜜送了我一张票我上海可能一场都看不到了[哭惹R][哭惹R][哭惹R]其实上海结束以后感觉并没有那么强烈，更多的是郁闷今年只看了三场，让我彻底沉陷是发生假唱事件后的巴黎场直播。凌晨三点带着耳机在被窝里静静的看着，偶尔娃动了还需要拍一拍，从天黑看到天亮，关于那件事我不想说什么，我只想说说看完以后发生了什么，那是久违的演唱会后遗症，而且很深很深，我已经很久没有这种感觉了，我会一直刷微博，会很想听五月天，会有机会就唱几句，会非常非常期待明年的新巡回。我觉得我回到了十八岁，回到2012年刚看完演唱会的十八岁，回到那个刚爱上五月天的十八岁，这种感觉真的很奇妙。日复一日带娃的疲惫，被无形的枷锁锁住的自由，我发现这些被五月天的魔法打败了，虽然我现在依旧需要日复一日的带娃，依旧没有自由，但我心中有了一股力量，是五月天给我的力量，是我忘了阿信说过，戴上耳机闭上眼睛他们一直在；我也有了盼头，可以期待明年的演唱会，再怎么样也要想办法脱身去看呀，我不只是妈妈，我更是我自己，永远十八岁的自己。,12月10日 11:50
五月天巴黎演唱会3小时视频完整版 ，不花钱云上看演唱会。前奏一响，青春回！,12月10日 11:12
专业的人干专业的事，从事大型音乐会现场调音的老师来讲比较客观，听听他们怎么说,12月10日 11:04
五月天假唱最大实锤！！！顶上去！！,12月10日 10:52
粉随正主具象化了不是,12月10日 10:36
//:感谢近乎“隐身”的每一位工作人员，地球上最后一场「好好好想见到你」，更要感谢陪五月天走到现在的每一个你。,12月10日 10:10
五月天巴黎演唱会  但此次阿信为证明自己，现场飙起了高难度的高音！,12月10日 09:12
结束后，阿信咆哮着说：我还能再唱一场网红美女帅哥阿信我还能再唱一场,12月10日 09:12
七早八早的就在哭🤣//:《好好（想把你寫成一首歌）》阿信作詞，冠佑、阿信作曲。收錄在五月天專輯《自傳》。2016年作為新海誠動漫電影《你的名字》的台灣地區宣傳曲。,12月10日 08:30
果然录音棚里人人都能做歌手,12月10日 07:00
看五月团，实事求是啊谁的钱也不是大风刮来的啊，粉丝们愿意用自己辛苦劳动成果去认可你、喜爱你、支持你，你也要尊重啊，而不是利用这些情感加以戏弄和敷衍。,12月10日 03:14
「歲月有你同路，陪唱到未來的每一次日出」：好好好想見到你No.77達陣[米奇比心],12月10日 02:45
很难得遇到一位愿意倾听的五月天粉丝，虽然最终还是各执己见。也体会到了陈信宏麦迪逊花园前夜彻夜跟网友拼命解释的无可奈何。我的QQ音乐头像是玛莎，就是佩服他那股敢于对身边的人提出批评的精神。我也相信这有助于改正缺点。也许因为我经历还不够多，见识还不够多，有情绪时容易激动吧 很难得遇到一位愿意倾听的五月天粉丝，虽然最终还是各执己见。也体会到了陈信宏麦迪逊花园前夜彻夜跟网友拼命解释的无可奈何。我的QQ音乐头像是玛莎，就是佩服他那股敢于对身边的人提出批评的精神。我也相信这有助于改正缺点。也许因为我经历还不够多，见识还不够多，有情绪时容易激动吧，我看到的也不一定就是对的。希望五月天能变得更好。,12月10日 02:11
“我爱你们”“我们也爱你”,12月11日 22:29
//:《諾亞方舟》由瑪莎作曲，阿信填詞。收錄在五月天2011年發行的專輯《第二人生》中。五月天憑借該曲獲得第23屆金曲獎最佳年度歌曲獎，並與陳建騏憑借該曲共同獲得最佳編曲人獎，瑪莎憑借該曲獲得最佳作曲人獎。,12月11日 21:54
五月天巴黎演唱会现场，来听听阿信有没有E6,12月11日 18:02
五月天巴黎演唱会，大家品一品唱的如何 ？,12月11日 17:59
王尼玛：假唱揽金 ？揭秘背后产业链 ↓,12月11日 17:55
声理学：五月天巴黎演唱会更加证实以前是假唱,12月11日 17:53
声理学：五月天直播多次跑调被评证实假唱,12月11日 17:47
各大媒体也来转发啊！不要只会拿某声博主的话当标题，来看看这里怎么说的,12月11日 17:02
演唱会假唱的五月天乐队的走红，是摇滚的悲哀还是时代的潮流？深度解读五月天,12月11日 15:50
五月天乐队只是假唱么？还是假摇滚吧？,12月11日 15:46
巴黎演唱会阿信真唱了？歌迷有福了？五月天的黑暗怎么是乐坛的晴天？,12月11日 15:32
一大把年纪的人了，还能变成全网的笑料，只能说，多行不义必自毙，五月天只能存在我的音乐软件里了🙏,12月11日 15:27
不懂就问这就是水军吗？ ,12月11日 14:42
阿信，一定要告那些带头黑你的博主，一定要告，我已经被气一个礼拜了，气的上火起了两颗口腔溃疡，牙也开始疼了，你不告他们，难以平息我的愤怒！,12月11日 11:15
五月天巴黎演唱会半小时纯享版嘿嘿第一时间没抢到柏林的票买了巴黎场的没想到竟是地球最后一场好好好想见到你了呢,12月11日 07:22
轮到我拍这个视频了吧！,12月11日 04:02
这次不敢假唱了吧,12月11日 00:58
//:《倔強》阿信詞曲創作。收錄在五月天2004年發行的專輯《神的孩子都在跳舞》。該曲獲得2004年MusicRadio中國TOP排行榜港台年度金曲。,12月12日 23:32
五月天巴黎演唱会，确实是真唱，没有骗人。逆风的方向，更适合飞翔,12月12日 21:28
//:《溫柔》阿信詞曲創作。收錄在五月天2000年發行的專輯《愛情萬歲》。,12月12日 21:17
事情逐渐发酵，裤子的很多事都被找了出来，其实有很多事情在我们看来是正常到不能再正常的事了，但一放到内娱就被说是特别严重的事情。（还有之前现场庞宽摸赵梦的“腿”，其实摸的是裤子上的长柳钉，梦姐本人也出来说过了，却被人说是职场猥亵。。）反正觉得挺莫名 事情逐渐发酵，裤子的很多事都被找了出来，其实有很多事情在我们看来是正常到不能再正常的事了，但一放到内娱就被说是特别严重的事情。（还有之前现场庞宽摸赵梦的“腿”，其实摸的是裤子上的长柳钉，梦姐本人也出来说过了，却被人说是职场猥亵。。）反正觉得挺莫名其妙，明眼人都能看出来阿信是假唱，假唱还拿了几百亿就是不对，不知道有什么好辩解的。五月天不想辜负粉丝，但我相信作为粉丝宁可听真实的现场也不要假唱，这是本身五月天的错误。当然庞宽作为公众人物来引起两家的争执也有一定的错，我作为粉丝仅代表个人观念不可否认这一错误的举动。（只能说滚圈都挺真实，有什么事都直说）我发帖也只希望事情不要过度的发酵，给两家都带来不好的影响。（以上所有话源于我的个人观念，不是不忠于裤子，也不是想引起裤子粉丝包括五月天粉丝的愤怒，而是希望事情的走向不要越来越偏，而是有个真实的结果）（也望五月天早日发帖回复假唱事件）,12月12日 20:51
,12月12日 17:49
各位五迷老师！！大家记得给五月天投票哈，这也是我第一次给五月天投票，大家喜欢五月天的话，希望我们一起支持他们！,12月12日 17:24
发布了头条文章：《难听！五月天假唱风波未有定论，巴黎直播演唱会先一步到来！网友：是》发布了头条文章：《难听！五月天假唱风波未有定论，巴黎直播演唱会先一步到来！网友：是》,12月12日 13:54
主动挑衅，最后破防，何苦呢,12月12日 13:15
手机拍摄的视频能不能用来鉴定对粉丝来说是伪命题。最简单的验证方法，就是找个发布时间合适的全场视频(2小时以上那种)，自己听着验证。然而质疑这一点的粉丝，没有一个去这么做，为什么呢？一定是他们觉得五月天的歌太难听了，对耳朵是一种折磨。亚 手机拍摄的视频能不能用来鉴定对粉丝来说是伪命题。最简单的验证方法，就是找个发布时间合适的全场视频(2小时以上那种)，自己听着验证。然而质疑这一点的粉丝，没有一个去这么做，为什么呢？一定是他们觉得五月天的歌太难听了，对耳朵是一种折磨。亚当斯密说过，同一行业的人，即使只是为了玩乐而聚在一起，最终也会演变成针对公众的密谋。每次社会性事件，脑残粉们都在一次次证明这个理论。在这个问题上公然撒谎，损害的是五月天的公众形象,12月12日 12:33
如果看不懂繁体/无法阅读长文/只是想看个热闹 的话。省流版总结：五月天 没有假唱,12月12日 12:29
发布了头条文章：《2023年风口行业演唱会代理的无限可能性》,12月12日 09:37
我本是抱着蹦迪的心态去看五月天演唱会的，结果看完入坑了！没想到这个年纪了还会追一个快50岁的男歌手！这男人简直帅呆了！哈哈～就是那种肉乎乎的帅！这衣服哪里有卖啊？我想跟他穿个情侣款,12月12日 06:36
20231207巴黎场点歌《好好》我们在小孩和大人的转角/盖一座城堡🦋🏰🎡,12月12日 04:59
【2023.12.7】热搜榜:1.2.3.文娱榜:1.2.3.要闻榜:1.2.3.,12月13日 23:23
喜新厌旧不是生而为人的一大特性嘛，尤其是在这个科技与资源非常过剩的年代，曾经口口声声说爱你一辈子的人都会半路留下一句“再见，再也不见”啦！So，也是日常生活里头再正常不过的一件事啦！例如me，在看了一点以及是看到后，就把石头、冠佑从“最让me有性 喜新厌旧不是生而为人的一大特性嘛，尤其是在这个科技与资源非常过剩的年代，曾经口口声声说爱你一辈子的人都会半路留下一句“再见，再也不见”啦！So，也是日常生活里头再正常不过的一件事啦！例如me，在看了一点以及是看到后，就把石头、冠佑从“最让me有性幻想的男艺人排行榜”中除名了喽！,12月13日 20:34
五月天，青春这碗饭吃到撑也不会腻,12月13日 13:42
10年了还有人一起看Mayday演唱会就很好,12月13日 01:10
🎸星唱片 | 五月天 Mayday⏰2006年发行专辑🏆凭借此专辑五月天获得第十三届华语榜中榜上获得最佳乐队奖🔥￥88（📦预计12月中旬陆续到货）🔔2016年发行专辑🎉荣获第28届台湾金曲奖最佳国语专辑奖🔥￥88（📦预计12月中旬陆续到货）🎸星唱片 | 五月天 Mayday⏰2006年发行专辑🏆凭借此专辑五月天获得第十三届华语榜中榜上获得最佳乐队奖🔥￥88（📦预计12月中旬陆续到货）🔔2016年发行专辑🎉荣获第28届台湾金曲奖最佳国语专辑奖🔥￥88（📦预计12月中旬陆续到货）🎧一起聆听：⏰活动时间：12月14日-12月21日🚪任意门不是门，而是不忘初心的意念与想念。,12月14日 15:30
人生海海,12月15日 16:43
这个吧，首先想到的是前不久，以及他们主唱喽！其他，就请自行联想……,12月16日 18:09
好好好想見到你｜巴黎 ｜20231207好喜歡香水中阿信的rap！好好之前聽到香水已經是2011年的JRI，不知道這次結束之後能什麼時候再聽巴黎場彌補了香港場因為螢幕問題沒有好好看到的舞美～好好好想見到你｜巴黎 ｜20231207好喜歡香水中阿信的rap！好好之前聽到香水已經是2011年的JRI，不知道這次結束之後能什麼時候再聽巴黎場彌補了香港場因為螢幕問題沒有好好看到的舞美～,12月16日 12:24
