#以色列拒绝联合国停火决议#,Query time: 2023-12-17 23:01:37
据说，打击哈马斯的行动很快会停止，地面冲突结束。（转发此图，不负责真假） ,10月31日 23:57
巴勒斯坦大使在联合国颤抖发言：请拯救生命！,10月31日 23:53
【】据西班牙《日报》网站10月30日报道，在军事地图上，东地中海眼下看起来像一个蚁丘。在加沙地带和以色列海岸附近或通往那里的航道上，正在聚集着军舰，其数量和作战能力对于地中海来说也是罕见的。随着以色列和哈马斯的战鼓擂响，军舰的部署也在大规模进行。英 【】据西班牙《日报》网站10月30日报道，在军事地图上，东地中海眼下看起来像一个蚁丘。在加沙地带和以色列海岸附近或通往那里的航道上，正在聚集着军舰，其数量和作战能力对于地中海来说也是罕见的。随着以色列和哈马斯的战鼓擂响，军舰的部署也在大规模进行。英国、法国、意大利等国，以及尤其是美国，最近几周都在该地区部署了增援部队（两栖攻击舰、护卫舰、鱼雷艇和巡逻舰、护航舰甚至核动力航母）。,10月31日 23:39
我日，密切关注。 ,10月31日 23:31
哈馬斯是否在微博上找到存在感了？现在還真的把自己当颗葱呢！？咱们正義之師人民解放军要仿效你哈馬斯？看来哈馬斯是被微博上某些大V吹到嗨爆了！,10月31日 23:29
//:中方回应﹕汪文斌指出，各国都有自卫权，但都应遵守国际法，特别是国际人道法，保护平民安全―――,10月31日 23:27
好大儿是灯塔国，就这一点。,10月31日 23:26
拿出快两年前对大毛的雷霆手段啊！怎滴不敢治以色列？ ,10月31日 23:26
没有完成加沙地区的种族清除他们是不会停止的哪个古老民族没经历过几次存亡危机，喋喋不休用过去要挟全世界的独他们一家，歇斯底里公然声称被掷几块石头就是长期恐怖攻击的独他们一家，以为自身曾遭遇不幸就有权种族灭绝其他民族的还是独他们一家。全世界与所谓犹太千 没有完成加沙地区的种族清除他们是不会停止的哪个古老民族没经历过几次存亡危机，喋喋不休用过去要挟全世界的独他们一家，歇斯底里公然声称被掷几块石头就是长期恐怖攻击的独他们一家，以为自身曾遭遇不幸就有权种族灭绝其他民族的还是独他们一家。全世界与所谓犹太千年悲惨历史无瓜的民族占了全人类绝大多数，与犹太天主基督教信仰无关的人口也有2/3，大家要求有不必观看精神病人在联合国发疯的权利,10月31日 23:25
【！以色列持续打击约旦河西岸】据巴勒斯坦《圣城报》援引加沙地带卫生部门10月31日发布的最新消息报道称，以军对加沙地带的空袭炮击等军事行动已造成8525人死亡，其中包括3542名儿童，受伤人数达到21543人。此外据半岛电视台10月30日报道，巴勒斯坦约旦河西岸地区也已有至少1 【！以色列持续打击约旦河西岸】据巴勒斯坦《圣城报》援引加沙地带卫生部门10月31日发布的最新消息报道称，以军对加沙地带的空袭炮击等军事行动已造成8525人死亡，其中包括3542名儿童，受伤人数达到21543人。此外据半岛电视台10月30日报道，巴勒斯坦约旦河西岸地区也已有至少119人死于连日来与以军的冲突，近2000人受伤。以色列媒体10月30日曾报道称，本轮冲突已造成以色列方面1538人死亡。,10月31日 23:23
//:哈马斯为何在此时表态称愿意与以方交换双方所有被扣押人员？,10月31日 23:21
//:美国官员表态称不支持巴以此时停火背后有哪些考量？,10月31日 23:21
这样是不是以后联合国的决议都没有啥用了啊 ,10月31日 23:21
谁能赐予两个捣蛋呐作为他们其他锅噶万圣节给他的礼物，蹦沙卡拉卡！ ,10月31日 23:19
平和的语气，一字一句，停顿，重音，有力，漠然的表情，没有威胁，但是威慑力十足！！！！网友:三分高傲  七分不屑，十分强硬。为张军大使点赞[比心][比心][比心],10月31日 23:18
可是谁能告诉我文明是什么？是以色列？还是漂亮国？还是英法？请支持的人回答一下 ,10月31日 23:18
,10月31日 23:10
也门胡塞武装周二表示，他们向以色列发射导弹和无人机，以报复加沙战争，这表明中东伊朗支持的民兵武装在冲突中开辟了新战线。这个全副武装的组织说：“我们的武装部队向以色列敌方的各个目标发射了大量弹道导弹和带翼导弹以及大量无人机。”“这次行动是第三次支持我们在巴勒斯坦被压迫的兄弟，我们将 也门胡塞武装周二表示，他们向以色列发射导弹和无人机，以报复加沙战争，这表明中东伊朗支持的民兵武装在冲突中开辟了新战线。这个全副武装的组织说：“我们的武装部队向以色列敌方的各个目标发射了大量弹道导弹和带翼导弹以及大量无人机。”“这次行动是第三次支持我们在巴勒斯坦被压迫的兄弟，我们将继续用导弹和无人机进行更高质量的打击，直到以色列的侵略停止。”尽管也门叛军距离加沙1600公里，但专家警告称，在哈马斯发动突然袭击三周多后，也门叛军可能会对以色列构成威胁。,10月31日 23:07
没有大腿撑腰，他敢这么肆无忌惮吗？珍惜现有的和平年代吧，虽然不太多了…… ,10月31日 23:06
,10月31日 23:05
派维和部队去制止吧 ,10月31日 23:05
发布了头条文章：《以色列驻联合国大使佩戴黄色星章的逻辑究竟是什么？》,10月31日 23:03
巴勒斯坦大使在联合国颤抖发言：请拯救生命！,10月31日 23:02
我反正不相信，以前要给中国的一个亿现在都没落实！美国驻华大使馆：我们正在作出积极努力，让更多援助卡车进入加沙，为巴勒斯坦人民运送急需的食物、水和医疗用品。这是拜登总统的首要优先事项，也是我们在该地区的外交工作重点。美国众议院议长约翰逊此前说：“预计本 我反正不相信，以前要给中国的一个亿现在都没落实！美国驻华大使馆：我们正在作出积极努力，让更多援助卡车进入加沙，为巴勒斯坦人民运送急需的食物、水和医疗用品。这是拜登总统的首要优先事项，也是我们在该地区的外交工作重点。美国众议院议长约翰逊此前说：“预计本周推进专门用于援助以色列的资金，白宫则希望国会通过1050亿美元的一整套的援助方案，用于以色列、乌克兰和台湾（台独）等。”,10月31日 23:02
不懂  联合国的意义在哪里🙃 ,10月31日 23:02
,10月31日 23:01
小霸王简直无法无天了，他爹要被拖死了！ ,10月31日 23:01
它到底哪来的勇气和底气呢？我想主要有二：一是有美国的支持。虽然美国参与达成停火决议，但是美国仍坚称以色列有自卫权，哈马斯和其他巴勒斯坦人不同。二是以色列自身强大的实力。在中东地区，以色列的军事力量和综合国力可以说是最强大的，所以他们有恃无恐，无视周围 它到底哪来的勇气和底气呢？我想主要有二：一是有美国的支持。虽然美国参与达成停火决议，但是美国仍坚称以色列有自卫权，哈马斯和其他巴勒斯坦人不同。二是以色列自身强大的实力。在中东地区，以色列的军事力量和综合国力可以说是最强大的，所以他们有恃无恐，无视周围的声音。,10月31日 22:59
以色列使馆的微博留言区才是水浅王八多了。 ,10月31日 22:59
真想全世界联合起来把以色列，日本，印度，缅甸，乌克兰，夷为平地,10月31日 22:59
战争到底带来了什么,10月31日 22:58
某非政府组织：一项新调查发现，以色列军队在 10 月 16 日对黎巴嫩南部达伊拉的袭击中不加区别地使用白磷，因此是非法的。这次袭击必须作为战争罪进行调查。补充：该组织由西方资助，此前也干过不少龌龊事，但这一次也看不下去了。,10月31日 22:56
如果加沙没有得到救助 如果不及时停火   那真的是给每个人上了一课  你强就可以为所欲为  国与国之间  个人与个人之间,10月31日 22:55
谁把他们造出来的，快点收走吧…邪恶的品种，邪恶的六芒星…犹太和盎撒可以一起移民到火星； ,10月31日 22:55
战争打起来就是因为利益，目的就为了抢夺资源，所谓的zi you/min zhu/ren quan，都是用于引战的zz幌子。全世界也就我们大甲木国强而不好战，因为甲木慈悲敦厚，历史悠久且不忘传承，上下五千年每个朝代的文明兴衰轮回，让我们懂得靠掠夺获取财富的方式，长久来看会招致灾难。上天有好生之德，让每个普 战争打起来就是因为利益，目的就为了抢夺资源，所谓的zi you/min zhu/ren quan，都是用于引战的zz幌子。全世界也就我们大甲木国强而不好战，因为甲木慈悲敦厚，历史悠久且不忘传承，上下五千年每个朝代的文明兴衰轮回，让我们懂得靠掠夺获取财富的方式，长久来看会招致灾难。上天有好生之德，让每个普通人都能修养生息，安心搞生产建设，才是长治久安，欣欣向荣的立国之本。近代山河被铁蹄践踏的苦痛经历，也让淋过雨的我们，更愿意为暴风雨中的人撑一把伞。,10月31日 22:49
理由是消灭哈马斯，解救人质。实际是占领巴勒斯坦剩余土地，把人赶到埃及，扩大以色列领土。恶魔！ ,10月31日 22:46
发布了头条文章：《纽约时报：反对声日益，拜登难以继续毫无保留的支持以色列》 ：美国的官员们也意识到，为以色列赢得更多外交支持已经几乎成为不可能的事情。随着丧生的巴勒斯坦人越来越多，世界各国——尤其是全球南方国家——只会走向反对以色列和美国的立场。发布了头条文章：《纽约时报：反对声日益，拜登难以继续毫无保留的支持以色列》 ：美国的官员们也意识到，为以色列赢得更多外交支持已经几乎成为不可能的事情。随着丧生的巴勒斯坦人越来越多，世界各国——尤其是全球南方国家——只会走向反对以色列和美国的立场。,10月31日 22:45
放原子弹吧 ,10月31日 22:44
联合国已经成了一个为虎作伥的机构。而不是一个维护正义的机构。以色列被袭击的时候，不说话，没有任何对策。以色利反击，就要停火。这种机构，早就该取消了。 ,10月31日 22:36
【以色列称不会在加沙地带停火】以色列总理内塔尼亚胡30日表示，加沙战争停火后果危险，相当于以色列向哈马斯投降。他呼吁国际社会支持以色列的军事行动。他说：“呼吁停火就是要求以色列向哈马斯投降，向恐怖主义投降，向野蛮投降，这是不可能的。”（参考消息）【以色列称不会在加沙地带停火】以色列总理内塔尼亚胡30日表示，加沙战争停火后果危险，相当于以色列向哈马斯投降。他呼吁国际社会支持以色列的军事行动。他说：“呼吁停火就是要求以色列向哈马斯投降，向恐怖主义投降，向野蛮投降，这是不可能的。”（参考消息）,10月31日 22:36
【以色列称不会在加沙地带停火】以色列总理内塔尼亚胡30日表示，加沙战争停火后果危险，相当于以色列向哈马斯投降。他呼吁国际社会支持以色列的军事行动。他说：“呼吁停火就是要求以色列向哈马斯投降，向恐怖主义投降，向野蛮投降，这是不可能的。”（参考消息）【以色列称不会在加沙地带停火】以色列总理内塔尼亚胡30日表示，加沙战争停火后果危险，相当于以色列向哈马斯投降。他呼吁国际社会支持以色列的军事行动。他说：“呼吁停火就是要求以色列向哈马斯投降，向恐怖主义投降，向野蛮投降，这是不可能的。”（参考消息）,10月31日 22:35
，并继续展示轰炸加沙的炸弹。在美国等国的纵容支持下，以色列已经完全肆无忌惮了。,10月31日 22:35
疯子，以色列,10月31日 22:35
咩 ,10月31日 22:35
飒！“爽哥在国际服杀疯了！”！这几乎是怼脸骂：老子今天给你脸了是吧！,10月31日 22:34
建议联合国大会提案：以色列对巴勒斯坦居民实施的轰炸行为是种族灭绝。,10月31日 22:33
像以色列这种遵循极端宗教主义思想理念的国家，必须实现无核化，不然它炸完加沙以后，你根本不知道它明天会不会往纽约的联合国总部大厦扔核弹。现在人类通过数十年的共同努力，建立起的脆弱秩序和相对和平，在以色列屠杀加沙妇女儿童的一己之力下几近崩塌，我们一方面严厉谴责以色列的暴力和恐怖行为， 像以色列这种遵循极端宗教主义思想理念的国家，必须实现无核化，不然它炸完加沙以后，你根本不知道它明天会不会往纽约的联合国总部大厦扔核弹。现在人类通过数十年的共同努力，建立起的脆弱秩序和相对和平，在以色列屠杀加沙妇女儿童的一己之力下几近崩塌，我们一方面严厉谴责以色列的暴力和恐怖行为，另一方面为人类文明的未来发展感到深深的忧虑。,10月31日 22:29
和平从来不是人类的主流，地球从恒古之初就是弱肉强食，只有更强，才能不受人刀俎。但这一切都不影响保护弱小呼吁道义，维护公平与正义。 ,10月31日 22:29
天天炸医院还说别人是恐怖分子，犹太人真的不要脸,10月31日 22:28
这个反人类的存在 简直了 ,10月31日 22:23
飒！“爽哥在国际服杀疯了！”！这几乎是怼脸骂：老子今天给你脸了是吧！,10月31日 22:21
犹太人伪善的面貌真正显露了出来。 ,10月31日 22:20
有谁知道以色列的国土是从谁哪里夺来的 ？ ,10月31日 22:20
商人不做赔本的买卖，犹太人有优秀的经商天赋，所以，他不停火肯定是能从中获利。,10月31日 22:16
“上天欲其灭亡，必先令其疯狂。”以色列就按照这个情况走下去吧 ,10月31日 22:14
🩸 巴以视频每次发两个就不想更了，太惨，且数量也多，很多也会被和谐，不知道加沙地带的难民何时才能行来属于自己的平安。（看到一个父亲教导十多岁的孩子，叫他不能哭，坚强起来像个男人一样去战斗）,10月31日 22:09
看的揪心，用禽兽形容他们，都是对这两个字的侮辱。又一天，又不知道多少人去世，又是无能为力的一天，如果输了，是不是连正义也输掉的呢。祈祷，不要有过多死亡，如果不可避免的有，请不要痛苦。 ,10月31日 22:07
赵高的干儿子非要指鹿为马、烧伤抢掠，赵高和狗腿子们指天画地夸他干儿子新披的反恐大白袍可真鲜亮，还见人都要逼着夸他们这大假袍子，不许其他人说任何有异议的话。这还没成历史呢，赵高们当代就开始满口胡言任意编造了？？ ,10月31日 22:04
这次事件看来，联合国有个屁用，人家强大不鸟就是不鸟你，全世界的人都在看着人种灭绝，没有一个是真正的去帮助它 ,10月31日 22:03
【以色列称不会在加沙地带停火】以色列总理内塔尼亚胡30日表示，加沙战争停火后果危险，相当于以色列向哈马斯投降。他呼吁国际社会支持以色列的军事行动。他说：“呼吁停火就是要求以色列向哈马斯投降，向恐怖主义投降，向野蛮投降，这是不可能的。”（参考消息） 【以色列称不会在加沙地带停火】以色列总理内塔尼亚胡30日表示，加沙战争停火后果危险，相当于以色列向哈马斯投降。他呼吁国际社会支持以色列的军事行动。他说：“呼吁停火就是要求以色列向哈马斯投降，向恐怖主义投降，向野蛮投降，这是不可能的。”（参考消息）,10月31日 22:02
"德润乌拉特:“因为自己淋过雨,所以总想替别人撑把伞。以色列:因为自己淋过雨，所以要把这水烧的滚烫，泼向一切可以泼的人这样的思路才是流浪的根源吧。",10月31日 22:00
据称来自特拉维夫的镜头显示了几次撞击，因为在加沙的最后一次火箭弹袭击中，铁穹并未被激活。以色列首都遭到炮火袭击。,10月31日 21:59
🇾🇪🇮🇱 “我们随即就来” 也门胡塞武装媒体发布这两张海报，表示已经做好对抗内塔尼亚胡政权的战争的准备。,10月31日 21:59
加沙哈马斯之丰田皮卡有战场就有丰田车。中东河泥涂装不需要任何油漆和等待时间，而且会随着气温的变化而变色（逐渐干燥）。隐蔽属性+50%,10月31日 21:57
🇮🇱🇵🇸 今日以色列对贾巴利亚的空袭摧毁了几栋住宅楼，至少50人遇难,10月31日 21:55
//:兔子：打架是不对的，小朋友不应该打架啊……什么？？我劝过架啦，他们不听我也没办法。,10月31日 21:52
图一图二是以色列儿童学习如何使用枪支。图三图四是巴勒斯坦儿童扔石头砸坦克。 ,10月31日 21:49
这些玩意埋冤人家那谁当年要那样对犹太人吗，越看越生气，他们怎么这样自私自利不顾别人死活 ,10月31日 21:47
你们不会知道什么是战争。若想解决战争，必先陷入战争。 ,10月31日 21:46
md，联合国你平时的气场呢 ,10月31日 21:45
灭掉以色列，中东能消停好些时候 ,10月31日 21:44
 好不容易找到借口，怎么会轻易停火。 ,10月31日 21:43
不停火，那停火决议如何落实？维和部队的职责，适不适合扩展扩展？没人执行的决议，是不是空谈？ ,10月31日 21:40
“巴以冲突循环往复的根源在于巴勒斯坦领土长期被非法占领，巴勒斯坦人民独立建国的权利被长期忽视，巴勒斯坦民众的基本权利长期没有得到根本保障，这一历史不公不应再继续下去了。” ,10月31日 21:40
悲哀！ ,10月31日 21:37
【，中方回应】10月31日，外交部发言人汪文斌主持例行记者会。有记者提问，在联合国大会紧急特别会议28日高票通过巴以局势决议后，以色列方面表示坚决拒绝联合国要求加沙地带停火的决议。以常驻联合国代表将这一决议称作“耻辱”，称以色列 【，中方回应】10月31日，外交部发言人汪文斌主持例行记者会。有记者提问，在联合国大会紧急特别会议28日高票通过巴以局势决议后，以色列方面表示坚决拒绝联合国要求加沙地带停火的决议。以常驻联合国代表将这一决议称作“耻辱”，称以色列将继续捍卫自己。中方对此有何评论？汪文斌表示，本次联大决议呼吁立即实现持久的人道主义休战，停止敌对行动，要求各方遵守国际法，保护平民，呼吁撤销加沙地带北部紧急疏散令，反对强行迁移巴勒斯坦平民，这反映出绝大多数国家的强烈呼声。“巴以冲突循环往复的根源在于巴勒斯坦领土长期被非法占领，巴勒斯坦人民独立建国的权利被长期忽视，巴勒斯坦民众的基本权利长期没有得到根本保障，这一历史不公不应再继续下去了。”汪文斌说。汪文斌指出，各国都有自卫权，但都应遵守国际法，特别是国际人道法，保护平民安全。每一条生命都是珍贵的，巴勒斯坦人民的生命和其他国家人民的生命一样都应当得到保护。当务之急是全面落实联大决议，停火止暴，避免局势进一步恶化，防止出现更大的人道主义灾难。“历史证明，武力无法带来持久和平，以暴易暴只会陷入冤冤相报的恶性循环。”汪文斌说，只有秉持共同安全理念，才能实现可持续安全，只有遵守国际法，才能保障国际公平与正义，只有坚持政治解决方向，才能彻底解决各方合理安全关切。解决巴勒斯坦问题的根本出路在于落实“两国方案”，实现巴勒斯坦和以色列和平共处。中方将继续为推动巴勒斯坦问题早日得到全面公正持久解决作出不懈努力。（观察者网）,10月31日 21:34
无视联合国，无视世界人民，与全世界为敌，结果全世界也只有看着的份 ,10月31日 21:33
摩洛哥，民众集会声援巴勒斯坦……,10月31日 21:32
在以色列眼里，所有阿拉伯国家都是恐怖分子。以色列前军官：加沙所有平民都是恐怖分子。,10月31日 21:32
步步为营？以色列72小时推进3.5公里，与哈马斯在加沙外围交火,10月31日 21:30
以色列太狂了，狂妄导致盲目。一旦世界形成遏止犹太复国主义的潮流，欧美对以色列不再能明目张胆对支援的时候，以色列就会变成棋盘，欧美、伊朗、土耳其、俄罗斯等势力下棋的棋盘，跟叙利亚一样。棋手甚至还有埃及和沙特。注意，土耳其和伊朗都具有单手灭以色列的能力。 以色列太狂了，狂妄导致盲目。一旦世界形成遏止犹太复国主义的潮流，欧美对以色列不再能明目张胆对支援的时候，以色列就会变成棋盘，欧美、伊朗、土耳其、俄罗斯等势力下棋的棋盘，跟叙利亚一样。棋手甚至还有埃及和沙特。注意，土耳其和伊朗都具有单手灭以色列的能力。近期对以色列最严厉的就是伊朗、土耳其、黎巴嫩。,10月31日 21:30
看样子要地才是目的，如果不停火，中东几个国家会不会介入呢？死亡都快一万人了，巴勒斯坦真够惨的！,10月31日 21:30
说实话联合国感觉好像也没啥用，对联合国印象最深的就是安南和潘基文！ ,10月31日 21:29
（新浪热点） ,10月31日 21:29
你们也在很积极地向以色列提供武器。,10月31日 21:27
//:阿拉伯国家不团结，给以色列锡安主义狂徒可乘之机，反而是波斯人站出来怼以色列，阿拉伯国家真是丢人！,10月31日 21:24
再见十月！惜福和平生活！ ,10月31日 21:23
。。。。。。 ,10月31日 21:23
阿拉伯媒体发布的加沙地带哈马斯武装组织建的隧道工事图片，有地道战的味道。,10月31日 21:22
以色列好不容易找到理由搞加沙地区，只能说以色列会手段尽出，真就是把恃强凌弱表现的淋漓尽致。,10月31日 21:22
"太忘恩负义了！典型的农夫与蛇！现实版。人类以后要学会与人打交道了！跟畜牲不能打！翻脸不认人。真是应了一句老话：不识货,一时穷;不识人,一世苦！！！ ",10月31日 21:22
聯合國淪為擺設，或者這樣說西方國家，須要制裁敵對國家時候，就會說聯合國決議一定要遵守！輸打贏要！,10月31日 21:19
以色列军方发布了在加沙地面行动的新视频，它们真接向民用车辆和目标开炮。,10月31日 21:16
//:兔子：打架是不对的，小朋友不应该打架啊……什么？？我劝过架啦，他们不听我也没办法。,10月31日 21:16
真正的战争，都是先断电、断水、断粮，现在是，以前也是，不这样没人怕。//:“谁没有水、电力和食物？”以色列极 端分子在庆祝对加沙的侵略，以色列这种行为是要成为全世界的公敌！！！,10月31日 21:15
事态越来越脱缰的架势。图1，美国的穆斯林也强硬起来了：不停火，没选票！— 阿拉伯世界领头羊们冷眼旁观，发点吃的喝的给救援组织，做些姿态便敷衍了事；— 伊朗打嘴仗，却实力不足；— 从以色列的作战计划看得出他们决议要彻底轧平加沙，他们斥责那些“ 事态越来越脱缰的架势。图1，美国的穆斯林也强硬起来了：不停火，没选票！— 阿拉伯世界领头羊们冷眼旁观，发点吃的喝的给救援组织，做些姿态便敷衍了事；— 伊朗打嘴仗，却实力不足；— 从以色列的作战计划看得出他们决议要彻底轧平加沙，他们斥责那些“Free Palenstine”的欧美人是要帮助穆斯林把他们彻底赶出以色列，却又被质疑有野心将巴勒斯坦彻底驱逐……这又让全世界的绿旗都联合了起来。犹太人遍布世界各地，绿旗也差不多……— 欧洲被搅得乱七八糟，一边是“free Palenstine”的口号喊得震天响，一边是治安下降，本地人对政府的各种失望，人人自危；— 油价有如过山车，金融市场跟着动荡，因为谁也无法预知接下来还会发生什么，又将怎样影响大宗商品市场……图3，加沙。一只受伤的小胳膊，上面还有父母写下的Ta的名字…,10月31日 21:15
以色列，你真的疯了。你现在已经超过俄罗斯成为我心目当做21世纪世界最恶毒的国家了，没有之一。 ,10月31日 21:13
以军加沙攻略渗透区域为蓝色，以色列国防军试图突破的街道为红色。他们试图分而治之，分割整个北加沙。,10月31日 21:13
祖上冒的什么烟？？？？？这么目中无人！ ,10月31日 21:11
奥莉·卢克和她的丈夫威尔弗里德·盖尔对10月中旬的会面持着严厉的批评态度：“不幸的是我们仍有这种感觉，德国外交部、大使和总理确实没有支持我们，以及所有的家庭，他们只是在利用这个话题在媒体上露面，为自己谋私利。”他们在一份声明中是这样讲的。但是他们也说，抱怨是没有意义的。“我们希望在以 奥莉·卢克和她的丈夫威尔弗里德·盖尔对10月中旬的会面持着严厉的批评态度：“不幸的是我们仍有这种感觉，德国外交部、大使和总理确实没有支持我们，以及所有的家庭，他们只是在利用这个话题在媒体上露面，为自己谋私利。”他们在一份声明中是这样讲的。但是他们也说，抱怨是没有意义的。“我们希望在以色列的这场毫无意义的战争，以及其他所有战争，能够尽快停止。”其他人质家属也已与德国政府取得联系并施压，德国政府必须利用一切可用渠道要求哈马斯立即释放所有德国国民。【,10月31日 21:08
-短暂的不见并不是消失-是去为生活而奋斗了-我在没有选择的时候-总是选择了坚持到底-面对人生各个阶段的低谷期-没有放弃、没有妥协、勇敢面对-跨过后再回头看-你会发现那只是你心里的一个-很小很小的情绪而已-希望早日停火世界和平-短暂的不见并不是消失-是去为生活而奋斗了-我在没有选择的时候-总是选择了坚持到底-面对人生各个阶段的低谷期-没有放弃、没有妥协、勇敢面对-跨过后再回头看-你会发现那只是你心里的一个-很小很小的情绪而已-希望早日停火世界和平,10月31日 21:08
全球一大半的国家呼吁支持的决议，代表了这个地球上最广泛的声音，以色列居然视而不见，究其原因不外乎有个好儿子米国，但岂不闻上天欲使其灭亡，必先使其疯狂！,10月31日 21:08
哈马斯做的“旅游指南”，告诉以色列法西斯来到加沙，迎接它们的将会是什么,10月31日 21:08
以色列军队占领了贝特哈农的东北部（更确切地说，占领了它的剩余部分）。经过几个星期的大规模空袭，哈马斯激进分子和平民似乎都没有留在该地区。许多以色列国防军士兵步行进入该市，从边界步行2.7公里。【以色列军队占领了贝特哈农的东北部（更确切地说，占领了它的剩余部分）。经过几个星期的大规模空袭，哈马斯激进分子和平民似乎都没有留在该地区。许多以色列国防军士兵步行进入该市，从边界步行2.7公里。【,10月31日 21:07
,10月31日 21:07
以色列以为世界全部是他们的，我觉得世界上没必要存在以色列了,10月31日 21:04
我建议！让他的靠山直接解体吧,10月31日 21:03
说以色列那边在打仗觉得离得很远，近几天因为缅甸也起了战火导致云南部分人民受影响觉得战争离我们很近！我们不是生活在和平的年代，我们只是生活在和平的国家！ ,10月31日 21:02
【伊朗：战争扩大将让以色列“彻底毁灭”】据伊朗新闻电视台网站10月30日报道，伊朗负责政治事务的副外长警告说，如果以色列在加沙地带针对巴勒斯坦抵抗力量发动的战争进一步扩大，将导致这个政权的“彻底毁灭”。【伊朗：战争扩大将让以色列“彻底毁灭”】据伊朗新闻电视台网站10月30日报道，伊朗负责政治事务的副外长警告说，如果以色列在加沙地带针对巴勒斯坦抵抗力量发动的战争进一步扩大，将导致这个政权的“彻底毁灭”。,10月31日 21:01
它到底哪来的勇气和底气呢？我想主要有二：一是有美国的支持。虽然美国参与达成停火决议，但是美国仍坚称以色列有自卫权，哈马斯和其他巴勒斯坦人不同。二是以色列自身强大的实力。在中东地区，以色列的军事力量和综合国力可以说是最强大的，所以他们有恃无恐，无视周围 它到底哪来的勇气和底气呢？我想主要有二：一是有美国的支持。虽然美国参与达成停火决议，但是美国仍坚称以色列有自卫权，哈马斯和其他巴勒斯坦人不同。二是以色列自身强大的实力。在中东地区，以色列的军事力量和综合国力可以说是最强大的，所以他们有恃无恐，无视周围的声音。,10月31日 21:01
以色列驻华大使馆发文：以色列期待中方在官方通报中正式表明，哈马斯是恐怖组织。你在教我们做事？！！？,10月31日 21:00
如果以色列在加沙地带停火的话，那么哈马斯就有喘息的时间，那么以色列与哈马斯之间的战争不可能停止的恋奥。中国有一句古话叫做原子弹下无冤魂。 ,10月31日 21:00
这不就是赤裸裸的战争犯罪吗 ,10月31日 21:00
给它灭了得了 ,10月31日 21:00
伊朗净说大实话，如果真的战事扩大，那最先遭殃的肯定是以色列，有句话不说的好嘛，双拳难敌四手，火箭弹全覆盖，也够以色列喝一壶的。话说最近全球焦点都放在美国的小心肝以色列身上了，泽连斯基被甩在一边，听说小泽都开始骂娘希匹 伊朗净说大实话，如果真的战事扩大，那最先遭殃的肯定是以色列，有句话不说的好嘛，双拳难敌四手，火箭弹全覆盖，也够以色列喝一壶的。话说最近全球焦点都放在美国的小心肝以色列身上了，泽连斯基被甩在一边，听说小泽都开始骂娘希匹了,10月31日 20:59
一个傲慢和只会剥削他国的以色列，多少人会喜欢，又有多少人会排斥，虽然以色列不代表犹太人，但犹太正义者们更得站出来反对以色列，这是对犹太人最大的保护。历史证明，让犹太人悲惨的是犹太人自己。 ,10月31日 20:59
哈哈,10月31日 20:58
战争，是政客的较量，是商人的赌注，是平民的灾难！战争一旦结束，政客们握手言和，商人赚得盆满钵满，然而平民却家破人亡！,10月31日 20:58
两个宗教极端势力相互火并，不是一件好事儿吗？ ,10月31日 20:57
只可嘆息！,10月31日 20:56
这联合国，有什么用？ ,10月31日 20:56
那就干 ,10月31日 20:56
都2023年了啊！还有灭国灭种族的事发生啊！联合国就是个摆设，给漂亮国开的吧 ,10月31日 20:55
burn them all！！！！！！！！！！！！！！！！！！！！！！！！！！！！！！！！！！！！！！！！！！！！！！！！！！！！！！！！！！！！！！！！！！！！！！！！！！！！！！！！！！！！！！！！！！！！！！！！！！！！！！！！！！！！！！！！！！！！！！！ ,10月31日 20:55
疯 ,10月31日 20:55
以色列跟美国一样在搞种族灭绝！帮以色列说话的都是畜生,10月31日 20:55
突入加沙地带的以军装甲部队 ,10月31日 20:54
看看战争下受苦难的加沙儿童吧他们才刚来这个世界，就要遭遇有的人一辈子没遇到过的苦难，凭什么这么对他们啊太残忍了吧同为人类，为什么要自己人伤害自己人…,10月31日 20:54
疯狗，真疯狗 ,10月31日 20:52
这个国家必须要阿拉伯国家联合起来，给大炮钉在脑门上就老实了 ,10月31日 20:51
安理会上英美态度明显 人家有后门啊,10月31日 20:51
沃日，这个小国不在乎外交形象，也不在乎国际影响。真是糟糕的家伙,10月31日 20:50
战争受伤的永远是无辜的人 ,10月31日 20:50
太猖狂了，联合国的决议都不听了，当然，不听的还有漂亮国。这次漂亮国一直投反对票，也是助长了他们的嚣张气焰～,10月31日 20:50
所以联合国有啥鸟用？联合国相当于君子协定，只要不君子，其他的都是浮云 ,10月31日 20:50
【以色列称不会在加沙地带停火】以色列总理内塔尼亚胡30日表示，加沙战争停火后果危险，相当于以色列向哈马斯投降。他呼吁国际社会支持以色列的军事行动。他说：“呼吁停火就是要求以色列向哈马斯投降，向恐怖主义投降，向野蛮投降，这是不可能的。”（湖北日报）【以色列称不会在加沙地带停火】以色列总理内塔尼亚胡30日表示，加沙战争停火后果危险，相当于以色列向哈马斯投降。他呼吁国际社会支持以色列的军事行动。他说：“呼吁停火就是要求以色列向哈马斯投降，向恐怖主义投降，向野蛮投降，这是不可能的。”（湖北日报）,10月31日 20:49
“对不起，过去24小时里我们经历了很多事。电只来了30分钟，我们家有30个人，都靠这一个电池。日落时分，天快要黑了，以色列轰炸了我最好的朋友（也是我的邻居）的家。朋友和丈夫、孩子去了医院，逃过一劫，但她的妈妈和妹妹都死了，丈夫的父亲也死了。那个妹妹才17岁，刚刚 “对不起，过去24小时里我们经历了很多事。电只来了30分钟，我们家有30个人，都靠这一个电池。日落时分，天快要黑了，以色列轰炸了我最好的朋友（也是我的邻居）的家。朋友和丈夫、孩子去了医院，逃过一劫，但她的妈妈和妹妹都死了，丈夫的父亲也死了。那个妹妹才17岁，刚刚通过巴勒斯坦高考，她特别聪明，以后想做一个医生。”“就在刚刚！又一次空袭！你看，这就是我们的处境！就连这种（轻松的）时刻都要被毁掉！大家都很害怕，刚才那次空袭很厉害！”“加沙已经没有安全的地方了。人们迷失了方向，他们只是从一个地方跑到另一个地方，因为他们认为这样会更安全。”“用衣服做绷带，包住大面积烧伤处；用商店里买来的食用醋做消毒剂；用缝衣针做手术针。由于没有足够的抗生素，他无法为严重细菌感染的患者提供完整的治疗，只能开一些药片。”医疗系统已经濒临崩溃。自10月7日起，巴勒斯坦伊斯兰抵抗运动（哈马斯）和以色列之间爆发大规模战争，目前已导致双方超过9800人死亡。加沙卫生部门表示，加沙地带死亡人数超过8306人。过去75年历史里，冲突和战争一直是加沙地带的常态。近10年来，在以色列的封锁和哈马斯治理下的加沙经济濒临崩溃，却因中东热点转移、巴以冲突被国际社会边缘化，出现了罕见的“平静”状态。生活在加沙的人们得到一点喘息机会，开始在夹缝中规划自己的未来。这次大规模战争打破了短暂的“平静”，让脆弱的加沙几乎走向崩溃，也击碎了普通人对未来的微小希望。（作者：吴淑斌 程靖）,10月31日 20:48
以色列跟着小日本一起滚出地球 ,10月31日 20:48
联合国已经是一个摆设了吗，一点话语权也没有了,10月31日 20:48
战争真的太残忍了 为什么不同意停火啊,10月31日 20:48
联合国都没有权威性吗,10月31日 20:48
🇮🇱真牛逼,10月31日 20:47
巴勒斯坦救护车上，医护人员抱着一名婴儿逗乐，逗着逗着，突然黯然泪下。我曾在电影《南京！南京！》中看到这么一幕，范伟饰演的唐天祥，在临刑时坦然的对着角川正雄说：“我的太太又怀孕了。”面临亡国灭种的威胁之下，任何一个人，都会对本民族的孩子迸发出强烈的、悲壮的情绪。巴勒斯坦人民 巴勒斯坦救护车上，医护人员抱着一名婴儿逗乐，逗着逗着，突然黯然泪下。我曾在电影《南京！南京！》中看到这么一幕，范伟饰演的唐天祥，在临刑时坦然的对着角川正雄说：“我的太太又怀孕了。”面临亡国灭种的威胁之下，任何一个人，都会对本民族的孩子迸发出强烈的、悲壮的情绪。巴勒斯坦人民，是杀不完的。,10月31日 20:47
不停火，还不是为了钱，为了私利，作恶多端！为所欲为！看你们的傲慢可以凌驾于世人多久！！！就不信你们！出了三界外，不在五行中了！出不了自然规律的！恶有恶报！ ,10月31日 20:47
以色列真是反人类,10月31日 20:47
我看着你们狗咬狗还不行吗？ ,10月31日 20:47
尽情的表演！以色列代表称将一直佩戴黄色六角星，直到联合国谴责哈马斯并立即释放人质。,10月31日 20:46
He looks like a sociopath. ,10月31日 20:46
先动手的人，没有说停的权利。就这么简单。日本侵华，不是日本想不打就不打了，停不停中国说了算。 ,10月31日 20:46
以色列前驻意大利大使德罗尔·埃达尔表示，以色列对于理性的巴勒斯坦谈判不感兴趣，只有一个目的，就是摧毁加沙。,10月31日 20:46
芝加哥出现巨幅广告牌：今年没有万圣节，因为现实太恐怖了！,10月31日 20:46
以色列或许可以赢得这场战争，但一定会失去未来，失去全世界爱好和平和正义的民心，自作孽不可活。 ,10月31日 20:45
杀疯了！内塔尼亚胡疯了！“历史证明，武力无法带来持久和平，以暴易暴只会陷入冤冤相报的恶性循环。” ,10月31日 20:45
做的对，少特么装好人卖情怀 ,10月31日 20:45
马上第六次战役了吧,10月31日 20:44
就作吧！平民太惨了！ ,10月31日 20:43
向哪发展？ ,10月31日 20:43
不给发送，发图片不停火将输的一败涂地！！！ ,10月31日 20:42
但凡有一点人性都说不出这种话！,10月31日 20:42
你们才是恐怖分子,10月31日 20:42
搞什么啊  以色列狂妄到这个地步了吗？？能不能管管了,10月31日 20:42
美方这次要被拖下水，以方真牛逼 ,10月31日 20:42
6 ,10月31日 20:41
【外交部发言人：中方将为推动巴勒斯坦问题早日全面公正持久解决不懈努力】10月31日，外交部发言人汪文斌表示，解决巴勒斯坦问题的根本出路在于落实“两国方案”，实现巴勒斯坦和以色列和平共处。中方将继续为推动巴勒斯坦问题早日得到全面公正持久解决作出不懈努力。当日例行记者会上，有记者问：在 【外交部发言人：中方将为推动巴勒斯坦问题早日全面公正持久解决不懈努力】10月31日，外交部发言人汪文斌表示，解决巴勒斯坦问题的根本出路在于落实“两国方案”，实现巴勒斯坦和以色列和平共处。中方将继续为推动巴勒斯坦问题早日得到全面公正持久解决作出不懈努力。当日例行记者会上，有记者问：在联合国大会紧急特别会议日前高票通过巴以局势决议后，以色列方面表示坚决拒绝联合国要求加沙地带停火的决议。以常驻联合国代表将这一决议称作“耻辱”，称以色列将继续捍卫自己。中方对此有何评论？汪文斌表示，本次联大决议呼吁立即实现持久的人道主义休战，停止敌对行动，要求各方遵守国际法，保护平民，呼吁撤销加沙地带北部紧急疏散令，反对强行迁移巴勒斯坦平民，这反映出绝大多数国家的强烈呼声。“巴以冲突循环往复的根源在于巴勒斯坦领土长期被非法占领，巴勒斯坦人民独立建国的权利被长期忽视，巴勒斯坦民众的基本权利长期没有得到根本保障。这一历史不公不应再继续下去了!”汪文斌说。汪文斌强调，各国都有自卫权，但都应遵守国际法特别是国际人道法，保护平民安全。每一条生命都是珍贵的。巴勒斯坦人民的生命和其他国家人民的生命一样，也应得到保护。当务之急是全面落实联大决议，停火止暴，避免局势进一步恶化，防止出现更大的人道主义灾难。“历史证明，武力无法带来持久和平，以暴易暴只会陷入冤冤相报的恶性循环。只有秉持共同安全理念才能实现可持续安全，只有遵守国际法才能保障国际公平与正义，只有坚持政治解决方向才能彻底解决各方合理安全关切。”汪文斌说，解决巴勒斯坦问题的根本出路在于落实“两国方案”，实现巴勒斯坦和以色列和平共处。“中方将继续为推动巴勒斯坦问题早日得到全面公正持久解决作出不懈努力。”他说。（新华社）,10月31日 20:41
【，中方回应】,10月31日 20:41
以色列总理：以色列不会在加沙地带停火,10月31日 20:41
哈？这段时间我总感觉以色列是世界霸主的感觉……我真服了 ,10月31日 20:40
外交部发言人汪文斌的发言很好，说明了我国主张地区和平的愿望，希望巴以双方能够停止交火，保护平民不受到伤害，这些天来的冲突交火，已经使得巴以双方遭受数千人死亡的灾难损失，尤其是加沙地区，基础设施功能几乎被轰炸殆尽，直接影响平民生存。希望双方以人道主义精神，放下冲突，回到谈判和谈上来 外交部发言人汪文斌的发言很好，说明了我国主张地区和平的愿望，希望巴以双方能够停止交火，保护平民不受到伤害，这些天来的冲突交火，已经使得巴以双方遭受数千人死亡的灾难损失，尤其是加沙地区，基础设施功能几乎被轰炸殆尽，直接影响平民生存。希望双方以人道主义精神，放下冲突，回到谈判和谈上来。另外，联合国也正在促进联合国决议实施，希望以色列听取决议内容，以和平方式解决巴以冲突。以色列拒绝联合国停火决议是不当表态，不要为不理智行为，失去重建和平关系的机会，现在是联合国在解决争端问题，对两方面都有好处，单方面拒绝联大决议，将会失去很多利益。,10月31日 20:40
U1S1，一会儿谴责联合国，一会儿警告俄罗斯，一会儿又给中国提要求，感觉以色列有点飘。 ,10月31日 20:40
【以色列拒绝联合国要求加沙地带停火的决议，中方表态】10月31日，外交部发言人汪文斌主持例行记者会。有记者提问，在联合国大会紧急特别会议28日高票通过巴以局势决议后，以色列方面表示坚决拒绝联合国要求加沙地带停火的决议。以常驻联合国代表将这一决议称作“耻辱”， 【以色列拒绝联合国要求加沙地带停火的决议，中方表态】10月31日，外交部发言人汪文斌主持例行记者会。有记者提问，在联合国大会紧急特别会议28日高票通过巴以局势决议后，以色列方面表示坚决拒绝联合国要求加沙地带停火的决议。以常驻联合国代表将这一决议称作“耻辱”，称以色列将继续捍卫自己。中方对此有何评论？汪文斌表示，本次联大决议呼吁立即实现持久的人道主义休战，停止敌对行动，要求各方遵守国际法，保护平民，呼吁撤销加沙地带北部紧急疏散令，反对强行迁移巴勒斯坦平民，这反映出绝大多数国家的强烈呼声。“巴以冲突循环往复的根源在于巴勒斯坦领土长期被非法占领，巴勒斯坦人民独立建国的权利被长期忽视，巴勒斯坦民众的基本权利长期没有得到根本保障，这一历史不公不应再继续下去了。”汪文斌说。汪文斌指出，各国都有自卫权，但都应遵守国际法，特别是国际人道法，保护平民安全。每一条生命都是珍贵的，巴勒斯坦人民的生命和其他国家人民的生命一样都应当得到保护。当务之急是全面落实联大决议，停火止暴，避免局势进一步恶化，防止出现更大的人道主义灾难。“历史证明，武力无法带来持久和平，以暴易暴只会陷入冤冤相报的恶性循环。”汪文斌说，只有秉持共同安全理念，才能实现可持续安全，只有遵守国际法，才能保障国际公平与正义，只有坚持政治解决方向，才能彻底解决各方合理安全关切。解决巴勒斯坦问题的根本出路在于落实“两国方案”，实现巴勒斯坦和以色列和平共处。中方将继续为推动巴勒斯坦问题早日得到全面公正持久解决作出不懈努力。,10月31日 20:40
？ ,10月31日 20:39
【，中方回应】10月31日，外交部发言人汪文斌主持例行记者会。有记者提问，在联合国大会紧急特别会议28日高票通过巴以局势决议后，以色列方面表示坚决拒绝联合国要求加沙地带停火的决议。以常驻联合国代表将这一决议称作“耻辱”，称以色列 【，中方回应】10月31日，外交部发言人汪文斌主持例行记者会。有记者提问，在联合国大会紧急特别会议28日高票通过巴以局势决议后，以色列方面表示坚决拒绝联合国要求加沙地带停火的决议。以常驻联合国代表将这一决议称作“耻辱”，称以色列将继续捍卫自己。中方对此有何评论？汪文斌表示，本次联大决议呼吁立即实现持久的人道主义休战，停止敌对行动，要求各方遵守国际法，保护平民，呼吁撤销加沙地带北部紧急疏散令，反对强行迁移巴勒斯坦平民，这反映出绝大多数国家的强烈呼声。（观察者网）,10月31日 20:39
【，中方回应】10月31日，外交部发言人汪文斌主持例行记者会。有记者提问，在联合国大会紧急特别会议28日高票通过巴以局势决议后，以色列方面表示坚决拒绝联合国要求加沙地带停火的决议。以常驻联合国代表将这一决议称作“耻辱”，称以色列 【，中方回应】10月31日，外交部发言人汪文斌主持例行记者会。有记者提问，在联合国大会紧急特别会议28日高票通过巴以局势决议后，以色列方面表示坚决拒绝联合国要求加沙地带停火的决议。以常驻联合国代表将这一决议称作“耻辱”，称以色列将继续捍卫自己。中方对此有何评论？汪文斌表示，本次联大决议呼吁立即实现持久的人道主义休战，停止敌对行动，要求各方遵守国际法，保护平民，呼吁撤销加沙地带北部紧急疏散令，反对强行迁移巴勒斯坦平民，这反映出绝大多数国家的强烈呼声。“巴以冲突循环往复的根源在于巴勒斯坦领土长期被非法占领，巴勒斯坦人民独立建国的权利被长期忽视，巴勒斯坦民众的基本权利长期没有得到根本保障，这一历史不公不应再继续下去了。”汪文斌说。汪文斌指出，各国都有自卫权，但都应遵守国际法，特别是国际人道法，保护平民安全。每一条生命都是珍贵的，巴勒斯坦人民的生命和其他国家人民的生命一样都应当得到保护。当务之急是全面落实联大决议，停火止暴，避免局势进一步恶化，防止出现更大的人道主义灾难。“历史证明，武力无法带来持久和平，以暴易暴只会陷入冤冤相报的恶性循环。”汪文斌说，只有秉持共同安全理念，才能实现可持续安全，只有遵守国际法，才能保障国际公平与正义，只有坚持政治解决方向，才能彻底解决各方合理安全关切。解决巴勒斯坦问题的根本出路在于落实“两国方案”，实现巴勒斯坦和以色列和平共处。中方将继续为推动巴勒斯坦问题早日得到全面公正持久解决作出不懈努力。（观察者网）,10月31日 20:39
这就是现在的加沙，很多平民被找到的时候已经死亡。,10月31日 20:39
【】犹太人在二战以来营造的受害者形象已经在他们对巴勒斯坦的狂轰滥炸中荡然无存。相反，大家纷纷反思：为啥欧洲人千百年来一直都不喜欢犹太人呢？ ,10月31日 20:39
所以，以色列之心，不仅是巴勒斯坦，是整个中东。这是阳谋了！,10月31日 20:39
这个国家适合绝种！ ,10月31日 20:38
谁给的勇气？让他的靠山直接解体吧,10月31日 20:38
以色列在联大会议上把自己表演成了一个受害者,10月31日 20:38
【，中方回应】10月31日，外交部发言人汪文斌主持例行记者会。有记者提问，在联合国大会紧急特别会议28日高票通过巴以局势决议后，以色列方面表示坚决拒绝联合国要求加沙地带停火的决议。以常驻联合国代表将这一决议称作“耻辱”，称以色列 【，中方回应】10月31日，外交部发言人汪文斌主持例行记者会。有记者提问，在联合国大会紧急特别会议28日高票通过巴以局势决议后，以色列方面表示坚决拒绝联合国要求加沙地带停火的决议。以常驻联合国代表将这一决议称作“耻辱”，称以色列将继续捍卫自己。中方对此有何评论？汪文斌表示，本次联大决议呼吁立即实现持久的人道主义休战，停止敌对行动，要求各方遵守国际法，保护平民，呼吁撤销加沙地带北部紧急疏散令，反对强行迁移巴勒斯坦平民，这反映出绝大多数国家的强烈呼声。“巴以冲突循环往复的根源在于巴勒斯坦领土长期被非法占领，巴勒斯坦人民独立建国的权利被长期忽视，巴勒斯坦民众的基本权利长期没有得到根本保障，这一历史不公不应再继续下去了。”汪文斌说。汪文斌指出，各国都有自卫权，但都应遵守国际法，特别是国际人道法，保护平民安全。每一条生命都是珍贵的，巴勒斯坦人民的生命和其他国家人民的生命一样都应当得到保护。当务之急是全面落实联大决议，停火止暴，避免局势进一步恶化，防止出现更大的人道主义灾难。“历史证明，武力无法带来持久和平，以暴易暴只会陷入冤冤相报的恶性循环。”汪文斌说，只有秉持共同安全理念，才能实现可持续安全，只有遵守国际法，才能保障国际公平与正义，只有坚持政治解决方向，才能彻底解决各方合理安全关切。解决巴勒斯坦问题的根本出路在于落实“两国方案”，实现巴勒斯坦和以色列和平共处。中方将继续为推动巴勒斯坦问题早日得到全面公正持久解决作出不懈努力。（观察者网）,10月31日 20:38
此生不悔入华夏🫡来生还来种花家🫡何其有幸生在五星红旗下，长在春风里。我深知我不是活在一个和平的世界，我深知我能每天悠闲在网上冲浪吃瓜而不用担心看不看得到明天的太阳，是种花家的兔子们用他们那坚实的臂膀，给我们筑起一个和平的，幸福的家园中国共产党万 此生不悔入华夏🫡来生还来种花家🫡何其有幸生在五星红旗下，长在春风里。我深知我不是活在一个和平的世界，我深知我能每天悠闲在网上冲浪吃瓜而不用担心看不看得到明天的太阳，是种花家的兔子们用他们那坚实的臂膀，给我们筑起一个和平的，幸福的家园中国共产党万岁，新中国万岁🫡种花家的每一朵根正苗红的花朵万岁🫡,10月31日 20:37
阿拉伯国家不团结，给以色列锡安主义狂徒可乘之机，反而是波斯人站出来怼以色列，阿拉伯国家真是丢人！,10月31日 20:37
坚定支持以色列！一次性把哈马斯赶出加沙！,10月31日 20:37
【，中方回应】10月31日，外交部发言人汪文斌主持例行记者会。有记者提问，在联合国大会紧急特别会议28日高票通过巴以局势决议后，以色列方面表示坚决拒绝联合国要求加沙地带停火的决议。以常驻联合国代表将这一决议称作“耻辱”，称以色列 【，中方回应】10月31日，外交部发言人汪文斌主持例行记者会。有记者提问，在联合国大会紧急特别会议28日高票通过巴以局势决议后，以色列方面表示坚决拒绝联合国要求加沙地带停火的决议。以常驻联合国代表将这一决议称作“耻辱”，称以色列将继续捍卫自己。中方对此有何评论？汪文斌表示，本次联大决议呼吁立即实现持久的人道主义休战，停止敌对行动，要求各方遵守国际法，保护平民，呼吁撤销加沙地带北部紧急疏散令，反对强行迁移巴勒斯坦平民，这反映出绝大多数国家的强烈呼声。“巴以冲突循环往复的根源在于巴勒斯坦领土长期被非法占领，巴勒斯坦人民独立建国的权利被长期忽视，巴勒斯坦民众的基本权利长期没有得到根本保障，这一历史不公不应再继续下去了。”汪文斌说。汪文斌指出，各国都有自卫权，但都应遵守国际法，特别是国际人道法，保护平民安全。每一条生命都是珍贵的，巴勒斯坦人民的生命和其他国家人民的生命一样都应当得到保护。当务之急是全面落实联大决议，停火止暴，避免局势进一步恶化，防止出现更大的人道主义灾难。“历史证明，武力无法带来持久和平，以暴易暴只会陷入冤冤相报的恶性循环。”汪文斌说，只有秉持共同安全理念，才能实现可持续安全，只有遵守国际法，才能保障国际公平与正义，只有坚持政治解决方向，才能彻底解决各方合理安全关切。解决巴勒斯坦问题的根本出路在于落实“两国方案”，实现巴勒斯坦和以色列和平共处。中方将继续为推动巴勒斯坦问题早日得到全面公正持久解决作出不懈努力。（观察者网）,10月31日 20:36
吗呀 联合国已经是一个摆设了吗，一点话语权也没有了,10月31日 20:36
作孽啊！人做的事它是一点都不做 ,10月31日 20:35
以色列空军官方账号，说拦截了红海方向飞来的地对地导弹。。。。,10月31日 20:35
好吧…不装了，摊牌了… ,10月31日 20:34
以色列违反联合国决议，持续攻击加沙并发动地面战争，有国家会制裁以色列吗？,10月31日 20:34
,10月31日 20:34
【但凡有一点人性都说不出这种话！】10月30日，一名以色列男子在节目中称：加沙没有无辜者，只有250万恐怖分子,10月31日 20:34
“历史证明，武力无法带来持久和平，以暴易暴只会陷入冤冤相报的恶性循环。”疯狂只会让自己走向灭亡。 ,10月31日 20:33
啊所以，拒绝了也不能把它怎么样呗 ,10月31日 20:33
这才是真正的恐怖分子，没有一点人道主义。 ,10月31日 20:33
愿世界和平 ,10月31日 20:32
美国男子威胁支持以色列的美籍犹太议员，说要完成希特勒未竟事业，已经被捕。巴以局势下，欧美已经出现了“理解希特勒”这样的极端潮流。,10月31日 20:32
加沙地带边境的枪声和爆炸声，镜头显示灰尘和烟雾升起。,10月31日 20:32
联大决议确实没有强约束能力，但是并不代表联大的决议没用，这就相当于衣带诏，当你强势具有压迫力的时候这玩意没用，但需要付出极大的政治代价和资源去消弭带来的影响，可是这样的代价以色列能维持多久？一旦走向衰败，衣带诏就是一面大旗，人人得而诛之的号召，会吞没 联大决议确实没有强约束能力，但是并不代表联大的决议没用，这就相当于衣带诏，当你强势具有压迫力的时候这玩意没用，但需要付出极大的政治代价和资源去消弭带来的影响，可是这样的代价以色列能维持多久？一旦走向衰败，衣带诏就是一面大旗，人人得而诛之的号召，会吞没整个以色列，以美国为首的政治集团支持以色列，但这个带来的政治营销和消耗的政治资源，美国是否愿意承担，以色列有没有能力承担，都是需要一个过程进行验证，始作俑者其无后乎。如果阿拉伯联盟、俄罗斯、中国、非盟、欧盟都团结起来施压，这不是美国愿意承担的压力，要知道这份决议，法国是赞成、德国和英国是弃权票，而不像美国和以色列投反对，弃权本身就是一个态度，不愿意强站队！一意孤行，自绝于国际规则之外，你以色列可不是美国，你有这个实力吗？,10月31日 20:32
毫无人性！加沙深陷人道危机之际，大量以军在野外大办晚会，唱歌嘲讽加沙悲惨现状,10月31日 20:32
别看以色列现在怼联合国那么狠，该利用联合国时，它会跟美国一样无耻！说到底，美国也罢，以色列也罢，都不过是把联合国当工具。要想和平，还是得靠自身强大。没有大国崛起，哪来小民尊严！看看巴勒斯坦这些可怜的孩子↓↓  别看以色列现在怼联合国那么狠，该利用联合国时，它会跟美国一样无耻！说到底，美国也罢，以色列也罢，都不过是把联合国当工具。要想和平，还是得靠自身强大。没有大国崛起，哪来小民尊严！看看巴勒斯坦这些可怜的孩子↓↓,10月31日 20:31
犹太教为什么不吃猪肉？为此还弄出了犹太洁食认证。早期的以色列人是个生活在黎凡特南部靠近阿拉伯半岛地区的一个穷逼闪米特游牧民族，大家只要找个卫星地图看一下，就会发现这片区域的主要特点就是穷，满眼都是黄沙，吃饱饭都困难。闪米特人不吃猪肉的毛病说白了就是那时候落下的穷病，一来养猪需要 犹太教为什么不吃猪肉？为此还弄出了犹太洁食认证。早期的以色列人是个生活在黎凡特南部靠近阿拉伯半岛地区的一个穷逼闪米特游牧民族，大家只要找个卫星地图看一下，就会发现这片区域的主要特点就是穷，满眼都是黄沙，吃饱饭都困难。闪米特人不吃猪肉的毛病说白了就是那时候落下的穷病，一来养猪需要好多水，人都喝不上水，哪儿来富余的水给猪撒泼打滚？二来猪肉里的寄生虫多，穷得连口锅都没有，拿什么炖猪肉？游牧民族简陋的烤制方式无法保证杀灭寄生虫，吃个猪肉动不动吃出寄生虫病来，自然就觉得猪肉脏。,10月31日 20:31
祈祷和平 ,10月31日 20:30
【巴以冲突已致双方超万人死亡】据巴勒斯坦《圣城报》援引加沙地带卫生部门今天（10月31日）发布的最新消息报道称，以军对加沙地带的空袭炮击等军事行动已造成8525人死亡，其中包括3542名儿童。此外据半岛电视台10月30日报道，巴勒斯坦约旦河西岸地区也已有至少119人死于连 【巴以冲突已致双方超万人死亡】据巴勒斯坦《圣城报》援引加沙地带卫生部门今天（10月31日）发布的最新消息报道称，以军对加沙地带的空袭炮击等军事行动已造成8525人死亡，其中包括3542名儿童。此外据半岛电视台10月30日报道，巴勒斯坦约旦河西岸地区也已有至少119人死于连日来与以军的冲突，近2000人受伤。本轮冲突以色列方面的死亡人数一直未有准确的官方消息。以色列媒体10月30日曾报道称，本轮冲突已造成以色列方面1538人死亡。而半岛电视台同一天报道称以色列方面1405人死亡。不过这两个数字都没有得到以色列官方部门的证实。（人民日报）,10月31日 20:30
【巴以冲突已致双方超万人死亡】据巴勒斯坦《圣城报》援引加沙地带卫生部门今天（10月31日）发布的最新消息报道称，以军对加沙地带的空袭炮击等军事行动已造成8525人死亡，其中包括3542名儿童。此外据半岛电视台10月30日报道，巴勒斯坦约旦河西岸地区也已有至少119人死于连 【巴以冲突已致双方超万人死亡】据巴勒斯坦《圣城报》援引加沙地带卫生部门今天（10月31日）发布的最新消息报道称，以军对加沙地带的空袭炮击等军事行动已造成8525人死亡，其中包括3542名儿童。此外据半岛电视台10月30日报道，巴勒斯坦约旦河西岸地区也已有至少119人死于连日来与以军的冲突，近2000人受伤。本轮冲突以色列方面的死亡人数一直未有准确的官方消息。以色列媒体10月30日曾报道称，本轮冲突已造成以色列方面1538人死亡。而半岛电视台同一天报道称以色列方面1405人死亡。不过这两个数字都没有得到以色列官方部门的证实。（人民日报）,10月31日 20:30
联合国一点权威性都没有啊 ,10月31日 20:30
失联中的加沙，能看得到的已经越来越少！孩子懂事点头的样子，那无助的眼神让人久久不能释怀……,10月31日 20:29
笑的 🇺🇳的地位是大喊你们不要再吵了的人吗,10月31日 20:29
历史证明，武力无法带来持久和平，以暴易暴只会陷入冤冤相报的恶性循环。 ,10月31日 20:29
巴以冲突循环往复的根源在于巴勒斯坦领土长期被非法占领，巴勒斯坦人民独立建国的权利被长期忽视，巴勒斯坦民众的基本权利长期没有得到根本保障，这一历史不公是哈马斯袭击以色列都根本原因。巴勒斯坦人民的生命和其他国家人民的生命一样都应当得到保护，他们不是“人形 巴以冲突循环往复的根源在于巴勒斯坦领土长期被非法占领，巴勒斯坦人民独立建国的权利被长期忽视，巴勒斯坦民众的基本权利长期没有得到根本保障，这一历史不公是哈马斯袭击以色列都根本原因。巴勒斯坦人民的生命和其他国家人民的生命一样都应当得到保护，他们不是“人形动物”。我们在21世界还被迫亲眼目睹这种屠杀，不得不是是人类文明的羞耻。,10月31日 20:29
咋滴，你想打就打，想不打就不打？不知道的还以为蛤蟆四过家家呢。以色列蛤蟆四都不是啥好玩意儿，最好彼此把对方都消灭了，还地球一个和平。哦，还有俄罗斯乌克兰，美国日本，全他妈毒瘤。 ,10月31日 20:29
乌军的豹2A6抵达阿夫迪夫卡附近，被俄罗斯军击中起火，变身为“燃烧豹”。视频中俄军兴奋得高呼“乌拉”！,10月31日 20:29
以色列战机加大了力度袭击加沙南部汗尤尼斯Al-Amal医院和附近民房。,10月31日 20:28
拒绝那就派联合国维和部队进入维护人道主义通道，拦道者一律当恐怖主义处置。 ,10月31日 20:28
乐观的让人心疼的巴勒斯坦人。,10月31日 20:28
我分享了话题,10月31日 20:28
英国一男子将一箱老鼠扔进快餐店，老鼠身上涂有巴勒斯坦国旗颜色。,10月31日 20:27
,10月31日 20:27
,10月31日 20:27
又一个国家参战了，2200公里跨国轰炸：以色列F15战机急射2枚导弹,10月31日 20:27
哥哥领着妹妹找弟弟，和哥哥团聚后，弟弟哭着找妈妈……唉,10月31日 20:27
好疯狂的国家 ,10月31日 20:27
【，中方回应】10月31日，外交部发言人汪文斌主持例行记者会。有记者提问，在联合国大会紧急特别会议28日高票通过巴以局势决议后，以色列方面表示坚决拒绝联合国要求加沙地带停火的决议。以常驻联合国代表将这一决议称作“耻辱”，称以色列 【，中方回应】10月31日，外交部发言人汪文斌主持例行记者会。有记者提问，在联合国大会紧急特别会议28日高票通过巴以局势决议后，以色列方面表示坚决拒绝联合国要求加沙地带停火的决议。以常驻联合国代表将这一决议称作“耻辱”，称以色列将继续捍卫自己。中方对此有何评论？汪文斌表示，本次联大决议呼吁立即实现持久的人道主义休战，停止敌对行动，要求各方遵守国际法，保护平民，呼吁撤销加沙地带北部紧急疏散令，反对强行迁移巴勒斯坦平民，这反映出绝大多数国家的强烈呼声。“巴以冲突循环往复的根源在于巴勒斯坦领土长期被非法占领，巴勒斯坦人民独立建国的权利被长期忽视，巴勒斯坦民众的基本权利长期没有得到根本保障，这一历史不公不应再继续下去了。”汪文斌说。汪文斌指出，各国都有自卫权，但都应遵守国际法，特别是国际人道法，保护平民安全。每一条生命都是珍贵的，巴勒斯坦人民的生命和其他国家人民的生命一样都应当得到保护。当务之急是全面落实联大决议，停火止暴，避免局势进一步恶化，防止出现更大的人道主义灾难。“历史证明，武力无法带来持久和平，以暴易暴只会陷入冤冤相报的恶性循环。”汪文斌说，只有秉持共同安全理念，才能实现可持续安全，只有遵守国际法，才能保障国际公平与正义，只有坚持政治解决方向，才能彻底解决各方合理安全关切。解决巴勒斯坦问题的根本出路在于落实“两国方案”，实现巴勒斯坦和以色列和平共处。中方将继续为推动巴勒斯坦问题早日得到全面公正持久解决作出不懈努力。（观察者网）,10月31日 20:27
最近的以色列到底怎么回事！！是人做的事他是一点也不做啊，联合国存在的意义是啥，这也管不了吗？？,10月31日 20:26
英国一男子将一箱老鼠扔进快餐店，老鼠身上涂有巴勒斯坦国旗颜色。,10月31日 20:26
以色列国防军在加沙西部由北向南推进，相当于加沙地带西部的这条南北主路也已经被截断了。昨天加沙中部的南北主路萨拉赫丁路(Salah-al-Deen)已经被以军突入的坦克截断。图1来源:,10月31日 20:25
联合国一点权威性都没有啊,10月31日 20:25
今天扭腰子报写撰文称，由于加沙人道主义危机不断升级，全球谴责以色列的行为、美国也爆发了分裂性的抗议活动，美国官员对以方的不满和批评日益增多。美国官员也意识到，他们几乎不可能为以色列赢得更多外交支持。随着丧生的巴勒斯坦人越来越多，世界各国——尤其是全球南 今天扭腰子报写撰文称，由于加沙人道主义危机不断升级，全球谴责以色列的行为、美国也爆发了分裂性的抗议活动，美国官员对以方的不满和批评日益增多。美国官员也意识到，他们几乎不可能为以色列赢得更多外交支持。随着丧生的巴勒斯坦人越来越多，世界各国——尤其是全球南方国家——只会走向相反的立场。就连美国的欧洲盟友也对以色列的战争产生了分歧。美国官员称，他们发现在乌克兰实现的成果——即建立一个国际支援联盟——对以色列是不可能做到的。世界上许多国家的政府都表示应当立即停火。越来越多的美国议员，包括在声明中强调自己有犹太裔背景的议员表示，以色列应承诺“人道主义停火”以解决加沙危机。,10月31日 20:25
/“对不起，过去24小时里我们经历了很多事。电只来了30分钟，我们家有30个人，都靠这一个电池。日落时分，天快要黑了，以色列轰炸了我最好的朋友（也是我的邻居）的家。朋友和丈夫、孩子去了医院，逃过一劫，但她的妈妈和妹妹都死了，丈夫的父亲也 /“对不起，过去24小时里我们经历了很多事。电只来了30分钟，我们家有30个人，都靠这一个电池。日落时分，天快要黑了，以色列轰炸了我最好的朋友（也是我的邻居）的家。朋友和丈夫、孩子去了医院，逃过一劫，但她的妈妈和妹妹都死了，丈夫的父亲也死了。那个妹妹才17岁，刚刚通过巴勒斯坦高考，她特别聪明，以后想做一个医生。”“就在刚刚！又一次空袭！你看，这就是我们的处境！就连这种（轻松的）时刻都要被毁掉！大家都很害怕，刚才那次空袭很厉害！”“加沙已经没有安全的地方了。人们迷失了方向，他们只是从一个地方跑到另一个地方，因为他们认为这样会更安全。”“用衣服做绷带，包住大面积烧伤处；用商店里买来的食用醋做消毒剂；用缝衣针做手术针。由于没有足够的抗生素，他无法为严重细菌感染的患者提供完整的治疗，只能开一些药片。”医疗系统已经濒临崩溃。自10月7日起，巴勒斯坦伊斯兰抵抗运动（哈马斯）和以色列之间爆发大规模战争，目前已导致双方超过9800人死亡。加沙卫生部门表示，加沙地带死亡人数超过8306人。过去75年历史里，冲突和战争一直是加沙地带的常态。近10年来，在以色列的封锁和哈马斯治理下的加沙经济濒临崩溃，却因中东热点转移、巴以冲突被国际社会边缘化，出现了罕见的“平静”状态。生活在加沙的人们得到一点喘息机会，开始在夹缝中规划自己的未来。这次大规模战争打破了短暂的“平静”，让脆弱的加沙几乎走向崩溃，也击碎了普通人对未来的微小希望。（作者：吴淑斌 程靖）,10月31日 20:24
（新浪热点） ,10月31日 20:24
希望世界和平 ,10月31日 20:23
伊朗警告：战争扩大将让以色列“彻底毁灭”，“以色列会什么也不剩”。,10月31日 20:23
你要疯你 ,10月31日 20:23
，,10月31日 20:23
（新浪热点） ,10月31日 20:23
【伊朗：战争扩大将让以色列“彻底毁灭”】据伊朗新闻电视台网站10月30日报道，伊朗负责政治事务的副外长警告说，如果以色列在加沙地带针对巴勒斯坦抵抗力量发动的战争进一步扩大，将导致这个政权的“彻底毁灭”。 （参考消息）【伊朗：战争扩大将让以色列“彻底毁灭”】据伊朗新闻电视台网站10月30日报道，伊朗负责政治事务的副外长警告说，如果以色列在加沙地带针对巴勒斯坦抵抗力量发动的战争进一步扩大，将导致这个政权的“彻底毁灭”。 （参考消息）,10月31日 20:23
论霉油集团如何统治世界但，在微博没法舆论垄断，只能投诉网友？？？,10月31日 20:22
有丑国撑腰没人阻止的了吧！凶残万恶的以色列，怎么能对孩子下得了手啊，可怜的加沙人民，都是一条条鲜活的生命啊,10月31日 20:22
兔子：打架是不对的，小朋友不应该打架啊……什么？？我劝过架啦，他们不听我也没办法。,10月31日 20:22
世界和平 ,10月31日 20:21
阿弥陀佛🙏🙏🙏 ,10月31日 20:21
🇺🇳权威在哪，那这样以后哪个地方不是想打就打 ,10月31日 20:21
近日，以色列前驻意大利大使艾达尔直言：“以色列只有一个目的，就是摧毁加沙。”,10月31日 20:21
反联合国,10月31日 20:21
为什么？那么多家庭妻离子散 家破人亡，应该多为国家的国人着想吧，那么多无辜的可怜的人们就丧失了性命,10月31日 20:21
唉，中东啥时候能和平啊，这第几次战争了，第五次还是第六次了吧,10月31日 20:21
一位巴勒斯坦在华留学生投稿：这个视频是在一个月前的加沙美丽的毕业典礼上拍摄的。我们所有人都有梦想和抱负，但以色列摧毁了我们的梦想，他们轰炸了大学，杀害了许多学生，摧毁了他们的家园，夺去了他们的亲人和孩子们的生命，摧毁了一切。尽管如此，我们仍然对美好和光 一位巴勒斯坦在华留学生投稿：这个视频是在一个月前的加沙美丽的毕业典礼上拍摄的。我们所有人都有梦想和抱负，但以色列摧毁了我们的梦想，他们轰炸了大学，杀害了许多学生，摧毁了他们的家园，夺去了他们的亲人和孩子们的生命，摧毁了一切。尽管如此，我们仍然对美好和光明的未来抱有希望。,10月31日 20:21
。 ,10月31日 20:21
🇺🇳权威在哪，那这样以后哪个地方不是想打就打 ,10月31日 20:20
联合国你尴尬不,10月31日 20:20
想到联合国大会上以色列代表的“shame on you”就很可笑。 ,10月31日 20:19
,10月31日 20:19
联合国只能管小国弱国…… ,10月31日 20:19
此刻，波斯湾，美军战机在空，EP-3E电子侦察机和KC-135R加油机保障，威慑伊朗。此刻，以色列战机轰炸加沙地带，预警机和加油机保障，对了，还有一架运输机撒传单。,10月31日 20:19
愿世界和平吧 ,10月31日 20:19
当战争真的来了，联合国有个毛用 ,10月31日 20:18
这么造次。。。有别的国家效仿该咋办。。。很有必要杀鸡儆猴了。。。 ,10月31日 20:18
以色列真牛掰。这是坚持要打下北加沙 ,10月31日 20:18
我们以色列准备占领地球了，全宇宙都是以色列说了算，联合国算什么，给我以色列提鞋都不配,10月31日 20:18
低情商：不讲人道主义。高情商：它也有自己的坚持啊…… ,10月31日 20:18
以色列，已经变成了欧美的日本了。当年的纳粹日本坏事做尽，但如今回头看，办事居然比如今的以色列还要体面。 ,10月31日 20:18
"犹太屠夫那就让牠们全部变成肥皂,这应该没人有意见吧？什么？牠儿子美国不干,那简单,生产的肥皂全部免费送给美国吧！ ",10月31日 20:18
。 ,10月31日 20:18
以色勒已疯，联合国、这个盟那个约的都控制不了它，就像二战的日、德、意，是它们自已停战的吗？让它们停下来的是战败，让小日本停止疯狂的是2粒大蘑菇 ,10月31日 20:18
加拿大呼吁联合国谴责哈马斯“蓄意实施残忍行径”，遭无情驳回 ,10月31日 20:17
联合国解散吧,10月31日 20:17
英媒发美政府在俄乌和巴以问题上双标视频 为什么说“美国政府认为巴勒斯坦人的生命无关紧要”？英国媒体这段视频来告诉你……,10月31日 20:17
巴勒斯坦婴儿莫森在出生当天就在以色列的轰炸中丧生，他的死亡证明是在他的出生证明之前签发的。 ,10月31日 20:17
暴力是阿拉伯人唯一听得懂的语言。第六次中东战争了，哪次不是阿拉伯或巴勒斯坦人先动手的。 ,10月31日 20:17
我想以国除了让人民遭受战争的挫伤外，是得不到任何好处的，幻想丈仰丑国，后果绝对惨不忍睹，识时务者为俊杰，希望不要再伤害世界和平了。 ,10月31日 20:16
联合国已经是一个摆设了吗，一点话语权也没有了,10月31日 20:16
它到底想干啥啊？ ,10月31日 20:16
美国还不支持停火？？？伤的是巴以双方的民众啊！能不能想想他们,10月31日 20:16
以色列咬疯了 ,10月31日 20:16
战况预测：【以方此动向后续】联方突然改变计划。 ,10月31日 20:16
美国不允许他停怎么可能停 ,10月31日 20:15
：现在是否可以组织联合国军？ ,10月31日 20:15
一条道走到黑！没听伊朗在说吗？战胜扩大只能导致以色列彻底毁灭，！！！ 这话也不是空穴来风。 ,10月31日 20:15
联合国现在存在的意义是什么，感觉已经没有权威性了，希望世界和平吧 ,10月31日 20:15
与世界人民为敌,10月31日 20:15
联合国是粑粑 ,10月31日 20:15
呀呀呀，古特雷斯太可爱了！“我可以离开联合国，但联合国给你的土地你要还回来！”,10月31日 20:15
【“轰炸一刻也没有停止过”：】10月31日，据当地媒体报道，以色列方面对加沙地带发动了大规模袭击，视频显示，加沙地带上空浓烟四起。据今日早些时候报道，以色列国防军对加沙地带进行彻夜空袭，据网上消息显示，“轰炸一刻也没有停止过”。当地时间10月30日，以色列总理内 【“轰炸一刻也没有停止过”：】10月31日，据当地媒体报道，以色列方面对加沙地带发动了大规模袭击，视频显示，加沙地带上空浓烟四起。据今日早些时候报道，以色列国防军对加沙地带进行彻夜空袭，据网上消息显示，“轰炸一刻也没有停止过”。当地时间10月30日，以色列总理内塔尼亚胡宣布巴以新一轮冲突进入第三阶段，以色列军方将扩大在加沙地带的行动。,10月31日 20:15
火箭炮的万箭齐发，三秒一座大山，夷为平地！,10月31日 20:14
哎，战火快停吧 ,10月31日 20:14
感觉这个联合国的发话能力还没有我导员厉害 ,10月31日 20:14
【，中方回应】10月31日，外交部发言人汪文斌主持例行记者会。有记者提问，在联合国大会紧急特别会议28日高票通过巴以局势决议后，以色列方面表示坚决拒绝联合国要求加沙地带停火的决议。以常驻联合国代表将这一决议称作“耻辱”，称以色列 【，中方回应】10月31日，外交部发言人汪文斌主持例行记者会。有记者提问，在联合国大会紧急特别会议28日高票通过巴以局势决议后，以色列方面表示坚决拒绝联合国要求加沙地带停火的决议。以常驻联合国代表将这一决议称作“耻辱”，称以色列将继续捍卫自己。中方对此有何评论？汪文斌表示，本次联大决议呼吁立即实现持久的人道主义休战，停止敌对行动，要求各方遵守国际法，保护平民，呼吁撤销加沙地带北部紧急疏散令，反对强行迁移巴勒斯坦平民，这反映出绝大多数国家的强烈呼声。“巴以冲突循环往复的根源在于巴勒斯坦领土长期被非法占领，巴勒斯坦人民独立建国的权利被长期忽视，巴勒斯坦民众的基本权利长期没有得到根本保障，这一历史不公不应再继续下去了。”汪文斌说。汪文斌指出，各国都有自卫权，但都应遵守国际法，特别是国际人道法，保护平民安全。每一条生命都是珍贵的，巴勒斯坦人民的生命和其他国家人民的生命一样都应当得到保护。当务之急是全面落实联大决议，停火止暴，避免局势进一步恶化，防止出现更大的人道主义灾难。“历史证明，武力无法带来持久和平，以暴易暴只会陷入冤冤相报的恶性循环。”汪文斌说，只有秉持共同安全理念，才能实现可持续安全，只有遵守国际法，才能保障国际公平与正义，只有坚持政治解决方向，才能彻底解决各方合理安全关切。解决巴勒斯坦问题的根本出路在于落实“两国方案”，实现巴勒斯坦和以色列和平共处。中方将继续为推动巴勒斯坦问题早日得到全面公正持久解决作出不懈努力。（观察者网）,10月31日 20:14
联合国的地位已经和小区物业不相上下了 ,10月31日 20:13
呵呵呵～装都不装了？ ,10月31日 20:13
谁不遵守国际法就应该全世界一起打它， ,10月31日 20:13
真的没什么能管管吗，大不了世界灭亡 谁创造了这个世界，谁创造了这么多生命却任其消亡……刚好出生在这一刻的生命又会在世界停留多久 ,10月31日 20:13
【，中方回应】10月31日，外交部发言人汪文斌主持例行记者会。有记者提问，在联合国大会紧急特别会议28日高票通过巴以局势决议后，以色列方面表示坚决拒绝联合国要求加沙地带停火的决议。以常驻联合国代表将这一决议称作“耻辱”，称以色列 【，中方回应】10月31日，外交部发言人汪文斌主持例行记者会。有记者提问，在联合国大会紧急特别会议28日高票通过巴以局势决议后，以色列方面表示坚决拒绝联合国要求加沙地带停火的决议。以常驻联合国代表将这一决议称作“耻辱”，称以色列将继续捍卫自己。中方对此有何评论？汪文斌表示，本次联大决议呼吁立即实现持久的人道主义休战，停止敌对行动，要求各方遵守国际法，保护平民，呼吁撤销加沙地带北部紧急疏散令，反对强行迁移巴勒斯坦平民，这反映出绝大多数国家的强烈呼声。“巴以冲突循环往复的根源在于巴勒斯坦领土长期被非法占领，巴勒斯坦人民独立建国的权利被长期忽视，巴勒斯坦民众的基本权利长期没有得到根本保障，这一历史不公不应再继续下去了。”汪文斌说。汪文斌指出，各国都有自卫权，但都应遵守国际法，特别是国际人道法，保护平民安全。每一条生命都是珍贵的，巴勒斯坦人民的生命和其他国家人民的生命一样都应当得到保护。当务之急是全面落实联大决议，停火止暴，避免局势进一步恶化，防止出现更大的人道主义灾难。“历史证明，武力无法带来持久和平，以暴易暴只会陷入冤冤相报的恶性循环。”汪文斌说，只有秉持共同安全理念，才能实现可持续安全，只有遵守国际法，才能保障国际公平与正义，只有坚持政治解决方向，才能彻底解决各方合理安全关切。解决巴勒斯坦问题的根本出路在于落实“两国方案”，实现巴勒斯坦和以色列和平共处。中方将继续为推动巴勒斯坦问题早日得到全面公正持久解决作出不懈努力。（观察者网）,10月31日 20:12
造孽啊 ,10月31日 20:12
这次以色列如此张狂自大、面露狰狞，应该是很多人没想到的。联合国大会高票通过巴以局势加沙地带停火决议，以色列方面却表示坚决拒绝，并将这一决议称作“耻辱”。而美国官员则称不支持巴以此时停火。这对“父子兵”还真是本性使然。 ,10月31日 20:12
现在中东小霸王是真的在作死的边缘，他亲爹都被捆绑起来了！,10月31日 20:12
牛哇，上一个这么牛的是谁来着 ,10月31日 20:12
恐怖主义 ,10月31日 20:12
,10月31日 20:11
美国官员表态称不支持巴以此时停火背后有哪些考量？,10月31日 20:11
刚听朋友说，加拿大有可能要禁微信了。上X看到一位普通加拿大华人的帖子，因为反对以色列屠城，被扣上支持哈马斯。当然，这种帽子我也被扣过，完全无视就好了。,10月31日 20:11
中方回应﹕汪文斌指出，各国都有自卫权，但都应遵守国际法，特别是国际人道法，保护平民安全―――,10月31日 20:11
武力无法带来持久和平，以暴易暴只会陷入冤冤相报的恶性循环。,10月31日 20:11
和平之路，可以艰难险阻，也只有和平才是所有的基础。 ,10月31日 20:11
真头铁啊 ,10月31日 20:11
【以色列称不会在加沙地带停火】以色列总理内塔尼亚胡30日表示，加沙战争停火后果危险，相当于以色列向哈马斯投降。他呼吁国际社会支持以色列的军事行动。他说：“呼吁停火就是要求以色列向哈马斯投降，向恐怖主义投降，向野蛮投降，这是不可能的。”（参考消息）【以色列称不会在加沙地带停火】以色列总理内塔尼亚胡30日表示，加沙战争停火后果危险，相当于以色列向哈马斯投降。他呼吁国际社会支持以色列的军事行动。他说：“呼吁停火就是要求以色列向哈马斯投降，向恐怖主义投降，向野蛮投降，这是不可能的。”（参考消息）,10月31日 20:10
以色列什么时候能消失,10月31日 20:10
畜牲不如，以色列人，就是畜牲,10月31日 20:10
哈马斯为何在此时表态称愿意与以方交换双方所有被扣押人员？,10月31日 20:10
以色列的诉求是什么的？不敢说吧。就是要灭掉巴勒斯坦吗？ ,10月31日 20:10
...... ,10月31日 20:09
得又一个乌赶紧消失吧,10月31日 20:09
真的没有见过如此厚颜无耻的国家再逼逼也只不过是美国的一只狗罢了,10月31日 20:09
消停点吧联合国这……,10月31日 20:09
看来联合国的地位和权威已经和小区物业不相上下了,10月31日 20:09
每天都刷伊朗驻华大使馆的视频，太惨烈了，那些孩子那么可爱那么纯真，却与死亡如影随形,10月31日 20:08
它到底想干嘛，真的打算挑起世界大战？ ,10月31日 20:08
愿世界和平 ,10月31日 20:08
“巴以冲突循环往复的根源在于巴勒斯坦领土长期被非法占领，巴勒斯坦人民独立建国的权利被长期忽视，巴勒斯坦民众的基本权利长期没有得到根本保障，这一历史不公不应再继续下去了。” ,10月31日 20:08
以色列滚出地球 ,10月31日 20:07
肯定拒绝啊，黄星都戴上了 ,10月31日 20:07
借这个热搜说一下，很多人说中国网友不应该对以色列有负面评价，会影响中国和以色列的关系，我就纳闷了，1.联合国这个决定是大多数国家通过的，说明大部分国家都呼吁停火了。就算支持以色列继续进攻的国家，比如美国，民间也有很多人反对以色列，甚至反对以色列整个国家 借这个热搜说一下，很多人说中国网友不应该对以色列有负面评价，会影响中国和以色列的关系，我就纳闷了，1.联合国这个决定是大多数国家通过的，说明大部分国家都呼吁停火了。就算支持以色列继续进攻的国家，比如美国，民间也有很多人反对以色列，甚至反对以色列整个国家。所以难道以色列还得一个一个国家算账吗？或者说他们不计较其他国家的，计较中国网友？2.反对以色列轰炸加沙的人全球都有，以色列能一个一个记住？3.以色列在中国反恐问题上一直唱反调，为什么现在要求中国人全盘站以色列立场？4.现在是以色列大闹联合国，一会儿要求联合国秘书长辞职，一会儿宣布联合国不合法，中国从来没有这么做，你们平时还骂战狼，以色列这样反而要迁就以色列？5.中国网友只是评论，欧美都有线下反对以色列，公开洗白落榜美术生的，难道中国网友只能支持吗？不能有自己的看法？,10月31日 20:07
难道不能成立联合国军吗？当初抗美援朝这帮狗子又是怎么号称联合国军的 ,10月31日 20:07
公司与华为建立了长期的合作关系，持续时间超过10年，合作规模较大，合作领域涉及IT基础设施建设、软件解决方案、IT运维服务等众多领域。华为一直是公司最大的供应商，采购产品规模最大的包括服务器产品、网络设备、系统软件及相关服务。,10月31日 20:07
联合国活脱脱的像个笑话，这要是别的国家，估计联合国军派过去了,10月31日 20:06
对于以色列疯狗，除非出现一个比它更疯更强大的收拾它，要不，它在中东可以打横行，装了细狗几十年，人家，现在不装了。,10月31日 20:06
联合国感觉毫无权威性毫无话语权啊,10月31日 20:06
【：不会在加沙地带停火】以色列总理内塔尼亚胡30日晚在特拉维夫举行的外国记者会上表示，以色列在加沙地带停火即意味着以色列向巴勒斯坦伊斯兰抵抗运动（哈马斯）投降，“这不会发生”。内塔尼亚胡说，自10月7日本轮巴以冲突爆发以来，以色列 【：不会在加沙地带停火】以色列总理内塔尼亚胡30日晚在特拉维夫举行的外国记者会上表示，以色列在加沙地带停火即意味着以色列向巴勒斯坦伊斯兰抵抗运动（哈马斯）投降，“这不会发生”。内塔尼亚胡说，自10月7日本轮巴以冲突爆发以来，以色列一直处于“战争状态”，“以色列将赢得这场战争”。来源：封面新闻  责编：沈丽萍  二审：王首荣,10月31日 20:06
加沙儿童眼中的这场战争。,10月31日 20:06
人类每一次人为灾难的背后都有犹太人的身影。他们一直自称为上帝的子民，但他们干的都是违背良心道德的勾当，追求利润最大化，手段各式各样，装神弄鬼的，连抢带骗的，应有尽有只有我们想不到，没有他们做不到。这群人，更像是金钱的的子民。历史在唾弃纳粹分子屠杀犹太人的暴行时，犹太人却制造了“陆 人类每一次人为灾难的背后都有犹太人的身影。他们一直自称为上帝的子民，但他们干的都是违背良心道德的勾当，追求利润最大化，手段各式各样，装神弄鬼的，连抢带骗的，应有尽有只有我们想不到，没有他们做不到。这群人，更像是金钱的的子民。历史在唾弃纳粹分子屠杀犹太人的暴行时，犹太人却制造了“陆地最大的集中营”，加沙地区被围的像铁桶一般。230万人口的生活的面积只有365平方公里，没有工业只有最原始的农业和联合国的人道援助勉强维持生存。这次巴以冲突以来以色列掐断了巴勒斯坦人的唯一生存渠道，联合国的呼吁以色列把它当成一句空话，秘书长古特莱斯也没有办法，只能亲自押运物资去解救数以万计的巴勒斯坦人，他的勇气、他的决心、他的行动鼓舞了全球各地的人们，呼吁维护和平、捍卫人权，以及促进国际合作，为全球和平与安全作出更大的贡献。恶人总有天来收，正义永远站在好人这边。英国光荣革命、法国大革命、美国独立战争、美国南北战争、苏联十月革命、第一次世界大战、第二次世界大战、还有中国百年耻辱鸦片战争的开端、中英鸦片战争背后都有犹太人的身影。他们倒卖情报，挑起战端，培养雇佣兵，发放战争贷款，利用金钱收买一切，为他们所用。,10月31日 20:05
一名巴勒斯坦婴儿。不知道在他的眼睛中，看到的世界会是什么样？,10月31日 20:05
感觉联合国就是个摆设 ,10月31日 20:05
六芒星的本质！ ,10月31日 20:05
联合国就像个笑话，以色列真该死啊 ,10月31日 20:05
【，中方回应】10月31日，外交部发言人汪文斌主持例行记者会。有记者提问，在联合国大会紧急特别会议28日高票通过巴以局势决议后，以色列方面表示坚决拒绝联合国要求加沙地带停火的决议。以常驻联合国代表将这一决议称作“耻辱”，称以色列 【，中方回应】10月31日，外交部发言人汪文斌主持例行记者会。有记者提问，在联合国大会紧急特别会议28日高票通过巴以局势决议后，以色列方面表示坚决拒绝联合国要求加沙地带停火的决议。以常驻联合国代表将这一决议称作“耻辱”，称以色列将继续捍卫自己。中方对此有何评论？汪文斌表示，本次联大决议呼吁立即实现持久的人道主义休战，停止敌对行动，要求各方遵守国际法，保护平民，呼吁撤销加沙地带北部紧急疏散令，反对强行迁移巴勒斯坦平民，这反映出绝大多数国家的强烈呼声。“巴以冲突循环往复的根源在于巴勒斯坦领土长期被非法占领，巴勒斯坦人民独立建国的权利被长期忽视，巴勒斯坦民众的基本权利长期没有得到根本保障，这一历史不公不应再继续下去了。”汪文斌说。汪文斌指出，各国都有自卫权，但都应遵守国际法，特别是国际人道法，保护平民安全。每一条生命都是珍贵的，巴勒斯坦人民的生命和其他国家人民的生命一样都应当得到保护。当务之急是全面落实联大决议，停火止暴，避免局势进一步恶化，防止出现更大的人道主义灾难。“历史证明，武力无法带来持久和平，以暴易暴只会陷入冤冤相报的恶性循环。”汪文斌说，只有秉持共同安全理念，才能实现可持续安全，只有遵守国际法，才能保障国际公平与正义，只有坚持政治解决方向，才能彻底解决各方合理安全关切。解决巴勒斯坦问题的根本出路在于落实“两国方案”，实现巴勒斯坦和以色列和平共处。中方将继续为推动巴勒斯坦问题早日得到全面公正持久解决作出不懈努力。（观察者网）,10月31日 20:05
你们以色列人尊重别人的方式就是逼人家按你们的意愿说话吗？ 另外，哈马斯不是联合国认定的恐怖组织。 ,10月31日 20:04
联合国其实就是一个摆设而已，就好比一个没有军队的国家一样一样的。 ,10月31日 20:04
你真该死呢,10月31日 20:03
大家好，以色列🇮🇱想要冲出地球🌐，请用火箭🚀送他们螺旋升天 ,10月31日 20:03
这才是恐怖cos啊…. ,10月31日 20:03
这个人说的很对，很中肯没错啊，中国人自古信奉的都是 自强天行健，君子以自强不息。联合国遏制不了以色列，曾经的阿拉伯兄弟作壁上观，巴勒斯坦只能靠自己打出成果，才会有国家愿意施于援手。你们在搞什么约 这个人说的很对，很中肯没错啊，中国人自古信奉的都是 自强天行健，君子以自强不息。联合国遏制不了以色列，曾经的阿拉伯兄弟作壁上观，巴勒斯坦只能靠自己打出成果，才会有国家愿意施于援手。你们在搞什么约旦西岸和加沙不团结的话，根本不能得到自己应有的权利的。,10月31日 20:03
就没人能收了他们吗？让大疆，给哈马斯弄个10万8万台无人机，能好使不？ ,10月31日 20:03
,10月31日 20:03
干死恐怖分子 ,10月31日 20:02
以色列的外交部门其实工作不行，人家是搞外交形成敌人少少的，最近以色列是搞外交形成敌人多多的。,10月31日 20:02
联合国就是美国和西方国家的一个摆设（能够行使的权利有限）…和一个侵略者战争犯讲道理？浪费唇舌 ,10月31日 20:01
【盟友美国也反对以色列停火 纳坦雅胡：现在是战斗时刻】美媒报导，以色列总理纳坦雅胡（Benjamin Netanyahu）30日明确表达以色列不会同意在加萨停火，并把以色列目前立场与美国1941年珍珠港事变、2001年911恐攻过后相提并论。盟友美方也排除永久停火的选项。,10月31日 20:01
他怎么一直颠颠的,10月31日 20:01
我有点儿害怕。,10月31日 20:00
罪孽深重 ,10月31日 20:00
就这样，以色列还天天在中国的舆论场装可怜，但大伙都知道这几十年他们究竟做了多少恶 ,10月31日 20:00
反正这一次是不死不休了。以色列不死不休，但是阿拉伯国家是不是会见死不救，这还是一个悬疑。 ,10月31日 20:00
地球除名以色列 ,10月31日 20:00
难道这些孩子对以色列造成了什么危害么？以色列凭什么剥夺他们的生命？,10月31日 19:59
我的妈耶，以色列这么狂妄的吗？怎么感觉以色列谁都不服，好像自己是世界老大一样呢？,10月31日 19:59
两国交战，从来受苦的都是平民百姓，愿世界和平，永不再战争！🙏🙏🙏🙏🙏 ,10月31日 19:58
以色列人在社交媒体上庆祝这段视频，视频显示以色列士兵将一名巴勒斯坦男子从加沙地带拖出！,10月31日 19:58
就是因为没有忘记  所以才这么反感你们现在的所作所为  而且  那时候欺负你们的是德国  而不是现在的巴勒斯坦,10月31日 19:58
以色列摩萨德发布的视频，配文:“花多长时间并不重要。除了胜利，没有别的结果。”,10月31日 19:58
世界和平不好吗！看看饱受战火的人，怎么就这么狠心！ ,10月31日 19:58
以色列，你这是在挨打的边缘徘徊啊！ ,10月31日 19:58
联合国还是解散吧，日本排核污水他没办法，以色列侵占巴勒斯坦家园他说话没人听。,10月31日 19:58
哈马斯无差别轰炸，以色列定点打击，谁没人性不用我说了吧 ,10月31日 19:58
当年犹太人要是成功占领了我国东北三省，今天就不是巴以冲突，而是中以冲突了！我才不要同情想要侵占我国领土的民族。犹太人你们和日本鬼子挺像的，你们应该去日本建国,10月31日 19:57
有记者提问，在联合国大会紧急特别会议28日高票通过巴以局势决议后，。以常驻联合国代表将这一决议称作“耻辱”，称以色列将继续捍卫自己。中方对此有何评论？,10月31日 19:57
就知道他不会听 ,10月31日 19:57
谁最无视联合国，自始至终只有那一个人 ,10月31日 19:57
下一步要怎么做呢，联合国就是只能谴责，要想出军队的话只能安理会吧，但安理会他好大儿🇺🇸一票否决，所以肯定也通不过（个人看法） ,10月31日 19:57
以色列前军官说巴勒斯坦250万人都是恐怖分子。但他为什么不扪心自问，这是怎么形成的？巴以冲突循环往复的根源在于：巴勒斯坦领土长期被非法占领，巴勒斯坦人民独立建国的权利被长期忽视，巴勒斯坦民众的基本权利长期没有得到根本保障以色列长期的教育就是只有自己，没 以色列前军官说巴勒斯坦250万人都是恐怖分子。但他为什么不扪心自问，这是怎么形成的？巴以冲突循环往复的根源在于：巴勒斯坦领土长期被非法占领，巴勒斯坦人民独立建国的权利被长期忽视，巴勒斯坦民众的基本权利长期没有得到根本保障以色列长期的教育就是只有自己，没有别人。,10月31日 19:56
愿世界和平 ,10月31日 19:56
在约旦河西岸的希伯伦，以色列军人对待巴勒斯坦人的方式。别以为他们有多文明，哈马斯只是以暴制暴。,10月31日 19:56
真是魔鬼 ,10月31日 19:56
/【：不会在加沙地带停火】以色列总理内塔尼亚胡30日晚在特拉维夫举行的外国记者会上表示，以色列在加沙地带停火即意味着以色列向巴勒斯坦伊斯兰抵抗运动（哈马斯）投降，“这不会发生”。内塔尼亚胡说，自10月7日本轮巴以冲突爆发以来，以色列一直 /【：不会在加沙地带停火】以色列总理内塔尼亚胡30日晚在特拉维夫举行的外国记者会上表示，以色列在加沙地带停火即意味着以色列向巴勒斯坦伊斯兰抵抗运动（哈马斯）投降，“这不会发生”。内塔尼亚胡说，自10月7日本轮巴以冲突爆发以来，以色列一直处于“战争状态”，“以色列将赢得这场战争”。（新华社）,10月31日 19:56
！？！你退出好了也别拒绝了 ,10月31日 19:56
真跳皮这个国家 。 ,10月31日 19:56
以色列把自己包装成无辜的受害者 可以色列真实的面貌是这样的 深深的无力感 一些可爱的孩子甚至还没长大好好看看这个世界🥹愿世界和平🙏,10月31日 19:56
好家伙，不会真的没办法吧 ,10月31日 19:56
那你犹太人就继续与全世界为敌呗,10月31日 19:56
谁能来阻止他们啊 ,10月31日 19:55
我觉得以色列想要对方灭国。 ,10月31日 19:55
等着看 ,10月31日 19:55
/2023.10.31外交部例行记者会直播完整版,10月31日 19:55
这不是一个和平的年代，只是我们生活在一个和平的国家。 ,10月31日 19:55
狗叫的欢不欢，主要是看狗主人绳子拉的紧不紧。 ,10月31日 19:55
有完没完…… ,10月31日 19:55
多大的脸啊教中国做事,10月31日 19:54
给你台阶都不下，看来是想被人抬下来 ,10月31日 19:54
正仆街犹太人等天收吧！ ,10月31日 19:54
【巴以冲突已致双方超万人死亡】据巴勒斯坦《圣城报》援引加沙地带卫生部门今天（10月31日）发布的最新消息报道称，以军对加沙地带的空袭炮击等军事行动已造成8525人死亡，其中包括3542名儿童。此外据半岛电视台10月30日报道，巴勒斯坦约旦河西岸地区也已有至少119人死于连 【巴以冲突已致双方超万人死亡】据巴勒斯坦《圣城报》援引加沙地带卫生部门今天（10月31日）发布的最新消息报道称，以军对加沙地带的空袭炮击等军事行动已造成8525人死亡，其中包括3542名儿童。此外据半岛电视台10月30日报道，巴勒斯坦约旦河西岸地区也已有至少119人死于连日来与以军的冲突，近2000人受伤。本轮冲突以色列方面的死亡人数一直未有准确的官方消息。以色列媒体10月30日曾报道称，本轮冲突已造成以色列方面1538人死亡。而半岛电视台同一天报道称以色列方面1405人死亡。不过这两个数字都没有得到以色列官方部门的证实。（人民日报）,10月31日 19:53
所以，全世界对这样的畜生国家没办法，对吗？ ,10月31日 19:53
猜到了，联大通过的决议屁用没有，安理会吧，以色列有个好儿子美国，啥决定性的决议都通过不了,10月31日 19:52
希望世界和平🙏 ,10月31日 19:52
消失的七号，六亲不认的步伐，小短腿的逆袭，呆萌可爱的大眼睛，需要改变的还有很多，漂移的走位才能避免对手的围攻，七号还是需要有人在旁辅助！！以色列将面临水晶被偷的绝境，因为野区还有阿拉伯人在支持，坚强的小短腿（巴勒斯坦）一路推塔，最终赶走侵略者！！ ,10月31日 19:52
以色列常驻联合国代表：诚实的国家都该“断供”联合国,10月31日 19:52
请问这是？？？ ,10月31日 19:52
见国家！无法无天！ ,10月31日 19:51
装了几十年以色列装不下去了，极端分子还开庆祝会，真乱套了 ,10月31日 19:51
在这样下去，联合国还有权威？ ,10月31日 19:51
以色列以为自己是哪根葱啊，还不管联合国的调停吗 ,10月31日 19:51
以色列的行为和恐怖袭击有什么区别？ ,10月31日 19:51
疯子,10月31日 19:51
这是要疯啊… ,10月31日 19:50
联合国联合其它国家把这个小国直接灭了不就好了 ,10月31日 19:50
以色列直接飞上太阳当太阳神吧，这给牛的,10月31日 19:50
联合国是谁遵守规则就弄谁，对于不遵守规则的美国等是一点办法没有 ,10月31日 19:49
愿世界和平🙏🙏 ,10月31日 19:49
,10月31日 19:49
【以色列在联大展示“斩首视频”，泰方强烈不满！】据《环球时报》消息，以色列常驻联合国代表吉拉德·埃尔丹10月26日向联合国大会展示了一段“哈马斯袭击以色列期间的斩首视频”，视频中的被害者据其称是来自泰国的农业工人。泰国《曼谷邮报》30 【以色列在联大展示“斩首视频”，泰方强烈不满！】据《环球时报》消息，以色列常驻联合国代表吉拉德·埃尔丹10月26日向联合国大会展示了一段“哈马斯袭击以色列期间的斩首视频”，视频中的被害者据其称是来自泰国的农业工人。泰国《曼谷邮报》30日报道称，泰国外交部对埃尔丹播放受害者视频片段的行为表示强烈不满。泰国外交部10月29日在一份声明中表示，这些材料不仅令泰国人震惊，也令全世界人民震惊，“不赞成展示此类视频，这没有给予死者和其家人应有的尊重和考虑”。泰国总理赛塔称，泰国政府正在收集有关该视频的信息，并表示此类视频不应该向公众展示，“这是不合适的。战争是残酷的，最好不要火上浇油。泰国不是冲突方，我们所要求的只是所有泰国人的安全以及释放所有人质。”泰国外交部还表示，谴责任何团体出于任何原因杀害无辜平民的行为。截至10月28日，在哈马斯和以色列的冲突中丧生的泰国公民人数为32人，还有19人被绑架，19人受伤。,10月31日 19:48
闭着眼睛可以说瞎话？傲慢无礼，采访时以方官员闭着眼睛。呼吁对加沙种族清洗,10月31日 19:48
,10月31日 19:47
战争没有正义，只有强弱 ,10月31日 19:47
恐怖的国家，太恶心了 ,10月31日 19:47
装了几十年装不下去了是吗… ,10月31日 19:47
泪崩！这不是恐怖主义是什么？难道全世界都阻止不了吗？来自加沙地带卫生部门的消息，目前加沙地带有116名医务人员遇难，25辆救护车被毁，共有57个卫生机构成为袭击目标。在8005名遇难者中，包括3342名儿童、2062名妇女和460名老人。另外还有至少1870人仍被埋在废墟下，其中包括1020名儿童。有网友 泪崩！这不是恐怖主义是什么？难道全世界都阻止不了吗？来自加沙地带卫生部门的消息，目前加沙地带有116名医务人员遇难，25辆救护车被毁，共有57个卫生机构成为袭击目标。在8005名遇难者中，包括3342名儿童、2062名妇女和460名老人。另外还有至少1870人仍被埋在废墟下，其中包括1020名儿童。有网友大声疾呼：“令人痛心疾首！以色列的残暴令人震惊！为什么整个世界都不能阻止以色列对巴勒斯坦人民的残害？”有网友祈祷：“三千纯洁的小天使，远离了战争和苦难，愿他们在天堂幸福，愿战争恶行早日结束！”,10月31日 19:46
强盗,10月31日 19:45
哈马斯做的“旅游指南”，告诉以色列法西斯来到加沙，迎接它们的将会是什么？！ ,10月31日 19:44
以色列装了几十年可怜，结果伪装一个月之内就破了，而且以后很难再骗人了，也算好事一件 ,10月31日 19:44
唯愿世界和平。 ,10月31日 19:44
这几天以色列打巴勒斯坦，打黎巴嫩，打叙利亚……那么下一个该打谁了？以色列这种战争恐怖主义行径，竟然没人管，谴责一下都不敢吗？离谱啊！ ,10月31日 19:43
要等时间嘉许，等春风得意，我正好遇见你，然后余生都是你 ,10月31日 19:43
希望这个孩子能被救活🙏🙏🙏,10月31日 19:42
然后呢？ ,10月31日 19:42
21世纪，竟然还能有这样的事情,10月31日 19:41
该死 ,10月31日 19:41
“谁没有水、电力和食物？”以色列极 端分子在庆祝对加沙的侵略，以色列这种行为是要成为全世界的公敌！,10月31日 19:41
一天 ,10月31日 19:40
灭了它 ,10月31日 19:40
联合国能咋办？只能一怒之下又怒了一下,10月31日 19:40
,10月31日 19:40
当初辛德勒是对的，犹太人太坏了 ,10月31日 19:39
,10月31日 19:36
,10月31日 19:36
,10月31日 19:36
去尼玛的,10月31日 19:35
我分享了话题,10月31日 19:35
所以联合国有什么用,10月31日 19:35
英媒发美政府在俄乌和巴以问题上双标视频 。这个视频太典了，来自美国的极致双标。以色列或许嚣张，但这一切都是都是美国和北约赋予的。,10月31日 19:34
天呐 希望战争早日结束 ,10月31日 19:33
好牛啊 ,10月31日 19:33
“对不起，过去24小时里我们经历了很多事。电只来了30分钟，我们家有30个人，都靠这一个电池。日落时分，天快要黑了，以色列轰炸了我最好的朋友（也是我的邻居）的家。朋友和丈夫、孩子去了医院，逃过一劫，但她的妈妈和妹妹都死了，丈夫的父亲也死了。那个妹妹才17岁，刚刚 “对不起，过去24小时里我们经历了很多事。电只来了30分钟，我们家有30个人，都靠这一个电池。日落时分，天快要黑了，以色列轰炸了我最好的朋友（也是我的邻居）的家。朋友和丈夫、孩子去了医院，逃过一劫，但她的妈妈和妹妹都死了，丈夫的父亲也死了。那个妹妹才17岁，刚刚通过巴勒斯坦高考，她特别聪明，以后想做一个医生。”“就在刚刚！又一次空袭！你看，这就是我们的处境！就连这种（轻松的）时刻都要被毁掉！大家都很害怕，刚才那次空袭很厉害！”“加沙已经没有安全的地方了。人们迷失了方向，他们只是从一个地方跑到另一个地方，因为他们认为这样会更安全。”“用衣服做绷带，包住大面积烧伤处；用商店里买来的食用醋做消毒剂；用缝衣针做手术针。由于没有足够的抗生素，他无法为严重细菌感染的患者提供完整的治疗，只能开一些药片。”医疗系统已经濒临崩溃。自10月7日起，巴勒斯坦伊斯兰抵抗运动（哈马斯）和以色列之间爆发大规模战争，目前已导致双方超过9800人死亡。加沙卫生部门表示，加沙地带死亡人数超过8306人。过去75年历史里，冲突和战争一直是加沙地带的常态。近10年来，在以色列的封锁和哈马斯治理下的加沙经济濒临崩溃，却因中东热点转移、巴以冲突被国际社会边缘化，出现了罕见的“平静”状态。生活在加沙的人们得到一点喘息机会，开始在夹缝中规划自己的未来。这次大规模战争打破了短暂的“平静”，让脆弱的加沙几乎走向崩溃，也击碎了普通人对未来的微小希望。（作者：吴淑斌 程靖）,10月31日 19:30
【：不会在加沙地带停火】以色列总理内塔尼亚胡30日晚在特拉维夫举行的外国记者会上表示，以色列在加沙地带停火即意味着以色列向巴勒斯坦伊斯兰抵抗运动（哈马斯）投降，“这不会发生”。内塔尼亚胡说，自10月7日本轮巴以冲突爆发以来，以色列一直处于“战争状态”，“以 【：不会在加沙地带停火】以色列总理内塔尼亚胡30日晚在特拉维夫举行的外国记者会上表示，以色列在加沙地带停火即意味着以色列向巴勒斯坦伊斯兰抵抗运动（哈马斯）投降，“这不会发生”。内塔尼亚胡说，自10月7日本轮巴以冲突爆发以来，以色列一直处于“战争状态”，“以色列将赢得这场战争”。（新华社）,10月31日 19:28
以色列驻华大使馆发文：以色列期待中方在官方通报中正式表明，哈马斯是恐怖组织。,10月31日 19:28
【】据巴勒斯坦《圣城报》援引加沙地带卫生部门今天（10月31日）发布的最新消息报道称，以军对加沙地带的空袭炮击等军事行动已造成8525人死亡，其中包括3542名儿童。此外据半岛电视台10月30日报道，巴勒斯坦约旦河西岸地区也已有至少119人死于 【】据巴勒斯坦《圣城报》援引加沙地带卫生部门今天（10月31日）发布的最新消息报道称，以军对加沙地带的空袭炮击等军事行动已造成8525人死亡，其中包括3542名儿童。此外据半岛电视台10月30日报道，巴勒斯坦约旦河西岸地区也已有至少119人死于连日来与以军的冲突，近2000人受伤。本轮冲突以色列方面的死亡人数一直未有准确的官方消息。以色列媒体10月30日曾报道称，本轮冲突已造成以色列方面1538人死亡。而半岛电视台同一天报道称以色列方面1405人死亡。不过这两个数字都没有得到以色列官方部门的证实。（央视新闻）,10月31日 19:25
【代表在安理会佩戴黄星，被谴责了】据《以色列时报》31日报道，针对以色列常驻联合国代表吉拉德·埃丹在安理会会议当众戴上黄星的做法，以色列亚德韦希姆大屠杀纪念馆馆长丹尼·达扬在社交平台上发文予以谴责，达扬表示，埃丹的做法“羞辱了大屠杀受害者和以色列国” 【代表在安理会佩戴黄星，被谴责了】据《以色列时报》31日报道，针对以色列常驻联合国代表吉拉德·埃丹在安理会会议当众戴上黄星的做法，以色列亚德韦希姆大屠杀纪念馆馆长丹尼·达扬在社交平台上发文予以谴责，达扬表示，埃丹的做法“羞辱了大屠杀受害者和以色列国”。据《以色列时报》31日报道，针对以色列常驻联合国代表吉拉德·埃丹在安理会会议当众戴上黄星的做法，以色列亚德韦希姆大屠杀纪念馆馆长丹尼·达扬在社交平台上发文予以谴责。达扬表示，埃丹的做法“羞辱了大屠杀受害者和以色列国”。报道称，达扬在帖文中还表示：“黄色补丁象征着犹太人的无助和受他人的摆布。今天我们已经拥有了一个独立的国家和一支强大的军队。”“我们掌握自己的命运。如今我们在领口佩戴的是蓝白（以色列）国旗，而不是黄色补丁。”10月30日，以色列常驻联合国代表吉拉德·埃丹在安理会会议上佩戴黄星。此前据法新社10月30日报道，在30日的联合国安理会会议上，以色列常驻联合国代表吉拉德·埃丹当众戴上了一颗黄星。他挑衅性地表示，只要安理会不谴责哈马斯的“残暴行为”，他就会“自豪地”佩戴黄星。报道称，埃丹指责安理会对哈马斯10月7日发动的袭击“保持沉默”。埃丹称：“那么从今天开始，每次你们看到我，你们就会想到面对罪恶保持沉默意味着什么。像我的祖辈和数百万犹太人的祖辈一样，我的团队和我都会佩戴黄星。”说着埃丹站起身来，给衣服别上了一颗黄星，上面刻有“再也不会（Never again）”字样。这种黄星是二战期间德国纳粹强迫犹太人佩戴的一种标识。报道还称，埃丹说：“你们中的某些人这80多年来什么也没学会。你们中的某些人忘记了这个组织（联合国）是为什么而创立的。”由于意见分歧很大，联合国安理会至今还没有通过任何有关以色列和哈马斯战争的决议。（环球网）,10月31日 19:20
有挪威医生出来辟谣，哈马斯总部在医院地下室纯属造谣。这以色列满嘴谎言的，谁信它谁智商低于90。,10月31日 19:13
【，中方表态】10月31日，外交部发言人汪文斌主持例行记者会。,10月31日 17:54
任何的借口都不能成为以色列占领军屠戮巴勒斯坦无辜妇女和儿童的理由，以色列近来又在联合国“一哭二闹三上吊”，无非就是两个目的，一是为以色列军队抢占加沙的土地和驱赶难民争取时间，二是宣扬以色列搞大屠杀的所谓“正义性”，这两个观点我们完全不能接受，我们认为以色列已经在宗教极端主义思想的 任何的借口都不能成为以色列占领军屠戮巴勒斯坦无辜妇女和儿童的理由，以色列近来又在联合国“一哭二闹三上吊”，无非就是两个目的，一是为以色列军队抢占加沙的土地和驱赶难民争取时间，二是宣扬以色列搞大屠杀的所谓“正义性”，这两个观点我们完全不能接受，我们认为以色列已经在宗教极端主义思想的道路上越走越远，全世界所有爱好和平的正义之士应当团结起来，共同谴责并制裁以色列的反人类行为！,10月31日 17:18
特朗普女婿库什纳说，因为巴以局势，犹太人在沙特阿拉伯都比在美国大学里安全，因为美国的大学里现在充满对犹太人的仇恨。库什纳是犹太人并且有以色列籍。,10月31日 17:03
美国著名议员林赛格雷汉姆说联合国“辱犹”，并且表示“联合国是这个世界上最辱犹的组织”。因为联合国呼吁以色列和哈马斯停火。,10月31日 17:00
【，中方回应】10月31日，外交部发言人汪文斌主持例行记者会。有记者提问，在联合国大会紧急特别会议28日高票通过巴以局势决议后，以色列方面表示坚决拒绝联合国要求加沙地带停火的决议。以常驻联合国代表将这一决议称作“耻辱”，称 【，中方回应】10月31日，外交部发言人汪文斌主持例行记者会。有记者提问，在联合国大会紧急特别会议28日高票通过巴以局势决议后，以色列方面表示坚决拒绝联合国要求加沙地带停火的决议。以常驻联合国代表将这一决议称作“耻辱”，称以色列将继续捍卫自己。中方对此有何评论？汪文斌表示，本次联大决议呼吁立即实现持久的人道主义休战，停止敌对行动，要求各方遵守国际法，保护平民，呼吁撤销加沙地带北部紧急疏散令，反对强行迁移巴勒斯坦平民，这反映出绝大多数国家的强烈呼声。“巴以冲突循环往复的根源在于巴勒斯坦领土长期被非法占领，巴勒斯坦人民独立建国的权利被长期忽视，巴勒斯坦民众的基本权利长期没有得到根本保障，这一历史不公不应再继续下去了。”汪文斌说。汪文斌指出，各国都有自卫权，但都应遵守国际法，特别是国际人道法，保护平民安全。每一条生命都是珍贵的，巴勒斯坦人民的生命和其他国家人民的生命一样都应当得到保护。当务之急是全面落实联大决议，停火止暴，避免局势进一步恶化，防止出现更大的人道主义灾难。“历史证明，武力无法带来持久和平，以暴易暴只会陷入冤冤相报的恶性循环。”汪文斌说，只有秉持共同安全理念，才能实现可持续安全，只有遵守国际法，才能保障国际公平与正义，只有坚持政治解决方向，才能彻底解决各方合理安全关切。解决巴勒斯坦问题的根本出路在于落实“两国方案”，实现巴勒斯坦和以色列和平共处。中方将继续为推动巴勒斯坦问题早日得到全面公正持久解决作出不懈努力。（观察者网）,10月31日 16:10
【，中方表态】10月31日，外交部发言人汪文斌主持例行记者会。有记者提问，在联合国大会紧急特别会议28日高票通过巴以局势决议后，以色列方面表示坚决拒绝联合国要求加沙地带停火的决议。以常驻联合国代表将这一决议称作“耻辱”，称以色列将继续捍卫自己。中方对此有何评 【，中方表态】10月31日，外交部发言人汪文斌主持例行记者会。有记者提问，在联合国大会紧急特别会议28日高票通过巴以局势决议后，以色列方面表示坚决拒绝联合国要求加沙地带停火的决议。以常驻联合国代表将这一决议称作“耻辱”，称以色列将继续捍卫自己。中方对此有何评论？汪文斌表示，本次联大决议呼吁立即实现持久的人道主义休战，停止敌对行动，要求各方遵守国际法，保护平民，呼吁撤销加沙地带北部紧急疏散令，反对强行迁移巴勒斯坦平民，这反映出绝大多数国家的强烈呼声。“巴以冲突循环往复的根源在于巴勒斯坦领土长期被非法占领，巴勒斯坦人民独立建国的权利被长期忽视，巴勒斯坦民众的基本权利长期没有得到根本保障，这一历史不公不应再继续下去了。”汪文斌说。汪文斌指出，各国都有自卫权，但都应遵守国际法，特别是国际人道法，保护平民安全。每一条生命都是珍贵的，巴勒斯坦人民的生命和其他国家人民的生命一样都应当得到保护。当务之急是全面落实联大决议，停火止暴，避免局势进一步恶化，防止出现更大的人道主义灾难。“历史证明，武力无法带来持久和平，以暴易暴只会陷入冤冤相报的恶性循环。”汪文斌说，只有秉持共同安全理念，才能实现可持续安全，只有遵守国际法，才能保障国际公平与正义，只有坚持政治解决方向，才能彻底解决各方合理安全关切。解决巴勒斯坦问题的根本出路在于落实“两国方案”，实现巴勒斯坦和以色列和平共处。中方将继续为推动巴勒斯坦问题早日得到全面公正持久解决作出不懈努力。,10月31日 16:07
【，中方表态】10月31日，外交部发言人汪文斌主持例行记者会。有记者提问，在联合国大会紧急特别会议28日高票通过巴以局势决议后，以色列方面表示坚决拒绝联合国要求加沙地带停火的决议。以常驻联合国代表将这一决议称作“耻辱”，称以色列将继续捍卫自己。中方对此有何评 【，中方表态】10月31日，外交部发言人汪文斌主持例行记者会。有记者提问，在联合国大会紧急特别会议28日高票通过巴以局势决议后，以色列方面表示坚决拒绝联合国要求加沙地带停火的决议。以常驻联合国代表将这一决议称作“耻辱”，称以色列将继续捍卫自己。中方对此有何评论？汪文斌表示，本次联大决议呼吁立即实现持久的人道主义休战，停止敌对行动，要求各方遵守国际法，保护平民，呼吁撤销加沙地带北部紧急疏散令，反对强行迁移巴勒斯坦平民，这反映出绝大多数国家的强烈呼声。“巴以冲突循环往复的根源在于巴勒斯坦领土长期被非法占领，巴勒斯坦人民独立建国的权利被长期忽视，巴勒斯坦民众的基本权利长期没有得到根本保障，这一历史不公不应再继续下去了。”汪文斌说。汪文斌指出，各国都有自卫权，但都应遵守国际法，特别是国际人道法，保护平民安全。每一条生命都是珍贵的，巴勒斯坦人民的生命和其他国家人民的生命一样都应当得到保护。当务之急是全面落实联大决议，停火止暴，避免局势进一步恶化，防止出现更大的人道主义灾难。“历史证明，武力无法带来持久和平，以暴易暴只会陷入冤冤相报的恶性循环。”汪文斌说，只有秉持共同安全理念，才能实现可持续安全，只有遵守国际法，才能保障国际公平与正义，只有坚持政治解决方向，才能彻底解决各方合理安全关切。解决巴勒斯坦问题的根本出路在于落实“两国方案”，实现巴勒斯坦和以色列和平共处。中方将继续为推动巴勒斯坦问题早日得到全面公正持久解决作出不懈努力。,10月31日 16:00
【以色列大使：诚实的国家都该“断供”联合国】据美国福克斯新闻频道网站报道，10月29日，以色列驻联合国大使吉拉德·埃丹接受采访时表示，诚实的国家都应取消对联合国的资助，直到偏见停止，直到反犹太主义停止。【以色列大使：诚实的国家都该“断供”联合国】据美国福克斯新闻频道网站报道，10月29日，以色列驻联合国大使吉拉德·埃丹接受采访时表示，诚实的国家都应取消对联合国的资助，直到偏见停止，直到反犹太主义停止。,10月31日 13:30
美国罗得岛州公务员因为说以色列对待加沙是灭绝而被开除,10月31日 10:13
从娃娃抓起，给儿童游戏投放支持以色列的广告……,10月31日 10:03
【以色列拒绝停火全力进攻加沙，最终计划是什么？丨北京观察】联大会议日前就巴以相关决议草案高票通过，不过美国、以色列则投下反对票，以色列方面甚至称该决议“耻辱”，以色列总统也强调“不会停火”。由于该决议没有法律效力，以色列依然在发起进 【以色列拒绝停火全力进攻加沙，最终计划是什么？丨北京观察】联大会议日前就巴以相关决议草案高票通过，不过美国、以色列则投下反对票，以色列方面甚至称该决议“耻辱”，以色列总统也强调“不会停火”。由于该决议没有法律效力，以色列依然在发起进攻行动，以色列总理内塔尼亚胡10月30日表示，以色列在加沙地带针对哈马斯的军事行动正取得“系统性进展”，表明以色列不会在加沙地带停火。以色列究竟想要达成什么样的结果？巴以冲突还将持续多久？值得注意的是，11月开始，中国担任联合国安理会轮值主席国。这也让外界更加关注中国的态度，以及将会如何处理当下巴以僵持的局面。,11月01日 22:39
乌克兰对于哈马斯来说反而是最安全的国家了 因为乌克兰和以色列都是美国拨款援助的哈马斯跑到乌克兰避难 不知道以色列会不会把乌克兰炸了毕竟他们都是老美在撑腰 ,11月01日 20:29
《竟然不属于以色列，而属于洪秀全。听我给你吹。二零一九年，以色列驻联合国代表丹尼丹浓在会议上拿着圣经宣读其中的经文，认为犹太人理应占据巴勒斯坦地区，因为巴勒斯坦就是当初上帝给他们的应许之地。按照这种说法，从宗教和法律综合来说，巴勒斯坦正统继承人还应该是 《竟然不属于以色列，而属于洪秀全。听我给你吹。二零一九年，以色列驻联合国代表丹尼丹浓在会议上拿着圣经宣读其中的经文，认为犹太人理应占据巴勒斯坦地区，因为巴勒斯坦就是当初上帝给他们的应许之地。按照这种说法，从宗教和法律综合来说，巴勒斯坦正统继承人还应该是洪秀全和他的后人。  》,11月01日 18:05
【以總理：正如美國當年不同意停火一樣 以色列也絕不會】（來源：參考消息）,11月01日 16:56
啊？是有啥不平等条约吗？为啥 ,11月01日 16:29
【以军深入加沙地带，哈马斯称坚守阵地】国防军10月31日发布消息称，以军当天在加沙地带的地面行动中打死数十名巴勒斯坦伊斯兰抵抗运动（哈马斯）的武装人员，并占据部分哈马斯军事据点。哈马斯方面称，当天与以军在加沙地带展开激战，并摧毁多辆以军车辆。 【以军深入加沙地带，哈马斯称坚守阵地】国防军10月31日发布消息称，以军当天在加沙地带的地面行动中打死数十名巴勒斯坦伊斯兰抵抗运动（哈马斯）的武装人员，并占据部分哈马斯军事据点。哈马斯方面称，当天与以军在加沙地带展开激战，并摧毁多辆以军车辆。,11月01日 16:00
地球之极·侣行 第八季 真的值得看一看被8米高的墙围起来的加沙，到处都有无人机和监控的加沙，真的是全世界最大的露天监狱只想世界和平 ,11月01日 15:36
超两万以军进入加沙。德媒：哈马斯早就准备好了大量伏击和狙击地点、坦克陷阱和诱杀装置。,11月01日 15:21
【加沙地带北部城市遭遇空袭，一难民营“完全被毁”】据半岛电视台报道，10月31日，对加沙北部城市贾巴利亚一住宅区发动空袭。初步报告显示，空袭致50人当场死亡，受伤人数尚未确定。目前数百人被送往当地医院。加沙地带民防部门负责人当天称，加沙地带北部贾巴利亚 【加沙地带北部城市遭遇空袭，一难民营“完全被毁”】据半岛电视台报道，10月31日，对加沙北部城市贾巴利亚一住宅区发动空袭。初步报告显示，空袭致50人当场死亡，受伤人数尚未确定。目前数百人被送往当地医院。加沙地带民防部门负责人当天称，加沙地带北部贾巴利亚的一难民营已被以色列的轰炸“完全摧毁”。该负责人称，这些建筑物容纳了数百名公民。,11月01日 14:45
平和的语气，一字一句，停顿，重音，有力，漠然的表情，没有威胁，但是威慑力十足！！！！网友:三分高傲  七分不屑，十分强硬。为张军大使点赞[比心][比心][比心],11月01日 14:43
【红十字国际委员会得以进入加沙北部各家医院，医务人员已经精疲力竭】红十字国际委员会代表阿莲娜·西年科对卫星通讯社表示， 红十字国际委员会得以进入加沙北部各家医院，那里的情况异常困难， 医务人员已经精疲力竭。西年科说：“红十字国际委员会在加沙的团队走访了加沙 【红十字国际委员会得以进入加沙北部各家医院，医务人员已经精疲力竭】红十字国际委员会代表阿莲娜·西年科对卫星通讯社表示， 红十字国际委员会得以进入加沙北部各家医院，那里的情况异常困难， 医务人员已经精疲力竭。西年科说：“红十字国际委员会在加沙的团队走访了加沙北部地区各家医院。 医疗需求十分巨大，医务人员已经精疲力竭，物资也所剩无几。 各家医院挤满寻求安全的民众。人们睡在医院的楼梯间。 成千上万的人无处可去，他们在医院寻求庇护。建筑墙壁在爆炸中摇晃， 团队人员亲历过这种情况。人民日复一日经历着这一磨难。”红十字国际委员会得以进入加沙北部各家医院，医务人员已经精疲力竭,11月01日 14:04
以色列的男人女人老人孩子是人，巴勒斯坦的人就不是人了？在这个话题下，这不是极大的讽刺吗！，,11月01日 13:58
以色列,11月01日 13:38
伦敦利物浦街火车站，民众声援巴勒斯坦呼吁以色列停火！不知道英国当局能不能听到这样的声音？,11月01日 13:32
【红十字国际委员会得以进入加沙北部各家医院，医务人员已经精疲力竭】红十字国际委员会代表阿莲娜·西年科对卫星通讯社表示， 红十字国际委员会得以进入加沙北部各家医院，那里的情况异常困难， 医务人员已经精疲力竭。西年科说：“红十字国际委员会在加沙的团队走访了加沙 【红十字国际委员会得以进入加沙北部各家医院，医务人员已经精疲力竭】红十字国际委员会代表阿莲娜·西年科对卫星通讯社表示， 红十字国际委员会得以进入加沙北部各家医院，那里的情况异常困难， 医务人员已经精疲力竭。西年科说：“红十字国际委员会在加沙的团队走访了加沙北部地区各家医院。 医疗需求十分巨大，医务人员已经精疲力竭，物资也所剩无几。 各家医院挤满寻求安全的民众。人们睡在医院的楼梯间。 成千上万的人无处可去，他们在医院寻求庇护。建筑墙壁在爆炸中摇晃， 团队人员亲历过这种情况。人民日复一日经历着这一磨难。”,11月01日 13:25
不讲武德的以色列，犹太人太可怕了！,11月01日 13:15
这一大家子人，在以军的轰炸中全部遇难！,11月01日 13:07
加沙儿童的微笑，家园没了可以再建，只要活着，她们终将长大。,11月01日 12:58
几乎“完全被毁”！10月31日，加沙地带北部杰巴利耶难民营遭以色列轰炸。相关部门统计，本次袭击已导致至少400人死伤，数十人被埋在废墟下。,11月01日 12:42
【埃尔多安：以色列在美国支持下25天来在犯下危害人类罪】土耳其总统雷杰普•塔伊普•埃尔多安表示，被西方和美国支持的领导人25天来在犯下危害人类罪。埃尔多安在土耳其内阁会议后在自己对民众发表的讲话中表示：“在欧洲和美国的完全支持下以色列政府25 【埃尔多安：以色列在美国支持下25天来在犯下危害人类罪】土耳其总统雷杰普•塔伊普•埃尔多安表示，被西方和美国支持的领导人25天来在犯下危害人类罪。埃尔多安在土耳其内阁会议后在自己对民众发表的讲话中表示：“在欧洲和美国的完全支持下以色列政府25天来在全世界面前在犯下危害人类罪。”他说，西方国家，尤其是欧洲国家，再一次在加沙没有经受住人道主义考验。,11月01日 12:20
上一遍有关哈馬斯的，多少人説是假新闻！无知者无畏，仿佛哈馬斯是他们爹了！现在半句説不得，爱国爱到巴勒斯坦了自己認知不足就不要整天説我發假新闻！================================還有説何中將没接受採訪的！============================内 上一遍有关哈馬斯的，多少人説是假新闻！无知者无畏，仿佛哈馬斯是他们爹了！现在半句説不得，爱国爱到巴勒斯坦了自己認知不足就不要整天説我發假新闻！================================還有説何中將没接受採訪的！============================内地不播放不代表没有，你不如説是AI合成？===================================,11月01日 11:43
以色列纯坏，做坏事回头装可怜，丧心病狂！ ,11月01日 11:10
哈马斯为何明知必死也要打，因为你们不知道加沙居民有多绝望？,11月01日 10:58
"微语简报～11月1日星期三～农历九月十八～每天三分钟，知晓天下事…【微语赏析】大多数人都在注视着别人的成功，而不去探究它背后的努力和汗水…& 路上认知世界，途中认清自己…& 真正的力量，源于内心的强大——一颗强大的内心，是治愈一切的良药，带你遇见更好的自己。强大内心的9个建议：①不 微语简报～11月1日星期三～农历九月十八～每天三分钟，知晓天下事…【微语赏析】大多数人都在注视着别人的成功，而不去探究它背后的努力和汗水…& 路上认知世界，途中认清自己…& 真正的力量，源于内心的强大——一颗强大的内心，是治愈一切的良药，带你遇见更好的自己。强大内心的9个建议：①不冲动，遇事冷静，三思而后行;②不纠结，放下压力，以平常心对待每个选择;③不自卑，接纳不足，努力成为更好的自己;④不逃避，放弃幻想，直面问题才能找到答案;⑤不盲从，坚守原则，保持独立思考的能力;⑥不拖延，拆解目标，立刻行动;⑦不比较，专注自身，保持自己的节奏;⑧不懈怠，坚持自律，掌握人生主动权;⑨不设限，别怕挑战，给自己尝试的机会;努力成为更好的自己，向上生长，迈向更广阔的天地。1、工农中建邮交六大行集体官宣：推出新一轮减费让利措施，降低多项收费标准；2、国内足金首饰价格普遍突破620元每克，创年内新高；3、新疆阿克苏沙雅县30日16时56分发生3.0级地震，震源深度20公里；4、北京新规：家电维修不明码标价最高将罚5000元；5、河北：到2025年，每个县（市、区）至少建成1所二级甲等县级医院；6、海南拟规定：实施营养改善计划的农村义务教育学校食堂，不得对外承包或者委托经营；7、安徽芜湖：12月1日起个人住房贷款可申请“商转公”；8、 字节跳动宣布除夕统一放假：不占用年假额度；9、2023年中国篮球名人堂推举名单确定，巴特尔、张卫平等入选；10、 菲舰非法闯入黄岩岛海域，南部战区：正告菲方立即停止侵权挑衅；11、 苏丹多州暴发霍乱疫情，已有73人死亡，310万人面临感染风险；12、 拜登签署行政命令，发布白宫首个生成式AI监管规定；13、 约旦军方要求美国在其境内部署“爱国者”防空导弹系统；14、以色列发动地面攻势：一度抵达加沙城郊区，切断加沙南北主干道；15、 俄外交部正式宣布终止与乌克兰签署的免签证旅行协议名流畅名流畅,流畅爽滑,多重润滑,奢宠爱,畅享快感!保证孕妇,多部位适用,整套轻薄,玻尿酸,防侧翼,持久保湿,男女情侣套,多色可选一带一路是多么和谐的全世界🌏人们互联互通～共同发展的画面…… 无赖强盗恐怖主义综合体-霉国🇺🇸及其走🐶们又在干嘛呢？爱好和平☮️安居乐业及不愿动荡不安的人们该清醒清醒的了…大家（包括你的闺蜜）都在排队哄抢的系列——限时限量特惠推广…",11月01日 10:36
"名流避孕套狼牙带刺大颗粒变态情趣安全套套超薄男女用旗舰店正品【推荐理由】名流畅名流畅,流畅爽滑,多重润滑,奢宠爱,畅享快感!保证孕妇,多部位适用,整套轻薄,玻尿酸,防侧翼,持久保湿,男女情侣套,多色可选名流避孕套狼牙带刺大颗粒变态情趣安全套套超薄男女用旗舰店正品【推荐理由】名流畅名流畅,流畅爽滑,多重润滑,奢宠爱,畅享快感!保证孕妇,多部位适用,整套轻薄,玻尿酸,防侧翼,持久保湿,男女情侣套,多色可选一带一路是多么和谐的全世界🌏人们互联互通～共同发展的画面…… 无赖强盗恐怖主义综合体-霉国🇺🇸及其走🐶们又在干嘛呢？爱好和平☮️安居乐业及不愿动荡不安的人们该清醒清醒的了…大家（包括你的闺蜜）都在排队哄抢的系列——限时限量特惠推广…【现价】139.9 元【券后价】27.12 元【优惠券】3 元",11月01日 10:35
"能量堡垒蓝莓叶黄素酯片DHA护眼儿童专利近视成人正品官方旗舰店【推荐理由】名流畅名流畅,流畅爽滑,多重润滑,奢宠爱,畅享快感!保证孕妇,多部位适用,整套轻薄,玻尿酸,防侧翼,持久保湿,男女情侣套,多色可选能量堡垒蓝莓叶黄素酯片DHA护眼儿童专利近视成人正品官方旗舰店【推荐理由】名流畅名流畅,流畅爽滑,多重润滑,奢宠爱,畅享快感!保证孕妇,多部位适用,整套轻薄,玻尿酸,防侧翼,持久保湿,男女情侣套,多色可选一带一路是多么和谐的全世界🌏人们互联互通～共同发展的画面…… 无赖强盗恐怖主义综合体-霉国🇺🇸及其走🐶们又在干嘛呢？爱好和平☮️安居乐业及不愿动荡不安的人们该清醒清醒的了…大家（包括你的闺蜜）都在排队哄抢的系列——限时限量特惠推广…【现价】109 元",11月01日 10:34
"能量堡垒蓝莓叶黄素酯片DHA护眼儿童专利近视成人正品官方旗舰店【推荐理由】名流畅名流畅,流畅爽滑,多重润滑,奢宠爱,畅享快感!保证孕妇,多部位适用,整套轻薄,玻尿酸,防侧翼,持久保湿,男女情侣套,多色可选能量堡垒蓝莓叶黄素酯片DHA护眼儿童专利近视成人正品官方旗舰店【推荐理由】名流畅名流畅,流畅爽滑,多重润滑,奢宠爱,畅享快感!保证孕妇,多部位适用,整套轻薄,玻尿酸,防侧翼,持久保湿,男女情侣套,多色可选一带一路是多么和谐的全世界🌏人们互联互通～共同发展的画面…… 无赖强盗恐怖主义综合体-霉国🇺🇸及其走🐶们又在干嘛呢？爱好和平☮️安居乐业及不愿动荡不安的人们该清醒清醒的了…大家（包括你的闺蜜）都在排队哄抢的系列——限时限量特惠推广…【现价】109 元",11月01日 10:34
"宣谷生姜洗发水防脱育发蓬松去屑止痒控油男女士老姜洗头膏露正品【推荐理由】修复干枯燥,固发防脱,强健发根,增发根,清仓发际线,防脱育发,持久留香,生姜强健发,有效解决脱发问题,不伤发,男女适用,抚平毛糙,男女均可适用名流畅名流畅,流畅爽滑,多重润滑,奢宠爱,畅享快感!保证孕妇,多部位适用,整套轻薄, 宣谷生姜洗发水防脱育发蓬松去屑止痒控油男女士老姜洗头膏露正品【推荐理由】修复干枯燥,固发防脱,强健发根,增发根,清仓发际线,防脱育发,持久留香,生姜强健发,有效解决脱发问题,不伤发,男女适用,抚平毛糙,男女均可适用名流畅名流畅,流畅爽滑,多重润滑,奢宠爱,畅享快感!保证孕妇,多部位适用,整套轻薄,玻尿酸,防侧翼,持久保湿,男女情侣套,多色可选一带一路是多么和谐的全世界🌏人们互联互通～共同发展的画面…… 无赖强盗恐怖主义综合体-霉国🇺🇸及其走🐶们又在干嘛呢？爱好和平☮️安居乐业及不愿动荡不安的人们该清醒清醒的了…大家（包括你的闺蜜）都在排队哄抢的系列——限时限量特惠推广…【现价】168 元【券后价】48 元【优惠券】30 元",11月01日 10:33
平和的语气，一字一句，停顿，重音，有力，漠然的表情，没有威胁，但是威慑力十足！！！！网友:三分高傲  七分不屑，十分强硬。为张军大使点赞[比心][比心][比心],11月01日 10:25
（新浪热点） ,11月01日 10:20
【本轮世卫组织警告加沙地带或发生公共卫生灾难】巴勒斯坦加沙地带卫生部门10月31日表示，本轮巴以冲突爆发以来，加沙地带已有8525人死亡。此外，约旦河西岸有110人死亡。另据以色列媒体援引以色列卫生部的消息称，本轮冲突中，以方已有超过1400人死亡。本 【本轮世卫组织警告加沙地带或发生公共卫生灾难】巴勒斯坦加沙地带卫生部门10月31日表示，本轮巴以冲突爆发以来，加沙地带已有8525人死亡。此外，约旦河西岸有110人死亡。另据以色列媒体援引以色列卫生部的消息称，本轮冲突中，以方已有超过1400人死亡。本轮冲突巴以双方死亡人数已超过10035人。（央视新闻客户端）,11月01日 10:10
【本轮世卫组织警告加沙地带或发生公共卫生灾难】巴勒斯坦加沙地带卫生部门10月31日表示，本轮巴以冲突爆发以来，加沙地带已有8525人死亡。此外，约旦河西岸有110人死亡。另据以色列媒体援引以色列卫生部的消息称，本轮冲突中，以方已有超过1400人死亡。本轮冲突巴以双方死 【本轮世卫组织警告加沙地带或发生公共卫生灾难】巴勒斯坦加沙地带卫生部门10月31日表示，本轮巴以冲突爆发以来，加沙地带已有8525人死亡。此外，约旦河西岸有110人死亡。另据以色列媒体援引以色列卫生部的消息称，本轮冲突中，以方已有超过1400人死亡。本轮冲突巴以双方死亡人数已超过10035人。（央视新闻客户端）,11月01日 10:07
藏红花正品非特级伊朗西红花西藏正宗臧红花茶功效官方旗舰店【推荐理由】一带一路是多么和谐的全世界🌏人们互联互通～共同发展的画面…… 无赖强盗恐怖主义综合体-霉 藏红花正品非特级伊朗西红花西藏正宗臧红花茶功效官方旗舰店【推荐理由】一带一路是多么和谐的全世界🌏人们互联互通～共同发展的画面…… 无赖强盗恐怖主义综合体-霉国🇺🇸及其走🐶们又在干嘛呢？爱好和平☮️安居乐业及不愿动荡不安的人们该清醒清醒的了…大家（包括你的闺蜜）都在排队哄抢的系列——限时限量特惠推广…【现价】218 元,11月01日 09:44
【】据界面新闻报道：当地时间10月31日，哥伦比亚总统佩特罗在社交媒体X上宣布，已决定召回驻大使。佩特罗称，“如果以色列不停止对巴勒斯坦人民的屠杀，我们就不能再待在那里。”同日，智利总统博里奇也宣布，鉴于“以色列在加沙地带犯下了令人无法 【】据界面新闻报道：当地时间10月31日，哥伦比亚总统佩特罗在社交媒体X上宣布，已决定召回驻大使。佩特罗称，“如果以色列不停止对巴勒斯坦人民的屠杀，我们就不能再待在那里。”同日，智利总统博里奇也宣布，鉴于“以色列在加沙地带犯下了令人无法接受的违反国际人道主义法的行为”，智利政府决定召回智利驻以色列大使。,11月01日 09:22
【以军深入加沙地带 哈马斯称坚守阵地】以色列国防军10月31日发布消息称，以军当天在加沙地带的地面行动中打死数十名巴勒斯坦伊斯兰抵抗运动（哈马斯）的武装人员，并占据部分哈马斯军事据点。哈马斯方面称，当天与以军在加沙地带展开激战，并摧毁多辆以军车辆。（央视新闻 【以军深入加沙地带 哈马斯称坚守阵地】以色列国防军10月31日发布消息称，以军当天在加沙地带的地面行动中打死数十名巴勒斯坦伊斯兰抵抗运动（哈马斯）的武装人员，并占据部分哈马斯军事据点。哈马斯方面称，当天与以军在加沙地带展开激战，并摧毁多辆以军车辆。（央视新闻）,11月01日 09:21
胆子肥了。美国呢，欧盟呢？出来耍耍！俄乌冲突不是叫得很欢吗,11月01日 09:12
截止目前，已有35名记者在这轮巴以冲突中遇难！这个伤亡人数已远远超过近年来的各类战争！,11月01日 09:10
御艾匠泡脚药包艾草本艾叶足浴祛寒湿泡脚粉包排湿养生男女士正品【推荐理由】一带一路是多么和谐的全世界🌏人们互联互通～共同发展的画面…… 无赖强盗恐怖主义综合体 御艾匠泡脚药包艾草本艾叶足浴祛寒湿泡脚粉包排湿养生男女士正品【推荐理由】一带一路是多么和谐的全世界🌏人们互联互通～共同发展的画面…… 无赖强盗恐怖主义综合体-霉国🇺🇸及其走🐶们又在干嘛呢？爱好和平☮️安居乐业及不愿动荡不安的人们该清醒清醒的了…大家（包括你的闺蜜）都在排队哄抢的系列——限时限量特惠推广…【现价】129 元【券后价】8.9 元【优惠券】20 元,11月01日 09:05
"名流避孕套正品超薄旗舰店裸入男用003玻尿酸情趣颗粒安全套女001【推荐理由】名流畅名流畅,流畅爽滑,多重润滑,奢宠爱,畅享快感!保证孕妇,多部位适用,整套轻薄,玻尿酸,防侧翼,持久保湿,男女情侣套,多色可选名流避孕套正品超薄旗舰店裸入男用003玻尿酸情趣颗粒安全套女001【推荐理由】名流畅名流畅,流畅爽滑,多重润滑,奢宠爱,畅享快感!保证孕妇,多部位适用,整套轻薄,玻尿酸,防侧翼,持久保湿,男女情侣套,多色可选一带一路是多么和谐的全世界🌏人们互联互通～共同发展的画面…… 无赖强盗恐怖主义综合体-霉国🇺🇸及其走🐶们又在干嘛呢？爱好和平☮️安居乐业及不愿动荡不安的人们该清醒清醒的了…大家（包括你的闺蜜）都在排队哄抢的系列——限时限量特惠推广…【现价】199 元",11月01日 09:05
御艾匠泡脚药包艾草本艾叶足浴祛寒湿泡脚粉包排湿养生男女士正品【推荐理由】一带一路是多么和谐的全世界🌏人们互联互通～共同发展的画面…… 无赖强盗恐怖主义综合体 御艾匠泡脚药包艾草本艾叶足浴祛寒湿泡脚粉包排湿养生男女士正品【推荐理由】一带一路是多么和谐的全世界🌏人们互联互通～共同发展的画面…… 无赖强盗恐怖主义综合体-霉国🇺🇸及其走🐶们又在干嘛呢？爱好和平☮️安居乐业及不愿动荡不安的人们该清醒清醒的了…大家（包括你的闺蜜）都在排队哄抢的系列——限时限量特惠推广…【现价】129 元【券后价】8.9 元【优惠券】20 元,11月01日 09:05
芬生源皮肤保湿修护敷料敏感肌修护医用医美敷料术后械字号单导膜【推荐理由】一带一路是多么和谐的全世界🌏人们互联互通～共同发展的画面…… 无赖强盗恐怖主义综合体 芬生源皮肤保湿修护敷料敏感肌修护医用医美敷料术后械字号单导膜【推荐理由】一带一路是多么和谐的全世界🌏人们互联互通～共同发展的画面…… 无赖强盗恐怖主义综合体-霉国🇺🇸及其走🐶们又在干嘛呢？爱好和平☮️安居乐业及不愿动荡不安的人们该清醒清醒的了…大家（包括你的闺蜜）都在排队哄抢的系列——限时限量特惠推广…【现价】368 元,11月01日 09:04
味寞蛋黄酥礼盒雪媚娘中式糕点点心纯手工咸鸭蛋黄代餐零食下午茶【推荐理由】一带一路是多么和谐的全世界🌏人们互联互通～共同发展的画面…… 无赖强盗恐怖主义综合体 味寞蛋黄酥礼盒雪媚娘中式糕点点心纯手工咸鸭蛋黄代餐零食下午茶【推荐理由】一带一路是多么和谐的全世界🌏人们互联互通～共同发展的画面…… 无赖强盗恐怖主义综合体-霉国🇺🇸及其走🐶们又在干嘛呢？爱好和平☮️安居乐业及不愿动荡不安的人们该清醒清醒的了…大家（包括你的闺蜜）都在排队哄抢的系列——限时限量特惠推广…【现价】16.8 元【券后价】9.8 元【优惠券】7 元,11月01日 09:04
可人净内衣洗衣液内衣内裤清洗液去污血渍留香清洁柔顺剂低泡男女【推荐理由】一带一路是多么和谐的全世界🌏人们互联互通～共同发展的画面…… 无赖强盗恐怖主义综合体 可人净内衣洗衣液内衣内裤清洗液去污血渍留香清洁柔顺剂低泡男女【推荐理由】一带一路是多么和谐的全世界🌏人们互联互通～共同发展的画面…… 无赖强盗恐怖主义综合体-霉国🇺🇸及其走🐶们又在干嘛呢？爱好和平☮️安居乐业及不愿动荡不安的人们该清醒清醒的了…大家（包括你的闺蜜）都在排队哄抢的系列——限时限量特惠推广…【现价】29.9 元【券后价】12.9 元【优惠券】7 元,11月01日 09:04
PH依姿雅燕窝胶原蛋白肽复合果汁饮口服液肤色小分子肽饮品【推荐理由】一带一路是多么和谐的全世界🌏人们互联互通～共同发展的画面…… 无赖强盗恐怖主义综合体-霉国 PH依姿雅燕窝胶原蛋白肽复合果汁饮口服液肤色小分子肽饮品【推荐理由】一带一路是多么和谐的全世界🌏人们互联互通～共同发展的画面…… 无赖强盗恐怖主义综合体-霉国🇺🇸及其走🐶们又在干嘛呢？爱好和平☮️安居乐业及不愿动荡不安的人们该清醒清醒的了…大家（包括你的闺蜜）都在排队哄抢的系列——限时限量特惠推广…【现价】159 元,11月01日 09:04
第六感003玻尿酸避孕套超薄正品旗舰店安全套001持久装防早泄男用【推荐理由】一带一路是多么和谐的全世界🌏人们互联互通～共同发展的画面…… 无赖强盗恐怖主义综合体 第六感003玻尿酸避孕套超薄正品旗舰店安全套001持久装防早泄男用【推荐理由】一带一路是多么和谐的全世界🌏人们互联互通～共同发展的画面…… 无赖强盗恐怖主义综合体-霉国🇺🇸及其走🐶们又在干嘛呢？爱好和平☮️安居乐业及不愿动荡不安的人们该清醒清醒的了…大家（包括你的闺蜜）都在排队哄抢的系列——限时限量特惠推广…【现价】199 元【券后价】39.9 元【优惠券】10 元,11月01日 09:02
【以军深入加沙地带 哈马斯称坚守阵地】以色列国防军10月31日发布消息称，以军当天在加沙地带的地面行动中打死数十名巴勒斯坦伊斯兰抵抗运动（哈马斯）的武装人员，并占据部分哈马斯军事据点。哈马斯方面称，当天与以军在加沙地带展开激战，并摧毁多辆以军车辆。【以军深入加沙地带 哈马斯称坚守阵地】以色列国防军10月31日发布消息称，以军当天在加沙地带的地面行动中打死数十名巴勒斯坦伊斯兰抵抗运动（哈马斯）的武装人员，并占据部分哈马斯军事据点。哈马斯方面称，当天与以军在加沙地带展开激战，并摧毁多辆以军车辆。,11月01日 08:56
以色列对加沙北部贾巴利亚难民营发动了猛烈轰炸，目前，已造成至少47人死亡！,11月01日 08:52
【以色列证实空袭加萨北部难民营 声称击毙哈玛斯指挥官】以色列军方证实今天空袭加萨走廊北部贾巴利亚（Jabalia）难民营，并表示这项行动成功击毙一名和7日突击以色列有关的哈玛斯（Hamas）主要指挥官。,11月01日 08:49
这个锅应该美国背，管不好自己的爹，也是有责任的！,11月01日 08:41
【首个！】在当地时间31日举行的新闻发布会上，玻利维亚外交部副部长弗雷迪·马马尼（Freddy Mamani）宣布，玻利维亚“在尊重生命的原则立场框架内，决定与断交，拒绝并谴责以色列在加沙地带进行的侵略性和不成比例的军事进攻”。玻利维亚太刚了！【首个！】在当地时间31日举行的新闻发布会上，玻利维亚外交部副部长弗雷迪·马马尼（Freddy Mamani）宣布，玻利维亚“在尊重生命的原则立场框架内，决定与断交，拒绝并谴责以色列在加沙地带进行的侵略性和不成比例的军事进攻”。玻利维亚太刚了！压力来到了阿拉伯国家！第二个准备与以色列断交的国家会是哪个？！多米诺骨牌会倒么？！,11月01日 08:38
感觉以色列和美国，胁迫或者故意拖中东和中俄下场开始三战！巴就像是人质，以是kb分子，你们不入场踏入陷阱，我就刹人质！以上推论的前提是，美以看似是疯子，实际上zz首脑不可能是疯子，毕竟有所预谋！ ,11月01日 08:37
以色列驻联合国代表佩戴黄星，想让别人同情它，却引起了适得其反的效果，因为它们现在所做的不正是曾经.纳.粹.做得吗？,11月01日 08:37
【埃尔多安：以色列在美国支持下25天来在犯下危害人类罪】土耳其总统雷杰普•塔伊普•埃尔多安表示，被西方和美国支持的领导人25天来在犯下危害人类罪。埃尔多安在土耳其内阁会议后在自己对民众发表的讲话中表示：“在欧洲和美国的完全支持下以色列政府25天来在全 【埃尔多安：以色列在美国支持下25天来在犯下危害人类罪】土耳其总统雷杰普•塔伊普•埃尔多安表示，被西方和美国支持的领导人25天来在犯下危害人类罪。埃尔多安在土耳其内阁会议后在自己对民众发表的讲话中表示：“在欧洲和美国的完全支持下以色列政府25天来在全世界面前在犯下危害人类罪。”他说，西方国家，尤其是欧洲国家，再一次在加沙没有经受住人道主义考验。,11月01日 08:35
玻利维亚宣布：考虑到以色列在加沙地带对巴勒斯坦人民犯下的罪行，玻利维亚决定与以色列断绝外交关系。玻利维亚好样的……,11月01日 08:34
以色列，犹太人啊，贴上人间恶魔的标签。以后毁灭他们是无话可说了 ,11月01日 08:33
一个以色列拒绝联合国挺火决议，以后其他国家也都可以学习以色列，联合国还有什么存在意义。 ,11月01日 08:28
【】当地时间10月31日，玻利维亚政府宣布，考虑到以色列“在加沙地带对巴勒斯坦人民犯下的罪行”，玻利维亚决定与以色列国断绝外交关系。玻利维亚外交部副部长弗雷迪·马马尼表示，将通过与以色列之间建立的外交渠道进行正式沟通，他表示这一沟通符合《联合国宪章》的原则 【】当地时间10月31日，玻利维亚政府宣布，考虑到以色列“在加沙地带对巴勒斯坦人民犯下的罪行”，玻利维亚决定与以色列国断绝外交关系。玻利维亚外交部副部长弗雷迪·马马尼表示，将通过与以色列之间建立的外交渠道进行正式沟通，他表示这一沟通符合《联合国宪章》的原则和宗旨。玻政府还要求停止对加沙地带的袭击，并要求停止阻止食品、水和其他生活必需品进入封锁区。（央视新闻客户端）,11月01日 08:26
【】以色列国防军发言人当地时间10月31日表示，随着以军深入巴勒斯坦伊斯兰抵抗运动（哈马斯）控制的区域，加沙地带的战斗将变得更加复杂。发言人表示，“这将是复杂的近距离战斗。在今天发生的激烈战斗中，我们失去了两名士兵”。（央视新闻客户端）【】以色列国防军发言人当地时间10月31日表示，随着以军深入巴勒斯坦伊斯兰抵抗运动（哈马斯）控制的区域，加沙地带的战斗将变得更加复杂。发言人表示，“这将是复杂的近距离战斗。在今天发生的激烈战斗中，我们失去了两名士兵”。（央视新闻客户端）,11月01日 08:25
犹太人 ,11月01日 08:23
以色列丧心病狂了 是想挑起第三次世界大战吗 有美丽国撑腰就肆无忌惮了吗？！小心自食恶果,11月01日 08:23
【以色列怎么走到人见人恨的地步？】曾经去过以色列，对该国的科技和管理还挺👍的，现在居然在联合国大会上公开拒绝停火，真不知以色列的头怎么想的！以色列在联合国的发言人丑遍世界了 ，疯狂傲慢和猖狂嚣张的本性，让 【以色列怎么走到人见人恨的地步？】曾经去过以色列，对该国的科技和管理还挺👍的，现在居然在联合国大会上公开拒绝停火，真不知以色列的头怎么想的！以色列在联合国的发言人丑遍世界了 ，疯狂傲慢和猖狂嚣张的本性，让世界更多的人孤立以色列和犹太人。,11月01日 08:22
断交吧，还留着过年啊,11月01日 08:22
和平才是发展的唯一出路 ,11月01日 08:18
联合国这么垃圾了? ,11月01日 08:18
毒瘤 ,11月01日 08:18
所以，巴以两方，不是你死就是我亡吧？ ,11月01日 08:15
看了好几个关于以色列的新闻  联合国只会劝以色列停火  怎么不劝也门 加沙 哈马斯呢？？？这就好像有人打你 你狠狠还击的时候 所有人跳出来指责你不应该打人  我TM看到这些就生气！！！别的国家因为战争死人了 难道以色列就没有因为战争而死人？？以色列就应该接受极端分子 看了好几个关于以色列的新闻  联合国只会劝以色列停火  怎么不劝也门 加沙 哈马斯呢？？？这就好像有人打你 你狠狠还击的时候 所有人跳出来指责你不应该打人  我TM看到这些就生气！！！别的国家因为战争死人了 难道以色列就没有因为战争而死人？？以色列就应该接受极端分子的炮火？？？打！！！狠狠地还击！！！让那些跳脚狗老实的窝着！不要因为以色列人少就好欺负,11月01日 08:12
真是有幸，看到世界的真相逐渐暴露在太阳底下。太阳底下无新鲜事☀ ,11月01日 08:09
可以组建联合国军队介入了 ,11月01日 08:07
,11月01日 07:57
以色列：我主子漂亮国不让停，你算个🥚🥚,11月01日 07:56
【媒体：以色列铲除哈马斯的计划已经完成10%】“ Israel Hayom”报援引以色列高级官员的话报道，铲除巴勒斯坦哈马斯运动这一目标已经完成10%。“ Israel Hayom”报在报道中说：“在实现铲除哈马斯这一目标的道路上我们已经迈进了大约10%。”,11月01日 07:53
战争未开始联合国或许有点用，战事一开，联合国就是摆设了。 ,11月01日 07:52
"【佳学基因检测】远端关节挛缩1B型可以阻断遗传吗？基因检测免费项目立即咨询：分子诊断导读：1B型远端关节挛缩是一种由基因序列异常引起的疾病。其英文疾病名称为Arthrogryposis, Distal, Type 1b、Da1b、Distal Arthrogryposis Type 1b、Arthrogryposis, Dist 【佳学基因检测】远端关节挛缩1B型可以阻断遗传吗？基因检测免费项目立即咨询：分子诊断导读：1B型远端关节挛缩是一种由基因序列异常引起的疾病。其英文疾病名称为Arthrogryposis, Distal, Type 1b、Da1b、Distal Arthrogryposis Type 1b、Arthrogryposis, Distal, 1b。诊断和治疗需要采用分子诊断技术。佳学基因通过基因解码建立这一疾病的临床表征与基因序列变化的关系，可以提供致力找到病因、阻断遗传的基因解码和出于风险考虑的基因检测。1B型远端关节挛缩疾病介绍：在佳学基因收集的《骨科疾病表现及其内在原因》中，有一个跨越5代的家族性遗传病例，其中 12 名成员患有 1 型远端关节弯曲。12 名成员中有 9 名患有先天性马蹄内翻足（马蹄内翻足），另外 3 名患有先天性垂直距骨。 除 1 名女性为左侧马蹄内翻足和 1 名女性为右侧马蹄内翻足外，所有病例的下肢挛缩均为双侧。 12 人中有 5 人手部挛缩，表现为手指弯曲和尺骨偏斜（3 人）或第四指伸展挛缩（2 人）。 其他 7 人没有手部异常的描述。由此得知该病临床表征有：马蹄内翻足；关节挛缩；马蹄内翻变形；脚关节挛缩；手指关节痉挛。骨科基因检测科普文章全文阅读：测基因，阻遗传，就在佳学基因干！()",11月01日 07:49
【】以色列媒体当地时间10月31日援引以色列国防军消息称，当天以军在黎巴嫩南部摧毁了一个试图实施反坦克导弹袭击的真主党据点。此外，以军还对黎巴嫩真主党在该地区的另一处据点实施了打击，作为以色列北部多次遭受火箭弹袭击的回应。（央视新闻客户端）【】以色列媒体当地时间10月31日援引以色列国防军消息称，当天以军在黎巴嫩南部摧毁了一个试图实施反坦克导弹袭击的真主党据点。此外，以军还对黎巴嫩真主党在该地区的另一处据点实施了打击，作为以色列北部多次遭受火箭弹袭击的回应。（央视新闻客户端）,11月01日 07:44
建议联合国组织军队，踏平以色列 ,11月01日 07:43
贾巴利亚营地的整个街区被以色列战机夷为平地，造成数百人遇难。,11月01日 07:43
【】当地时间10月31日晚，哈马斯下属武装派别卡桑旅发言人表示，目前卡桑旅正在加沙地带的多个地区同以色列国防军对峙。此外，卡桑旅已经通知各个斡旋方，该组织将在未来几天释放一些外国人质。据《以色列时报》31日晚报道，以色列国防部长加兰特当天表示，目前以色 【】当地时间10月31日晚，哈马斯下属武装派别卡桑旅发言人表示，目前卡桑旅正在加沙地带的多个地区同以色列国防军对峙。此外，卡桑旅已经通知各个斡旋方，该组织将在未来几天释放一些外国人质。据《以色列时报》31日晚报道，以色列国防部长加兰特当天表示，目前以色列国防军已经深入加沙地带，并且进行了大规模的军事部署。（央视新闻客户端）,11月01日 07:43
建议以色列废除联合会 五常聊天平台,11月01日 07:41
【】当地时间10月31日，卡塔尔外交部发言人马吉德·安萨里表示，卡塔尔政府对以色列国防军进入加沙地带实施地面军事行动深表关切，认为这一举措是“危险的”，给当地人道主义局势带来破坏性影响。他警告说，以方军事行动将危及被扣押人员的安全，并给 【】当地时间10月31日，卡塔尔外交部发言人马吉德·安萨里表示，卡塔尔政府对以色列国防军进入加沙地带实施地面军事行动深表关切，认为这一举措是“危险的”，给当地人道主义局势带来破坏性影响。他警告说，以方军事行动将危及被扣押人员的安全，并给卡塔尔主导的调停努力造成灾难性后果。他同时指出，卡塔尔将继续推进缓和巴以局势的外交努力，以期减少流血冲突，为巴以问题寻找到一条可持续的政治解决方案。（央视新闻客户端）,11月01日 07:41
【】当地时间10月31日，埃及媒体引用消息人士话报道，埃及拉法口岸陆路过境点将于11月1日开放，以接收部分受伤的加沙平民。当天，埃及强烈谴责以色列对加沙杰巴利耶难民营的袭击行为，称这一违反国际法和国际人道主义法的行为，加剧了加沙地带不断恶化的人 【】当地时间10月31日，埃及媒体引用消息人士话报道，埃及拉法口岸陆路过境点将于11月1日开放，以接收部分受伤的加沙平民。当天，埃及强烈谴责以色列对加沙杰巴利耶难民营的袭击行为，称这一违反国际法和国际人道主义法的行为，加剧了加沙地带不断恶化的人道主义状况，使得当前危机变的更加复杂。（央视新闻客户端）,11月01日 07:40
"【佳学基因检测】远端关节挛缩1B型可以阻断遗传吗？基因检测免费项目立即咨询：分子诊断导读：1B型远端关节挛缩是一种由基因序列异常引起的疾病。其英文疾病名称为Arthrogryposis, Distal, Type 1b、Da1b、Distal Arthrogryposis Type 1b、Arthrogryposis, Dist 【佳学基因检测】远端关节挛缩1B型可以阻断遗传吗？基因检测免费项目立即咨询：分子诊断导读：1B型远端关节挛缩是一种由基因序列异常引起的疾病。其英文疾病名称为Arthrogryposis, Distal, Type 1b、Da1b、Distal Arthrogryposis Type 1b、Arthrogryposis, Distal, 1b。诊断和治疗需要采用分子诊断技术。佳学基因通过基因解码建立这一疾病的临床表征与基因序列变化的关系，可以提供致力找到病因、阻断遗传的基因解码和出于风险考虑的基因检测。1B型远端关节挛缩疾病介绍：在佳学基因收集的《骨科疾病表现及其内在原因》中，有一个跨越5代的家族性遗传病例，其中 12 名成员患有 1 型远端关节弯曲。12 名成员中有 9 名患有先天性马蹄内翻足（马蹄内翻足），另外 3 名患有先天性垂直距骨。 除 1 名女性为左侧马蹄内翻足和 1 名女性为右侧马蹄内翻足外，所有病例的下肢挛缩均为双侧。 12 人中有 5 人手部挛缩，表现为手指弯曲和尺骨偏斜（3 人）或第四指伸展挛缩（2 人）。 其他 7 人没有手部异常的描述。由此得知该病临床表征有：马蹄内翻足；关节挛缩；马蹄内翻变形；脚关节挛缩；手指关节痉挛。骨科基因检测科普文章全文阅读：测基因，阻遗传，就在佳学基因干！()",11月01日 07:40
【】以色列陆军电台当地时间10月31日晚报道称，当天以色列国防军在加沙地带发动地面行动，打死了50名巴勒斯坦伊斯兰抵抗运动（哈马斯）武装人员，并占领了加沙地带北部杰巴利耶以西的哈马斯军事据点，包含地下隧道、火箭弹发射阵地和武器弹药库。（ 【】以色列陆军电台当地时间10月31日晚报道称，当天以色列国防军在加沙地带发动地面行动，打死了50名巴勒斯坦伊斯兰抵抗运动（哈马斯）武装人员，并占领了加沙地带北部杰巴利耶以西的哈马斯军事据点，包含地下隧道、火箭弹发射阵地和武器弹药库。（央视新闻客户端）,11月01日 07:38
【哈马斯否认】以色列国防军当地时间10月31日表示，当天在对加沙地带贾巴利亚的袭击中打死巴勒斯坦伊斯兰抵抗运动（哈马斯）高级指挥官易卜拉欣·比亚里。此外，袭击还导致一些地下隧道倒塌，附近的几座建筑物被摧毁。以色列媒体报道称，至少有50人在袭击和随后的坍塌 【哈马斯否认】以色列国防军当地时间10月31日表示，当天在对加沙地带贾巴利亚的袭击中打死巴勒斯坦伊斯兰抵抗运动（哈马斯）高级指挥官易卜拉欣·比亚里。此外，袭击还导致一些地下隧道倒塌，附近的几座建筑物被摧毁。以色列媒体报道称，至少有50人在袭击和随后的坍塌中丧生。以色列国防军称，比亚里是哈马斯指挥官之一，负责指挥哈马斯成员开展了10月7日对以色列的袭击。据《以色列邮报》31日报道，以色列军方发言人表示，以军已控制加沙地带贾巴利亚西部的哈马斯军事据点。随后，哈马斯否认以色列在贾巴利亚击毙其指挥官说法，称以色列的说法是“毫无根据的谎言”。（央视新闻客户端）,11月01日 07:37
【大火引发地雷爆炸】根据黎巴嫩国家通讯社报道，当地时间10月31日，黎巴嫩南部边境多个村镇遭到来自以色列一侧的炮击，布斯坦至马尔瓦辛之间的山谷遭以方燃烧弹袭击。黎以临时边界最西端的拉布内赫遭袭后引发山火，山火致多枚地雷爆炸。（央视新闻客户端）【大火引发地雷爆炸】根据黎巴嫩国家通讯社报道，当地时间10月31日，黎巴嫩南部边境多个村镇遭到来自以色列一侧的炮击，布斯坦至马尔瓦辛之间的山谷遭以方燃烧弹袭击。黎以临时边界最西端的拉布内赫遭袭后引发山火，山火致多枚地雷爆炸。（央视新闻客户端）,11月01日 07:35
以色列对加沙贾巴利亚难民营进行大轰炸后，死者和伤者正在从废墟中被救出。,11月01日 07:35
以色列轰炸加沙的贾巴利亚难民营后，巴勒斯坦儿童正被从废墟中拉出来。,11月01日 07:34
【】联合国近东巴勒斯坦难民救济和工程处当地时间10月31日晚表示，自10月7日巴以爆发新一轮大规模冲突以来，该机构已有67名工作人员丧生。（央视新闻客户端）,11月01日 07:34
联合国算p ,11月01日 07:33
联合国近东救济工程处专员菲利普·拉扎里尼（Philippe Lazzarini）向联合国安理会发出呼吁，希望安理会承担责任，作出决定，责成以色列占领者停止对被围困的加沙地带的野蛮侵略。由于美国对巴西的一项决议草案行使否决权，以及对俄罗斯的两项决议草案持反对态度，安理会迄今未能这样做。Lazzarini明确表 联合国近东救济工程处专员菲利普·拉扎里尼（Philippe Lazzarini）向联合国安理会发出呼吁，希望安理会承担责任，作出决定，责成以色列占领者停止对被围困的加沙地带的野蛮侵略。由于美国对巴西的一项决议草案行使否决权，以及对俄罗斯的两项决议草案持反对态度，安理会迄今未能这样做。Lazzarini明确表示，自10月7日以来，占领者的轰炸迫使加沙地带230万居民中的一半以上从北部逃往南部，南部也不能幸免于轰炸，因为许多人在那里丧生。他指出，超过67万流离失所者挤在学校和联合国大楼里，生活在不卫生的环境中，得不到足够的食物和水，睡在地上或露天，饥饿和绝望正在变成对国际社会的厌恶。他呼吁立即停止侵略，并在为时已晚之前将人道主义援助带入加沙地带。,11月01日 07:33
【】当地时间10月31日，意大利、法国在意大利都灵举行首次跨境合作委员会会议。意大利总理兼外长塔亚尼和法国外长科隆纳主持会议。会上，两国外长表示将共同致力于政治解决巴以冲突。塔亚尼说，意大利和法国致力于缓和中东局势，防止冲突蔓延至其他国家，将与 【】当地时间10月31日，意大利、法国在意大利都灵举行首次跨境合作委员会会议。意大利总理兼外长塔亚尼和法国外长科隆纳主持会议。会上，两国外长表示将共同致力于政治解决巴以冲突。塔亚尼说，意大利和法国致力于缓和中东局势，防止冲突蔓延至其他国家，将与各方积极对话以实现和平。科隆纳强调说，应寻求政治解决方案。“两国方案”是确保两国人民和平与安全的唯一可行方案。（央视新闻客户端）,11月01日 07:32
在以色列不断空袭遭围困的巴勒斯坦领土加沙之际，欧盟女议员克莱尔·戴利继续为巴勒斯坦发声！,11月01日 07:32
【】以色列国防军发言人当地时间10月31日表示，随着以军深入巴勒斯坦伊斯兰抵抗运动（哈马斯）控制的区域，加沙地带的战斗将变得更加复杂。发言人表示，“这将是复杂的近距离战斗。在今天发生的激烈战斗中，我们失去了两名士兵”。（央视新闻客户端）【】以色列国防军发言人当地时间10月31日表示，随着以军深入巴勒斯坦伊斯兰抵抗运动（哈马斯）控制的区域，加沙地带的战斗将变得更加复杂。发言人表示，“这将是复杂的近距离战斗。在今天发生的激烈战斗中，我们失去了两名士兵”。（央视新闻客户端）,11月01日 07:31
他们到底要怎样啊！！！！！战争太残酷了,11月01日 07:30
这就是米国佬的道貌岸然，俄乌战争，迫不及待的要把中国拖下水，又是让调停又是让中国管俄罗斯的轮到以色列，停火，不行，保障平民，不行 ,11月01日 07:29
滚啊 sb ,11月01日 07:29
【，称这些医院是“恐怖分子的总部”】当地时间10月31日，以色列国家安全顾问察希·哈内格比要求巴勒斯坦民众远离加沙地带北部的医院，声称这些医院是“恐怖分子的总部”。（央视新闻客户端）,11月01日 07:26
“历史证明，武力无法带来持久和平，以暴易暴只会陷入冤冤相报的恶性循环。”,11月01日 07:25
【巴方称已有超1760名巴勒斯坦人在约旦河西岸被以色列方面扣押】巴勒斯坦囚犯协会当地时间10月31日晚发表声明，称当天以色列国防军在约旦河西岸扣押了20名巴勒斯坦人。自10月7日巴以新一轮大规模冲突爆发以来，以色列方面已经扣押了超过1760名巴勒斯 【巴方称已有超1760名巴勒斯坦人在约旦河西岸被以色列方面扣押】巴勒斯坦囚犯协会当地时间10月31日晚发表声明，称当天以色列国防军在约旦河西岸扣押了20名巴勒斯坦人。自10月7日巴以新一轮大规模冲突爆发以来，以色列方面已经扣押了超过1760名巴勒斯坦人。（央视新闻客户端）,11月01日 07:24
“对不起，过去24小时里我们经历了很多事。电只来了30分钟，我们家有30个人，都靠这一个电池。日落时分，天快要黑了，以色列轰炸了我最好的朋友（也是我的邻居）的家。朋友和丈夫、孩子去了医院，逃过一劫，但她的妈妈和妹妹都死了，丈夫的父亲也死了。那个妹妹才17岁，刚刚 “对不起，过去24小时里我们经历了很多事。电只来了30分钟，我们家有30个人，都靠这一个电池。日落时分，天快要黑了，以色列轰炸了我最好的朋友（也是我的邻居）的家。朋友和丈夫、孩子去了医院，逃过一劫，但她的妈妈和妹妹都死了，丈夫的父亲也死了。那个妹妹才17岁，刚刚通过巴勒斯坦高考，她特别聪明，以后想做一个医生。”“就在刚刚！又一次空袭！你看，这就是我们的处境！就连这种（轻松的）时刻都要被毁掉！大家都很害怕，刚才那次空袭很厉害！”“加沙已经没有安全的地方了。人们迷失了方向，他们只是从一个地方跑到另一个地方，因为他们认为这样会更安全。”“用衣服做绷带，包住大面积烧伤处；用商店里买来的食用醋做消毒剂；用缝衣针做手术针。由于没有足够的抗生素，他无法为严重细菌感染的患者提供完整的治疗，只能开一些药片。”医疗系统已经濒临崩溃。自10月7日起，巴勒斯坦伊斯兰抵抗运动（哈马斯）和以色列之间爆发大规模战争，目前已导致双方超过9800人死亡。加沙卫生部门表示，加沙地带死亡人数超过8306人。过去75年历史里，冲突和战争一直是加沙地带的常态。近10年来，在以色列的封锁和哈马斯治理下的加沙经济濒临崩溃，却因中东热点转移、巴以冲突被国际社会边缘化，出现了罕见的“平静”状态。生活在加沙的人们得到一点喘息机会，开始在夹缝中规划自己的未来。这次大规模战争打破了短暂的“平静”，让脆弱的加沙几乎走向崩溃，也击碎了普通人对未来的微小希望。（作者：吴淑斌 程靖）,11月01日 07:21
【】当地时间10月31日，也门胡塞武装军方发言人叶海亚·萨里阿在也门首都萨那发表电视讲话称，胡塞武装发射大量导弹并使用无人机，袭击了以色列境内的多个目标。这名发言人警告称，如果以色列对加沙地带的进攻继续，胡塞武装将发动更多袭击。（央视新闻客户端 【】当地时间10月31日，也门胡塞武装军方发言人叶海亚·萨里阿在也门首都萨那发表电视讲话称，胡塞武装发射大量导弹并使用无人机，袭击了以色列境内的多个目标。这名发言人警告称，如果以色列对加沙地带的进攻继续，胡塞武装将发动更多袭击。（央视新闻客户端）,11月01日 07:21
【】以色列媒体当地时间10月31日援引以色列国防军消息称，当天以军在黎巴嫩南部摧毁了一个计划实施反坦克导弹袭击的真主党据点。此外，以军还对黎巴嫩真主党在该地区的另一处据点实施了打击，作为以色列北部多次遭火箭弹袭击的回应。（央视新闻客户端）【】以色列媒体当地时间10月31日援引以色列国防军消息称，当天以军在黎巴嫩南部摧毁了一个计划实施反坦克导弹袭击的真主党据点。此外，以军还对黎巴嫩真主党在该地区的另一处据点实施了打击，作为以色列北部多次遭火箭弹袭击的回应。（央视新闻客户端）,11月01日 07:20
【】据巴勒斯坦《圣城报》当地时间10月31日消息，当天有39辆运载人道主义援助物资的卡车通过埃及拉法口岸进入加沙地带。本轮冲突爆发以来，共有196辆运送人道主义援助物资的卡车进入加沙地带；燃油仍然未被允许入境。在正常情况下，加沙每天需要500辆卡车的物资 【】据巴勒斯坦《圣城报》当地时间10月31日消息，当天有39辆运载人道主义援助物资的卡车通过埃及拉法口岸进入加沙地带。本轮冲突爆发以来，共有196辆运送人道主义援助物资的卡车进入加沙地带；燃油仍然未被允许入境。在正常情况下，加沙每天需要500辆卡车的物资量才能满足其日常需求。（央视新闻客户端）,11月01日 07:19
……因为🇮🇱觉得自己终于盼到千载难逢的机遇——彻底掉解决巴勒斯坦🇵🇸……：冲突再度爆发，迄今已经造成近三千五百名巴勒斯坦🇵🇸儿童死亡…… ,11月01日 07:18
【】10月31日，世界卫生组织发言人林德迈尔警告说，由于过度拥挤、大规模流离失所以及供水和卫生基础设施遭到破坏，加沙地带即将发生一场“公共卫生灾难”。在同一场发布会上，联合国儿童基金会发言人埃尔德表示，由于加沙地带目前的供水量只有正常情况下的5% 【】10月31日，世界卫生组织发言人林德迈尔警告说，由于过度拥挤、大规模流离失所以及供水和卫生基础设施遭到破坏，加沙地带即将发生一场“公共卫生灾难”。在同一场发布会上，联合国儿童基金会发言人埃尔德表示，由于加沙地带目前的供水量只有正常情况下的5%左右，因此婴儿脱水成为一个日益严重的威胁。根据巴勒斯坦加沙地带卫生部门10月31日发布的数据，本轮冲突爆发以来，加沙地带已有超过3500名儿童死亡。（央视新闻客户端）,11月01日 07:17
以色列轰炸加沙的贾巴利亚难民营后，巴勒斯坦儿童正被从废墟中拉出来。,11月01日 07:17
以色列对加沙贾巴利亚难民营进行大轰炸后，死者和伤者正在从废墟中被救出。,11月01日 07:17
【本轮巴以冲突双方死亡人数超10035人】巴勒斯坦加沙地带卫生部门10月31日表示，本轮巴以冲突爆发以来，加沙地带已有8525人死亡。此外，约旦河西岸有110人死亡。另据以色列媒体援引以色列卫生部的消息称，本轮冲突中，以方已有超过1400人死亡。本轮冲突巴以双方死亡人数已超过 【本轮巴以冲突双方死亡人数超10035人】巴勒斯坦加沙地带卫生部门10月31日表示，本轮巴以冲突爆发以来，加沙地带已有8525人死亡。此外，约旦河西岸有110人死亡。另据以色列媒体援引以色列卫生部的消息称，本轮冲突中，以方已有超过1400人死亡。本轮冲突巴以双方死亡人数已超过10035人。（央视新闻客户端）,11月01日 07:15
【本轮巴以冲突双方死亡人数超10035人】巴勒斯坦加沙地带卫生部门10月31日表示，本轮巴以冲突爆发以来，加沙地带已有8525人死亡。此外，约旦河西岸有110人死亡。另据以色列媒体援引以色列卫生部的消息称，本轮冲突中，以方已有超过1400人死亡。本轮冲突巴以双方死亡人数已超过 【本轮巴以冲突双方死亡人数超10035人】巴勒斯坦加沙地带卫生部门10月31日表示，本轮巴以冲突爆发以来，加沙地带已有8525人死亡。此外，约旦河西岸有110人死亡。另据以色列媒体援引以色列卫生部的消息称，本轮冲突中，以方已有超过1400人死亡。本轮冲突巴以双方死亡人数已超过10035人。（央视新闻客户端）,11月01日 07:12
【世卫组织：】据半岛电视台消息，世卫组织项目部主任拉娜·哈吉表示，加沙地区卫生部门正处于崩溃边缘，目前有12家医院停止服务，24家医院部分运行并因燃料短缺面临随时停业的风险。（央视新闻客户端）,11月01日 07:10
卖惨式的行为艺术，以色列人个个都是戏精。以色列代表团在联合国开始佩戴六芒星胸标，对国际社会对哈马斯的行动反应冷淡表示不满。这引发了外界广泛的热议。以色列代表团说：“我们将一直佩戴这些六芒星，直到你们谴责哈马斯的暴行并要求立即释放人质。”六芒星胸标是一段痛苦的回忆。在1941年， 卖惨式的行为艺术，以色列人个个都是戏精。以色列代表团在联合国开始佩戴六芒星胸标，对国际社会对哈马斯的行动反应冷淡表示不满。这引发了外界广泛的热议。以色列代表团说：“我们将一直佩戴这些六芒星，直到你们谴责哈马斯的暴行并要求立即释放人质。”六芒星胸标是一段痛苦的回忆。在1941年，纳粹德国通过了反犹太法律，要求所有犹太人必须在胸前佩戴一枚黄色六芒星的胸标。随后开始了针对犹太人的屠杀和暴行。但是，以色列在联合国这么搞，就有点戏精了。这实际上是一种挑衅行为，一种道德绑架。加沙和巴勒斯坦的事情非常复杂，并不是以色列嘴里说的他们单方面受到了袭击和残杀。以色列对加沙巴勒斯坦人也一样有残杀和暴行。以色列利用犹太人在二战期间的悲惨遭遇来为当下的狂轰滥炸行为辩护，这就是道德绑架。,11月01日 07:09
说不人道的是你们，不停火也是你们！你们是什么东西？ ,11月01日 07:09
得道多助 失道寡助 ,11月01日 07:00
他们拒绝停火，还要把这个乱象的锅，甩给中国。这套方法，和公知们动不动就让中国人反思一样。 ,11月01日 06:51
中国驻联合国代表回击美国在巴以冲突上的无理指责:这个锅中国不背。,11月01日 06:47
平和的语气，一字一句，停顿，重音，有力，漠然的表情，没有威胁，但是威慑力十足！！！！ 网友:三分高傲  七分不屑，十分强硬。为张军大使点赞[比心][比心][比心],11月01日 06:43
他们终于变成了他们曾经害怕和讨厌的人，只是所处的位置不同。 ,11月01日 06:42
【本轮世卫组织警告加沙地带或发生公共卫生灾难】巴勒斯坦加沙地带卫生部门10月31日表示，本轮巴以冲突爆发以来，加沙地带已有8525人死亡。此外，约旦河西岸有110人死亡。另据以色列媒体援引以色列卫生部的消息称，本轮冲突中，以方已有超过1400人死亡。本轮冲突巴以双方死 【本轮世卫组织警告加沙地带或发生公共卫生灾难】巴勒斯坦加沙地带卫生部门10月31日表示，本轮巴以冲突爆发以来，加沙地带已有8525人死亡。此外，约旦河西岸有110人死亡。另据以色列媒体援引以色列卫生部的消息称，本轮冲突中，以方已有超过1400人死亡。本轮冲突巴以双方死亡人数已超过10035人。（央视新闻客户端）,11月01日 06:40
【，中方回应】10月31日，外交部发言人汪文斌主持例行记者会。有记者提问，在联合国大会紧急特别会议28日高票通过巴以局势决议后，以色列方面表示坚决拒绝联合国要求加沙地带停火的决议。以常驻联合国代表将这一决议称作“耻辱”，称 【，中方回应】10月31日，外交部发言人汪文斌主持例行记者会。有记者提问，在联合国大会紧急特别会议28日高票通过巴以局势决议后，以色列方面表示坚决拒绝联合国要求加沙地带停火的决议。以常驻联合国代表将这一决议称作“耻辱”，称以色列将继续捍卫自己。中方对此有何评论？汪文斌表示，本次联大决议呼吁立即实现持久的人道主义休战，停止敌对行动，要求各方遵守国际法，保护平民，呼吁撤销加沙地带北部紧急疏散令，反对强行迁移巴勒斯坦平民，这反映出绝大多数国家的强烈呼声。“巴以冲突循环往复的根源在于巴勒斯坦领土长期被非法占领，巴勒斯坦人民独立建国的权利被长期忽视，巴勒斯坦民众的基本权利长期没有得到根本保障，这一历史不公不应再继续下去了。”汪文斌说。汪文斌指出，各国都有自卫权，但都应遵守国际法，特别是国际人道法，保护平民安全。每一条生命都是珍贵的，巴勒斯坦人民的生命和其他国家人民的生命一样都应当得到保护。当务之急是全面落实联大决议，停火止暴，避免局势进一步恶化，防止出现更大的人道主义灾难。“历史证明，武力无法带来持久和平，以暴易暴只会陷入冤冤相报的恶性循环。”汪文斌说，只有秉持共同安全理念，才能实现可持续安全，只有遵守国际法，才能保障国际公平与正义，只有坚持政治解决方向，才能彻底解决各方合理安全关切。解决巴勒斯坦问题的根本出路在于落实“两国方案”，实现巴勒斯坦和以色列和平共处。中方将继续为推动巴勒斯坦问题早日得到全面公正持久解决作出不懈努力。（观察者网）,11月01日 06:39
法新社｜玻利维亚宣布与军国主义以色列断交,11月01日 06:25
在加薩…每十分鐘就有一個兒童來不及長大…平民何辜？老弱婦孺何辜？以色列政府…還理直氣壯、大言不慚地辱罵聯合國秘書長！禁發簽證給聯合國人員！世界…不是，也不能只有一種聲音！這…不叫正義！這是屠殺！這是種族滅絕！🙏? 在加薩…每十分鐘就有一個兒童來不及長大…平民何辜？老弱婦孺何辜？以色列政府…還理直氣壯、大言不慚地辱罵聯合國秘書長！禁發簽證給聯合國人員！世界…不是，也不能只有一種聲音！這…不叫正義！這是屠殺！這是種族滅絕！🙏🙏🙏💔💔💔🕯️🕯️🕯️*影片翻攝自,11月01日 06:24
驻联合国以色列大使展示了一张照片并指责加沙人民不人道。图片中和谐的更像是祖孙二人….,11月01日 06:22
,11月01日 06:10
真正的战争疯子根本不会受到制约由此可见我们也要警惕起来真的感觉战争没那么遥远了 ,11月01日 06:06
嘛的停止对无辜平民的伤害 停止战争！,11月01日 05:54
什么时候天罚以色列？哎，无法无天，每天看着郁闷 ,11月01日 05:44
/任何的借口都不能成为以色列占领军屠戮巴勒斯坦无辜妇女和儿童的理由，以色列近来又在联合国“一哭二闹三上吊”，无非就是两个目的，一是为以色列军队抢占加沙的土地和驱赶难民争取时间，二是宣扬以色列搞大屠杀的所谓“正义性”，这两个观点我们完全不能接受，我们 /任何的借口都不能成为以色列占领军屠戮巴勒斯坦无辜妇女和儿童的理由，以色列近来又在联合国“一哭二闹三上吊”，无非就是两个目的，一是为以色列军队抢占加沙的土地和驱赶难民争取时间，二是宣扬以色列搞大屠杀的所谓“正义性”，这两个观点我们完全不能接受，我们认为以色列已经在宗教极端主义思想的道路上越走越远，全世界所有爱好和平的正义之士应当团结起来，共同谴责并制裁以色列的反人类行为！,11月01日 05:05
早点停火，不然乌克兰那边吃紧。,11月01日 05:04
要想让它灭亡，就先让它疯狂！ ,11月01日 05:03
拒绝？ 干它啊！摆设啊！ ,11月01日 04:19
摆设 ,11月01日 03:35
联合国早就没有权威了！ ,11月01日 03:07
好笑 ,11月01日 02:56
第一次中东战争你倒是停火很欢啊 ,11月01日 02:31
哈马斯：已经研制并首次使用了国产的阿塞夫制导鱼雷。,11月01日 02:29
要是有国这样攻击我国，我们会拒绝联合国停火决议吗？ ,11月01日 02:26
【以色列称不会在加沙地带停火】以色列总理内塔尼亚胡30日表示，加沙战争停火后果危险，相当于以色列向哈马斯投降。他呼吁国际社会支持以色列的军事行动。他说：“呼吁停火就是要求以色列向哈马斯投降，向恐怖主义投降，向野蛮投降，这是不可能的。”（参考消息）【以色列称不会在加沙地带停火】以色列总理内塔尼亚胡30日表示，加沙战争停火后果危险，相当于以色列向哈马斯投降。他呼吁国际社会支持以色列的军事行动。他说：“呼吁停火就是要求以色列向哈马斯投降，向恐怖主义投降，向野蛮投降，这是不可能的。”（参考消息）,11月01日 02:18
20分钟前，古特雷斯再发帖：到目前为止，允许进入加沙的人道主义援助水平完全不够。我再次呼吁立即实现人道主义停火，并持续、安全和大规模地提供畅通无阻的准入。评一句：不间断轰炸（医院、学校、平民、儿童、记者、联合国援助地点、援助过境点等等），同时断水断电断物 20分钟前，古特雷斯再发帖：到目前为止，允许进入加沙的人道主义援助水平完全不够。我再次呼吁立即实现人道主义停火，并持续、安全和大规模地提供畅通无阻的准入。评一句：不间断轰炸（医院、学校、平民、儿童、记者、联合国援助地点、援助过境点等等），同时断水断电断物资，这是什么行为？以色列已经失控，彻底丧心病狂了。QNMD，！补充：这是21世纪！,11月01日 02:14
"华姐今晚帖文：60 多名联合国工作人员、100 多名医务人员和 8,000 多名巴勒斯坦人在加沙爆炸中丧生。这已经超出了自卫的范畴。补充：已经彻底丧心病狂了！",11月01日 01:48
彻底疯狂,11月01日 01:47
轰炸了加沙最大难民营后，刚刚发帖：“我的战友们，贝耶里、斯德洛特、尼尔奥兹、卡法阿扎和西内盖夫城镇的居民，以及与他们在一起的其余以色列人。此刻每个人都在看着我们。像我一样，他们信任你，相信你。”感谢我们勇敢的男女军人！轰炸了加沙最大难民营后，刚刚发帖：“我的战友们，贝耶里、斯德洛特、尼尔奥兹、卡法阿扎和西内盖夫城镇的居民，以及与他们在一起的其余以色列人。此刻每个人都在看着我们。像我一样，他们信任你，相信你。”感谢我们勇敢的男女军人！,11月01日 01:40
愿世界和平🙏🙏，一些海盗起家的国家少造点孽! ,11月01日 01:37
最新数据显示，仅从10月7日到10月24日，已向加沙地带投掷了超过1.2万吨炸药。平均每平方公里被投掷33吨炸药。其威力相当于1945年8月6日美国在日本广岛投下的第一颗原子弹。,11月01日 01:31
以色列投下重型炸彈轟炸加沙，很多人死傷，轟炸後深坑可見炸彈威力非常猛！大屠殺！😡,11月01日 00:44
平和的语气，一字一句，停顿，重音，有力，漠然的表情，没有威胁，但是威慑力十足！！！！ 网友:三分高傲  七分不屑，十分强硬。为张军大使点赞[比心][比心][比心],11月01日 00:08
以色列計清除加沙巴勒斯坦人，之後完全佔領加沙就真！根本就一早預定計劃！,11月01日 00:02
这就是战争带来的灾难，每一个数字都曾经是一个个鲜活的生命，哎，不要觉得战争冲突是极个别地区的情况，其实可以看看新闻，巴以，俄乌，缅甸，叙利亚，还有一些非洲小国天天都在发生着战争，每天都有人颠沛流离，都有人不幸因为战争而失去生命，这不是一个和平 这就是战争带来的灾难，每一个数字都曾经是一个个鲜活的生命，哎，不要觉得战争冲突是极个别地区的情况，其实可以看看新闻，巴以，俄乌，缅甸，叙利亚，还有一些非洲小国天天都在发生着战争，每天都有人颠沛流离，都有人不幸因为战争而失去生命，这不是一个和平的年代，只能说我们生活在一个和平的国度。,11月02日 21:51
巴勒斯坦儿童的悲惨现状，超过一半的加沙人现在流离失所他们居住在学校、医院和其他临时设施里。以色列的无差别攻击，无辜儿童遭殃。,11月02日 20:59
巴勒斯坦,11月02日 20:30
以色列无视联合国的决议，叫嚣联合国没有一丝合法性。那么联合国通过的以色列建国的规定也就可以作废了，也就可以说以色列是占领者和侵略者，占领了巴勒斯坦的领土，那么以色列就没有自卫权！,11月02日 17:41
【以色列拒绝停火全力进攻加沙，最终计划是什么？丨北京观察】联大会议日前就巴以相关决议草案高票通过，不过美国、以色列则投下反对票，以色列方面甚至称该决议“耻辱”，以色列总统也强调“不会停火”。由于该决议没有法律效力，以色列依然在发起进攻 【以色列拒绝停火全力进攻加沙，最终计划是什么？丨北京观察】联大会议日前就巴以相关决议草案高票通过，不过美国、以色列则投下反对票，以色列方面甚至称该决议“耻辱”，以色列总统也强调“不会停火”。由于该决议没有法律效力，以色列依然在发起进攻行动，以色列总理内塔尼亚胡10月30日表示，以色列在加沙地带针对哈马斯的军事行动正取得“系统性进展”，表明以色列不会在加沙地带停火。以色列究竟想要达成什么样的结果？巴以冲突还将持续多久？值得注意的是，11月开始，中国担任联合国安理会轮值主席国。这也让外界更加关注中国的态度，以及将会如何处理当下巴以僵持的局面。详细内容请扫描下图二维码或点击链接阅读：,11月02日 15:34
//:世界应该为巴勒斯坦发声啦  //:,11月02日 12:36
巴勒斯坦美国，这样的,11月02日 11:35
郑亦真介文汲评巴以冲突：以色列说巴勒斯坦人生下来就是要杀我们的，所以要先下手！,11月02日 09:49
巴勒斯坦（）,11月02日 02:23
世界应该为巴勒斯坦发声啦  //:,11月02日 01:50
巴勒斯坦的苦难为巴勒斯坦祈祷吧巴勒斯坦儿童，成长不了巴勒斯坦巴勒斯坦,11月02日 01:29
我只能是个旁观者 好无解的情绪 看到这些…… ,11月02日 00:26
巴勒斯坦人的苦难世界应该为巴勒斯坦发声,11月03日 23:41
世界应该为巴勒斯坦发声,11月03日 23:39
以色列巴勒斯坦的苦难,11月03日 22:25
如來者無所從來亦無所去米國完美詮釋,11月03日 19:32
😏以色列这样。。。,11月03日 19:31
所以，联合国要来干嘛呢？反正都是听老美的哦不是，是听犹太资本的。 ,11月03日 16:46
【幼童去买食物被炸成碎片…以色列空袭难民营波及联合国学校 至少27死】巴勒斯坦武装团体哈玛斯（Hamas）治下的加萨走廊卫生部今天表示，以色列空袭加萨走廊贾巴利亚（Jabalia）难民营的联合国学校附近地区，造成至少27人丧生。,11月03日 16:41
几个小时前在西岸杰宁市拍摄的视频显示，抵抗组织用某种简易爆炸装置袭击以色列国防军卡特彼勒D9装甲推土机。爆炸似乎没有对推土机造成太大的损害，不过开推土机的人可能感觉会有点难受。,11月03日 14:49
据《纽约时报》报道，美国特种作战部队操作的MQ-9死神无人机于周六首次在Flightradar24上被发现。美国的参与程度比之前外界所知的要高得多。,11月03日 14:46
切.格瓦拉之女：阿拉伯人民你们还在等什么？没有领土，毋宁死,11月03日 13:26
“别撕掉这些海报，这些是无睾的以色列人……”“F* you，B* ~！以及F*你的以色列~！”,11月03日 13:14
哈马斯发布视频“感谢泽连斯基和乌克兰军队向处境相同的我们送来武器和急需的物资”，“感谢他们送来物资帮助我们反击锡安主义占领军”,11月03日 12:16
乌克兰的司机表示。。,11月03日 11:52
以色列轰炸之后的加沙一间学校,11月03日 11:46
联大连续第31次通过决议敦促美国终止对古巴封锁，联合国193个会员国中有190个参与投票，其中187个会员国投票赞成！美国和以色列反对！,11月03日 10:56
巴勒斯坦的苦难多少年啦试试(),11月03日 03:49
《美国财政部公布的官方数据显示，过去三个月沙特大幅减持美国国债。  2020年，沙特已大幅抛售美债，三年内减持40%，抛售力度在全球独一无二。 美元之所以能够成为全球货币并建立美元霸权，与沙特有很大关系。 因为在20世纪70年代中期，美国和沙特阿拉伯达成了一项秘密协议 《美国财政部公布的官方数据显示，过去三个月沙特大幅减持美国国债。  2020年，沙特已大幅抛售美债，三年内减持40%，抛售力度在全球独一无二。 美元之所以能够成为全球货币并建立美元霸权，与沙特有很大关系。 因为在20世纪70年代中期，美国和沙特阿拉伯达成了一项秘密协议。 这》,11月03日 02:31
巴勒斯坦的苦难美国，觉得不够世界应该为巴勒斯坦发声巴勒斯坦，要开工才行对美西方，就是要干。,11月03日 02:12
紐約時報報導： 根據加薩衛生部公佈的名單，自2023年10月7日至10月25日，加薩地區至少有1500名10歲以下兒童在戰火中罹難，其中包括600名4歲以下兒童以及100多名1歲以下兒童。,11月03日 01:11
//://:世界应该为巴勒斯坦发声啦  //:,11月04日 13:30
巴勒斯坦的苦难,11月04日 09:21
我想说，世界的三大谎言:美国是高度民主最自由的国家；以色列遭受苦难最多却最聪明；日本鬼子最有匠心最认真最一丝不苟。这三个国家现实的嘴脸是:蛇鼠一窝沆瀣一气为非作歹无恶不作丧尽天良天理不容！我呸！美国从地球消失，全球将一片平和安全美丽！不在孤立的 我想说，世界的三大谎言:美国是高度民主最自由的国家；以色列遭受苦难最多却最聪明；日本鬼子最有匠心最认真最一丝不苟。这三个国家现实的嘴脸是:蛇鼠一窝沆瀣一气为非作歹无恶不作丧尽天良天理不容！我呸！美国从地球消失，全球将一片平和安全美丽！不在孤立的美洲大陆呆着，跑来祸害亚欧非大家庭！臭不要脸！无比恶心！无比无耻！以色列历史上被驱逐被迫害被屠杀总是有理由的！我现在是理解某勒！认同他！学习他！日本鬼子，再敢继续排放核污水的话，我就一直骂！永世诅咒！日本鬼子不得善终！下十八层地狱！就算日本有宫崎骏、羽生结弦、木村拓哉、神谷浩史也不顶用了，我一律！全！都！无比！憎恨！所有的！日本鬼子！生为日本鬼子就是原罪！历史罪人！不配为人！去💩💩💩,11月05日 14:42
公开宣称以色列杀死的众多巴勒斯坦平民是“肉盾”（图1），所以不存在“种族灭绝”。巧了，日本政府在靖国神社内部的战争纪念馆“游就馆”内对“南京事件”的解读也仅仅是“伪装成市民的中国军人被严厉地揭发了”（图2，源自的视频），所以死于日军 公开宣称以色列杀死的众多巴勒斯坦平民是“肉盾”（图1），所以不存在“种族灭绝”。巧了，日本政府在靖国神社内部的战争纪念馆“游就馆”内对“南京事件”的解读也仅仅是“伪装成市民的中国军人被严厉地揭发了”（图2，源自的视频），所以死于日军之手的南京三十万人民也是“肉盾、帮凶”，而不存在所谓“massacre”咯？亏这个李什么玩意头条作者还是北大毕业的，居然能跟日本军国主义政府一个视角，也是个人才。,11月06日 11:45
布林肯到访被占领土约旦河西岸，继续给阿巴斯画饼，但拒绝让以色列立即停火,11月06日 09:21
11月5日，美国国务卿布林肯（Antony Blinken）突然访问了被占领的约旦河西岸，并会见了巴勒斯坦权力机构主席阿巴斯（Mahmoud Abbas)。这是拜登政府为缓解巴勒斯坦平民苦难而采取的最新举措，并开始为该领土勾画冲突后的前景。,11月06日 03:01
满屏的电诈……联合国大楼被以色列炸了……也没人去管？美国主导的联合国，已经不复存在了……现在是被欺负的联合国……,11月14日 19:22
我特别想知道安理会的停战决议会发挥什么样的作用？联合国是否会出兵？,11月18日 19:17
哈马斯成为过街老鼠，人人喊打。,11月19日 15:07
