#五月天巴黎演唱会#,Query time: 2023-12-17 16:24:56
这个吧，首先想到的是前不久，以及他们主唱喽！其他，就请自行联想……​,12月16日 18:09
喜新厌旧不是生而为人的一大特性嘛，尤其是在这个科技与资源非常过剩的年代，曾经口口声声说爱你一辈子的人都会半路留下一句“再见，再也不见”啦！So，也是日常生活里头再正常不过的一件事啦！例如me，在看了一点以及是看到后，就把石头、冠佑从“最让me有性 ​喜新厌旧不是生而为人的一大特性嘛，尤其是在这个科技与资源非常过剩的年代，曾经口口声声说爱你一辈子的人都会半路留下一句“再见，再也不见”啦！So，也是日常生活里头再正常不过的一件事啦！例如me，在看了一点以及是看到后，就把石头、冠佑从“最让me有性幻想的男艺人排行榜”中除名了喽！,12月13日 20:34
10年了还有人一起看Mayday演唱会就很好​,12月13日 01:10
五月天巴黎演唱会，确实是真唱，没有骗人。逆风的方向，更适合飞翔​,12月12日 21:28
,12月12日 17:49
主动挑衅，最后破防，何苦呢​,12月12日 13:15
如果看不懂繁体/无法阅读长文/只是想看个热闹 的话。省流版总结：五月天 没有假唱,12月12日 12:29
我本是抱着蹦迪的心态去看五月天演唱会的，结果看完入坑了！没想到这个年纪了还会追一个快50岁的男歌手！这男人简直帅呆了！哈哈～就是那种肉乎乎的帅！这衣服哪里有卖啊？我想跟他穿个情侣款​,12月12日 06:36
20231207巴黎场点歌《好好》我们在小孩和大人的转角/盖一座城堡🦋🏰🎡​,12月12日 04:59
五月天巴黎演唱会现场，来听听阿信有没有E6​​​,12月11日 18:02
五月天巴黎演唱会，大家品一品唱的如何 ？​​​,12月11日 17:59
王尼玛：假唱揽金 ？揭秘背后产业链 ↓​,12月11日 17:55
声理学：五月天巴黎演唱会更加证实以前是假唱​,12月11日 17:53
声理学：五月天直播多次跑调被评证实假唱​,12月11日 17:47
各大媒体也来转发啊！不要只会拿某声博主的话当标题，来看看这里怎么说的,12月11日 17:02
一大把年纪的人了，还能变成全网的笑料，只能说，多行不义必自毙，五月天只能存在我的音乐软件里了🙏​,12月11日 15:27
不懂就问这就是水军吗？ ​,12月11日 14:42
阿信，一定要告那些带头黑你的博主，一定要告，我已经被气一个礼拜了，气的上火起了两颗口腔溃疡，牙也开始疼了，你不告他们，难以平息我的愤怒！,12月11日 11:15
五月天巴黎演唱会半小时纯享版嘿嘿第一时间没抢到柏林的票买了巴黎场的没想到竟是地球最后一场好好好想见到你了呢​,12月11日 07:22
轮到我拍这个视频了吧！​,12月11日 04:02
值得载入史册的巴黎场当然要及时记录一些“在场证明”凌晨三点才开始 天亮才回家的三好最终章我们竟然隔着半个地球在一起发疯！！！明年见✌🏻​,12月10日 23:49
📍好好好想見到你 巴黎站快閃2天2夜vlog第一次的巴黎之旅即緊張又期待！跟著五月天出走系列，歐洲場是我一直很想去實現的行程之一，疫情三年讓我知道時間、機會真的不等人！所以決定走出了舒適圈，一個人來了巴黎，從香港-上海-阿姆斯特丹-巴黎，萬里來征來看地球上最後一 ​📍好好好想見到你 巴黎站快閃2天2夜vlog第一次的巴黎之旅即緊張又期待！跟著五月天出走系列，歐洲場是我一直很想去實現的行程之一，疫情三年讓我知道時間、機會真的不等人！所以決定走出了舒適圈，一個人來了巴黎，從香港-上海-阿姆斯特丹-巴黎，萬里來征來看地球上最後一場的《好好好想見到你 》演唱會。有些事情現在不做，便一輩子都不會做了。這趟旅程一定會是我自傳裡重要且深刻的回憶之一！,12月10日 20:50
谁说五月天假唱我跟谁急！​,12月10日 20:15
骗子乐队买的热搜真是一言难尽还给他们站台 转身就先给你脸上扔坨💩官号发了一个诺亚方舟的宣传口号，一群脑残粉似乎理解为了信仰和希望之船一群韭菜对非韭菜骄傲地说，“我们上船”骗子乐队看来后半辈子都不愁了​骗子乐队买的热搜真是一言难尽还给他们站台 转身就先给你脸上扔坨💩官号发了一个诺亚方舟的宣传口号，一群脑残粉似乎理解为了信仰和希望之船一群韭菜对非韭菜骄傲地说，“我们上船”骗子乐队看来后半辈子都不愁了,12月10日 16:31
五月天来巴黎开演唱会怎么能错过呢！不管是容貌还是造型，感觉他们都没变，唱功是实打实的哦，中途也很多和歌迷互动聊天，三个小时一会儿大合唱，一会儿又嗨的蹦起来，五月天真的是青春又热血啊！​,12月10日 16:01
王尼玛：假唱揽金 ？揭秘背后产业链 ↓​,12月10日 14:41
五月天巴黎演唱会，大家品一品唱的如何 ？​​​,12月10日 14:35
五月天巴黎演唱会现场，来听听阿信有没有E6​​​,12月10日 14:31
: 是「地球上最后一场好好好想见到你」是「每个孤单天亮 他都陪我唱」是「从天亮唱到天黑再从天黑唱到天亮」是「5:20分唱出的为你写下这首情歌」是「从7.7到No.77 路人粉转五迷粉」是「喧哗如果不停 让我陪你安静」是「好好 一个苹果 任意门 永远的永远 」是这是地球上最后一场好 ​: 是「地球上最后一场好好好想见到你」是「每个孤单天亮 他都陪我唱」是「从天亮唱到天黑再从天黑唱到天亮」是「5:20分唱出的为你写下这首情歌」是「从7.7到No.77 路人粉转五迷粉」是「喧哗如果不停 让我陪你安静」是「好好 一个苹果 任意门 永远的永远 」是这是地球上最后一场好好好想见到你 但这并不表示五月天之后就不想见到你了哦～,12月10日 14:28
五月天巴黎演唱会现场《 最重要的小事 》​​​,12月10日 14:26
五月天《你不是真正的快乐》高音没唱上去​​​,12月10日 14:20
五月天巴黎演唱会，大合唱《恋爱ing》​​​,12月10日 14:17
五月天《我心中尚未崩坏的地方》高音飚到跪地​​​,12月10日 13:56
唐磊：五月天乐队天团的烦恼，吃不消的巡演​​​,12月10日 13:44
巴黎场talking全程💙💙💙​,12月10日 13:28
阿信 黑暗过去了​​​​,12月10日 13:17
五月天｜别人拍到的前排证据 ，你们觉得呢 ？​​​,12月10日 13:12
五月天没骗人，他们真的永远陪我18岁！12年10月陪前男友（看完没多久就分了）看完演唱会后彻底爱上五月天，从此踏上一条不归路，和很多大大们肯定没法比，但11年看了38场我觉得也是属于疯狂的了，19年11月上海全勤之后，就结婚了，第二年开始爆发疫情，21年怀孕，22年4月上海最困难的时候生娃，然后就 ​五月天没骗人，他们真的永远陪我18岁！12年10月陪前男友（看完没多久就分了）看完演唱会后彻底爱上五月天，从此踏上一条不归路，和很多大大们肯定没法比，但11年看了38场我觉得也是属于疯狂的了，19年11月上海全勤之后，就结婚了，第二年开始爆发疫情，21年怀孕，22年4月上海最困难的时候生娃，然后就开始无休止的带娃日常，我觉得20年开始我离五月天越来越远了，生活的重心开始放在其他地方，没空看微博，音乐也听的少了…今年最庆幸的是去香港看了两场，一时冲动决定的，为此还把奶断了哈哈哈哈哈，后面本来想去南京的因为没人带娃最后还是没去成，想着上海多看几场，没想到今年演唱会会那么那么难买，要不是好闺蜜送了我一张票我上海可能一场都看不到了[哭惹R][哭惹R][哭惹R]其实上海结束以后感觉并没有那么强烈，更多的是郁闷今年只看了三场，让我彻底沉陷是发生假唱事件后的巴黎场直播。凌晨三点带着耳机在被窝里静静的看着，偶尔娃动了还需要拍一拍，从天黑看到天亮，关于那件事我不想说什么，我只想说说看完以后发生了什么，那是久违的演唱会后遗症，而且很深很深，我已经很久没有这种感觉了，我会一直刷微博，会很想听五月天，会有机会就唱几句，会非常非常期待明年的新巡回。我觉得我回到了十八岁，回到2012年刚看完演唱会的十八岁，回到那个刚爱上五月天的十八岁，这种感觉真的很奇妙。日复一日带娃的疲惫，被无形的枷锁锁住的自由，我发现这些被五月天的魔法打败了，虽然我现在依旧需要日复一日的带娃，依旧没有自由，但我心中有了一股力量，是五月天给我的力量，是我忘了阿信说过，戴上耳机闭上眼睛他们一直在；我也有了盼头，可以期待明年的演唱会，再怎么样也要想办法脱身去看呀，我不只是妈妈，我更是我自己，永远十八岁的自己。,12月10日 11:50
五月天巴黎演唱会3小时视频完整版 ，不花钱云上看演唱会。前奏一响，青春回！​,12月10日 11:12
五月天假唱最大实锤！！！顶上去！！,12月10日 10:52
粉随正主具象化了不是​,12月10日 10:36
五月天巴黎演唱会  但此次阿信为证明自己，现场飙起了高难度的高音！​,12月10日 09:12
结束后，阿信咆哮着说：我还能再唱一场网红美女帅哥阿信我还能再唱一场​,12月10日 09:12
果然录音棚里人人都能做歌手​,12月10日 07:00
很难得遇到一位愿意倾听的五月天粉丝，虽然最终还是各执己见。也体会到了陈信宏麦迪逊花园前夜彻夜跟网友拼命解释的无可奈何。我的QQ音乐头像是玛莎，就是佩服他那股敢于对身边的人提出批评的精神。我也相信这有助于改正缺点。也许因为我经历还不够多，见识还不够多，有情绪时容易激动吧 ​很难得遇到一位愿意倾听的五月天粉丝，虽然最终还是各执己见。也体会到了陈信宏麦迪逊花园前夜彻夜跟网友拼命解释的无可奈何。我的QQ音乐头像是玛莎，就是佩服他那股敢于对身边的人提出批评的精神。我也相信这有助于改正缺点。也许因为我经历还不够多，见识还不够多，有情绪时容易激动吧，我看到的也不一定就是对的。希望五月天能变得更好。,12月10日 02:11
还是那句，粉丝开心就好,12月09日 23:44
,12月09日 23:21
唱了三个小时 现场气氛是超赞的每次都会被歌词感动到只有喜欢 就愿意听❤️- 五月天 [好好好想见到你]📍Paris🇫🇷​,12月09日 23:11
抢票时并不知道巴黎站是好好好想见到你的最终站，是第77场。见到了耳机里的声音，听到了现场版E6甚至F6。别的不知道，巴黎场1000%真唱，现场体验跟线上没得比。一首接一首的高音，几乎没有休息时间，在台下听着都怕他哪一秒嗓子劈了。全场跟着阿信嘶吼了三个小时，所有人似乎都 ​抢票时并不知道巴黎站是好好好想见到你的最终站，是第77场。见到了耳机里的声音，听到了现场版E6甚至F6。别的不知道，巴黎场1000%真唱，现场体验跟线上没得比。一首接一首的高音，几乎没有休息时间，在台下听着都怕他哪一秒嗓子劈了。全场跟着阿信嘶吼了三个小时，所有人似乎都有用不完的体力，想跟着他们一直唱，再唱，再唱，再唱。回酒店的路上，逛景点的途中，坐飞机的时候，甚至一直到现在，我们还在哼着演唱会歌单，像是做了一场梦，久久不愿醒来。,12月09日 22:53
声乐老师锐评 五月天巴黎演唱会 听完之后我…….黑暗真的过去了吗？—转载UP：Calvin歌唱小教室（侵删BV号：BV1Qe411C7YW“这一次的话，我感觉就是垫音在副歌的地方突然间打开了，因为在主歌的部分不方便开。”“那到底是什么原因，让阿信在这么短的时间退步了这么多，观众的眼睛是雪亮的。”​声乐老师锐评 五月天巴黎演唱会 听完之后我…….黑暗真的过去了吗？—转载UP：Calvin歌唱小教室（侵删BV号：BV1Qe411C7YW“这一次的话，我感觉就是垫音在副歌的地方突然间打开了，因为在主歌的部分不方便开。”“那到底是什么原因，让阿信在这么短的时间退步了这么多，观众的眼睛是雪亮的。”,12月09日 22:22
翻到一段正脸​,12月09日 21:37
就是啊,12月09日 21:03
如果允许以假对真，就应当允许以假对假​,12月09日 20:36
单凭一个软件就給五月天判断假唱是否科学？其实我的想法跟这位录音棚大师的想法大概一致，所以我把他的视频转为文字，也代表了我自己的观点和想法，我在音乐圈是做音乐电台节目的制作，这两年当然也经历了不少大大小小的事情，每当我有疑惑的时候我就会多去找这个行业做得好的技术 ​单凭一个软件就給五月天判断假唱是否科学？其实我的想法跟这位录音棚大师的想法大概一致，所以我把他的视频转为文字，也代表了我自己的观点和想法，我在音乐圈是做音乐电台节目的制作，这两年当然也经历了不少大大小小的事情，每当我有疑惑的时候我就会多去找这个行业做得好的技术人员进行咨询或交流，这个行业说实话很复杂，所以我不会随便去给一个人去贴标签，因为他们在这个行业付出了几十年，我不可能说听风就是风听雨就是雨，我们要有足够的科学依据，要不然就是对一个老前辈的不尊重，我希望在音乐圈的每一个人如果想火想红就踏踏实实的去做作品，多学习音乐上的制作，通过作品和自己的技术去打天下，任何一种把人拉下神坛然后自己上来我是很反对的，如果音乐圈都是如此循环的挑别人的刺你哪里还有时间去做作品，音乐圈也会形成一种恶性竞争，希望每个音乐人都能以一种欣赏他人的眼光去看待事物，用作品和实力去打天下,12月09日 19:42
你们都说得对，我们本是怪物星球四大家族的继承人，遭奸人陷害武功尽失，迫不得已降落地球！重来一次我绝不重蹈覆辙！打开qq音乐搜索🔍怪物星人 聆听我的复仇计划 ​,12月09日 19:21
四舍五入和阿信合照了​,12月09日 18:58
有对比了，心智健全的都知道他们是不是假唱了！别都装傻了。 ​,12月09日 18:57
为什么文艺晚会可以假唱，而个人展览会不能假唱？其实很好理解。大型文艺晚会相当于一个文艺作品展览会，只展示不卖货，追求完美最重要，摆个样品是可以说得通的；而个人演唱会相当于展销会，本质上就是卖唱，假唱相当于卖假货。​为什么文艺晚会可以假唱，而个人展览会不能假唱？其实很好理解。大型文艺晚会相当于一个文艺作品展览会，只展示不卖货，追求完美最重要，摆个样品是可以说得通的；而个人演唱会相当于展销会，本质上就是卖唱，假唱相当于卖假货。,12月09日 18:36
【】阿信狂飆「10拍E6高音」直播反擊假唱 6萬人見證五月天甩風波_黑暗過去了源转自油管，侵歉删​,12月09日 18:26
【】阿信生日長文回應假唱風波藏洋蔥! 真唱才能感動人直言_缺席就輸了源转自油管，侵歉删​,12月09日 18:25
【】五迷淚崩狂喊加油！五月天直播飆高音破假唱謠言 阿信自嘲被罵很慘hold不住也哽咽源转自油管，侵歉删​,12月09日 18:25
【】五月天甩假唱風波飆唱3小時！阿信哽咽：黑暗過去了源转自油管，侵歉删​,12月09日 18:24
【】五月天巴黎「直播留檔」駁假唱! 飆高音嘶吼跪地 感性發言曝源转自油管，侵歉删​,12月09日 18:24
【】五月天阿信「飆高音跪地」甩假唱！ 遭虧「渣男」：已經被罵很慘XD源转自油管，侵歉删​,12月09日 18:21
【】五月天1小時狂飆9首歌！阿信又破音了 歌迷嚇：沒想到破在這地方源转自油管，侵歉删​,12月09日 18:21
【】五月天阿信丟下麥克風撂話_這樣可以嗎! 掀全場暴動 痛甩假唱巴黎直播阿信嘶吼_我愛你們源转自油管，侵歉删​,12月09日 18:20
【】駁假唱！ 五月天巴黎演唱會全程直播 「甩麥」互動源转自油管，侵歉删​,12月09日 18:18
【】五月天巴黎「直播留檔」駁假唱！飆高音嘶吼跪地 感性發言曝源转自油管，侵歉删​,12月09日 18:17
【】阿信巴黎巡演跪地飆高音力撇假唱 全場熄燈談心一起迎接下個25年源转自油管，侵歉删​,12月09日 18:17
【】粉絲冠名渣男阿信求饒_已經被罵很慘 冠佑在巴黎被問_會去看五月天演唱會嗎源转自油管，侵歉删​,12月09日 18:17
【】五月天爆假唱調查中 陸歌手開唱先挨罰源转自油管，侵歉删​,12月09日 18:15
看到一个辣评，想说真的，这种在KTV都不能出场。。。​,12月09日 17:47
五月天塌下来有刘若英和陈绮贞俩小三顶着。（bushi#私奔到月球 - 五月天/陈绮贞# ​,12月09日 17:45
尤老师这么整实在是……侮辱性太强📍​,12月09日 17:42
【东北的朋友，尤其辽宁的朋友，能去多多支持一下不？？？】这边是传统技艺扎实演出，精湛表现，无人问津。那边是流行歌曲似唱非唱，模糊呈现，万人追捧。​,12月09日 17:22
相比一面墙，我更愿用长城两字！ 五月天的身后可是一座长城，坚不可摧！ 永远年轻，永远热泪盈眶！,12月09日 16:52
本来之前网上曝他假唱我是不信的，毕竟出道那么多年，玩这种晚节不保的操作属实没必要。现在听了巴黎场，甚至感觉自己非音乐专业的朋友唱的比他好听。。。所以是用巴黎场的真唱来证明上海场的假唱吗？好家伙，怕网友拉音轨做对比太累了，所以自爆？他真的好温柔啊我哭死。 ​,12月09日 16:26
​,12月09日 15:56
真唱还不如我洗澡时候唱的好听 ​,12月09日 15:46
阿信什么时候变这样了​,12月09日 14:54
下午摸鱼看录播真的好激动，然后老板在旁边办公室开会，我在我们科里发五月天的疯哈哈哈哈 ​,12月09日 14:51
应该算是很明显的软回应了吧，用一首歌cue了他们刚刚出道的样子，好像叫好好？以前的微末与努力，后来的辉煌与膨胀，从校园到鸟巢，说要以后对的起最初的自己，也算是一种道歉吧，我个人感觉是这样​,12月09日 14:38
娱乐评论大赏五月天唱功究竟怎么样 #阿信我还能再唱一场​,12月09日 14:32
巴黎！晚～～安～～！！​,12月09日 14:30
真唱玫瑰少年，且不说唱功如何，这个英文是有多烫嘴？​,12月09日 14:20
真唱玫瑰少年，且不说唱功如何，这个英文是有多烫嘴？​,12月09日 14:09
只想说一句话 我也喜欢五月天 但总觉得去现场听录音 声音嘈杂还不如自己在屋里打开音乐听么 反正都是录音带​,12月09日 14:06
闹麻了，这就是wmls的倔强？（最底下的链接）对线对不过拉黑控评确实有一手。事情经过就是这个洗洁精在给阿信洗一洗，意思就是说阿信巴黎唱完之后，看了的路人都转粉，只有没看过演唱会的黑子无脑喷。然后下面评论区激烈对线（嘴硬），我一看这id重庆的，我刚好去看了重庆场，就表达了我看了并且也感觉 ​闹麻了，这就是wmls的倔强？（最底下的链接）对线对不过拉黑控评确实有一手。事情经过就是这个洗洁精在给阿信洗一洗，意思就是说阿信巴黎唱完之后，看了的路人都转粉，只有没看过演唱会的黑子无脑喷。然后下面评论区激烈对线（嘴硬），我一看这id重庆的，我刚好去看了重庆场，就表达了我看了并且也感觉有问题，ta就酝酿个半天来个质问三连，还甩了个另外的链接视频给我，等我看完之后打字准备回复的时候，发现被拉黑了，我可是认认真真打了很多字哦，就很无语，你不想和我对线就别回复嘛，何必呢，制造一个我被你问住了落荒而逃是吧，不会还要在自己的小群体里炫耀自己今天的英勇事迹吧？在微博上舌战群儒然后把小黑子们怼的遁地而逃？说实话五月天假唱这个事情真的反转可能性太低了，本人很喜欢五月天的歌，不然也不可能去花一千多抢内场票。我在现场不会也不可能去想他们在假唱，一个是氛围在那里，另一个是多少有些情怀，演唱会结束了好多天我还挺回味的，期待下一次来重庆开演唱会。但是从假唱风波爆发以来，事情就变得失望也有点难以接受。首先我把网上锤阿信的视频当假的来说，相信音乐是死了吗？这么几个明显的黑子头头不直接告他个倾家荡产？就任由事态发展越来越严重，阿信的微博也从未正面回应这个问题，一句我没有假唱就那么难？视频如果是合成的，音轨如果是偷换的，这件事远远闹不到这么大。所以我更倾向视频都是真的，那明眼人都能看出来，之前的演唱会，假唱就是100%，无论如何去模糊定义假唱这个概念，演唱会做不到全开麦这就是事实。另外有个地方想提一嘴，阿信的微博此前一直有人和我说是本人在使用，这次巴黎演唱会直播结束不到两小时，他本人应该还在法国，但是他微博从台湾发了条消息，不知道圆一个谎到底还要扯多少个谎。,12月09日 14:06
真唱玫瑰少年，且不说唱功如何，这个英文是有多烫嘴？ 五月天唱功究竟怎么样 蔡依林玫瑰少年 五月天否认假唱​,12月09日 13:23
我和我身边的五迷会继续支持五月天。他们犯错了，不代表他们一无是处，也不代表喜欢他们的我们是烂人。即使唱得的确也没有说好听，那些被他们的词和曲温暖过的日日夜夜，依旧鲜明如同昨天。​,12月09日 13:04
演唱半开麦，微博半开笔，歌迷现场半彪子,12月09日 12:55
百分百真唱！但好像更锤了。。。​,12月09日 12:45
结束后，阿信咆哮着说：我还能再唱一场网红美女帅哥阿信我还能再唱一场​,12月09日 12:40
​,12月09日 12:20
如果舆论只允许你看到同一种声音，这比事件本身更可疑吧，在执法部分的调查结果出来之前，欢迎更多的行业从业者站出来展开专业讨论,12月09日 12:18
嗯…巴黎真唱，证明之前都也是真唱…建议五月天寻求由彭宇案法官来判定了 ​,12月09日 12:11
吃瓜吃点专业瓜,12月09日 11:59
✨在手账本里翻出来十年来的Mayday旧船票(｡•ᴗ-)〰︎青春一去不复返 ​​​✨​,12月09日 11:58
,12月09日 11:51
五月天在巴黎演唱会上无伴奏清唱，什么水平？​,12月09日 11:37
清者自清//:我自己体验了555-855-1555-1855的位置，发现不同位置的音效差异非常非常大，从这不同位置手机录像，音效也差异巨大。手机拉三倍四倍录像明显直接改变vocal和和声的厚度，这些是否都是影响因素,12月09日 10:54
怎么说呢，锤的真的挺死的，巴黎场因为要直播确实没假唱，国内场搞不懂垫音还是假唱但绝对没巴黎场那么真，从小学五年级第一次在快乐大本营上看到五月天到现在上班已经两年了出现假唱风波，十四年的时间，挺难过的。我可以接受你们真的岁数大了，唱不动了，让我们一起大合唱，也可以接受你们累了，只是 ​怎么说呢，锤的真的挺死的，巴黎场因为要直播确实没假唱，国内场搞不懂垫音还是假唱但绝对没巴黎场那么真，从小学五年级第一次在快乐大本营上看到五月天到现在上班已经两年了出现假唱风波，十四年的时间，挺难过的。我可以接受你们真的岁数大了，唱不动了，让我们一起大合唱，也可以接受你们累了，只是想陪伴wmls，所以在台上放CD，我只是看看你们，依旧觉得自己的青春还在，但为什么要欺骗，其实今年从开始取消团购票事情就已经变得不对劲了不是吗？如果没有那么多路人其实不会有人会去锤这件事情的，看到网上很多wmls和黑粉互撕觉得很没有必要，最终还是把饭圈那一套用到五月天身上了吗，wmls不是最团结最有爱的吗？2017年的时候还不是这样的，怎么今年 真粉多抢票了也要翻倍出呢？我知道可能这个发出来会被很多人骂的，但我清楚真的理智的wmls彼此心知肚明，只不过我们都在找借口，快乐是真的，给我的力量是真的，巴黎场的一颗苹果真的不好听，可能这次风波永远不会有答案，但我的青春结束,12月09日 10:12
唱歌半开麦，微博半开笔，粉丝半开脑。各种ntf被上证据就拉黑你们当韭菜可以，你们当韭菜还不让别人笑？更何况还是结晶韭菜，吃翔不忘拉翔人的那种 ​,12月09日 09:52
五月天巴黎演唱会被指走调破音、站桩式演唱、E6没唱上去，阿信发文：陪我唱到日出，谢谢每个你！【】五月天演唱会的“假唱风波”还在继续发酵。目前看来，这一事件仍难有定论。不仅有音乐博主提出反对意见，质疑麦田农夫的音源对人 ​五月天巴黎演唱会被指走调破音、站桩式演唱、E6没唱上去，阿信发文：陪我唱到日出，谢谢每个你！【】五月天演唱会的“假唱风波”还在继续发酵。目前看来，这一事件仍难有定论。不仅有音乐博主提出反对意见，质疑麦田农夫的音源对人声提取有限、鉴定不准，有关部门与官方对此事的回应也语焉不详。五月天“是否假唱”似乎已经变成不可解的罗生门，我们也不由产生疑惑：为什么看似简单的判定却如此复杂？,12月09日 09:34
不关注不感兴趣，但是假唱不承认就很垃圾，人品问题了，不过有一堆脑残粉会洗白​,12月09日 08:50
,12月09日 08:23
这场简直是在证明过去五月天演唱会都是假唱​,12月09日 07:57
疑似假唱​,12月09日 07:53
注意看，这个男人太狠了！ 五月天巴黎演唱会直播证明自己真唱你们怎么看？​,12月09日 07:51
本来以为要在巴黎整个狠的，没想到拉了坨大的,12月09日 07:02
在抖🦅听了五月天的巴黎，说实话还是伦敦的好听一点儿要不还是按以前的来吧​,12月09日 04:56
,12月09日 04:15
turned out之前抢不到票是我的福气 ​,12月09日 03:51
永远​,12月09日 01:58
太好听了吧第一次听到歌手全开麦这么天籁般的歌声​,12月09日 01:11
看完了巴黎演唱会的录像，感慨年岁不饶人。数字音频技术发展到今天，各式各样的算法已非常完备和成熟，各种对自动增益控制的方法，强大的，超高采样率的DSP可以在几个us延时的滤波器里，让声音的频响，光滑漂亮。但人耳和人脑比任何数字信号处理器都加强大，我们严密的耳朵，比任何高端的DAC都更加精密 ​看完了巴黎演唱会的录像，感慨年岁不饶人。数字音频技术发展到今天，各式各样的算法已非常完备和成熟，各种对自动增益控制的方法，强大的，超高采样率的DSP可以在几个us延时的滤波器里，让声音的频响，光滑漂亮。但人耳和人脑比任何数字信号处理器都加强大，我们严密的耳朵，比任何高端的DAC都更加精密和准确。所以，听歌不是一件冰冷的事。是对歌手，音乐和自我特定时期经历，经验的反应，而这，就是每个人自己一组独有的一组计权方式。对五月天粉丝而言，何种音色，还是不完美的现场表演，其实都是和过去某时听到这首歌的自己的一次重逢。作为一个年少时狂热的喜欢，现在只是默默地支持，甚至除了随机不会主动去听五月天的老粉。很能体会路人和真爱粉，有着不完全不同的filter，听到不一样的声音、感触。孰对孰错，耳语还是真相，更像是每个人对自己过去和当下境遇或者叫做命运的解释。对自己慈悲，对别人宽容。不必觉得理想倒塌，也可尽情坚持己见。世上之事，本无对错之分，全凭自心照见。对五月天如此，对我们自己亦是。,12月09日 01:00
五月天巴黎演唱会绝对是真唱，天王老子来了都是真唱！！！五月天演唱会 #五月天假唱风波​,12月09日 00:57
​,12月09日 00:47
走过路过，来来来，各位看官点进来听听啦！（挥手绢）BOOM！怪物星人《人生就是一场游戏》​,12月09日 00:37
网友说：五月天巴黎演唱会水平只有ktv级别，e6已经是个笑话！但我觉得好不好要现场的朋友说了算，现场看五月天演唱会的朋友，感受度怎么样啊？​,12月09日 00:29
失望了 以前看现场哭的死去活来的 原来都是听CD自嗨 哎 ​,12月09日 00:29
音子，来给点热度吧，这个老师说的太好了,12月09日 00:15
💙,12月08日 23:59
,12月08日 23:47
专业,12月08日 23:43
服了你们假唱天团了​,12月08日 23:40
这才是专业,12月08日 23:34
Reaction｜五月天巴黎演唱会《我心中尚未崩坏的地方》​,12月08日 23:30
,12月08日 23:16
第77场好好好想见到你 在凌晨三点开始狂欢，一直唱到天亮看外滩风光跃出课本～​,12月08日 23:16
实事求是地说，如果 b 站的视频没有经过修音的话，阿信昨晚确实唱到了 E6（不过是 6 拍，但也已经很厉害了） ​,12月08日 23:11
写到我心坎儿里了​,12月08日 23:00
这个一定是真唱。没人说假唱 ​,12月08日 23:00
很多人的青春在那一晚以最不体面的方式离场了​,12月08日 22:53
,12月08日 22:50
是青春呀！​,12月08日 22:50
哭着看完了全球最后一场好好好想见到你，见到了清晨的日出，你看，你们真的陪我们唱到了天亮。喝了一杯咖啡，照常的上了班，下班后也如约的到达了健身房，摸鱼般潦草的进行了运动。我的生活除了这凌晨的三小时，依然照旧的波澜不惊。可是就是这三 ​哭着看完了全球最后一场好好好想见到你，见到了清晨的日出，你看，你们真的陪我们唱到了天亮。喝了一杯咖啡，照常的上了班，下班后也如约的到达了健身房，摸鱼般潦草的进行了运动。我的生活除了这凌晨的三小时，依然照旧的波澜不惊。可是就是这三小时呀，我哭过，感动过，笑过，逃离了这纷纷扰扰，破破烂烂的世界，我也曾经拥有过很多这样让我可以一辈子回忆珍视的三小时，有五月天的三小时。他们总是问呀，你为什么喜欢五月天，为什么总是在演唱会上哭，你为什么这么相信他们，那是因为我有心有眼有耳朵，我只相信我相信的，我看到的和我听到。全世界最好的五月天呀，是你们救赎了我紧紧抓住了我，在那几年最难熬的日子里。,12月08日 22:48
我会为阿信而哭泣，东东问我；那你介意这件事吗？我说不介意。他就把《轧车》的音量调大再给我唱了一首《勇敢的人》。​,12月08日 22:42
信仰慢慢崩塌，真的好难过啊，好难过啊，谁懂我啊​,12月08日 22:33
🖐🏻🖐🏻🖐🏻🖐🏻是全世界最好的五月天​,12月08日 22:33
,12月08日 22:31
唱的真难听。​,12月08日 22:19
听了几首，觉得现场效果还ok呀。在演唱会上，有气氛有情怀有正能量就够了呀，何必较真。票圈观察下来，没去看过演唱会的人在那吐槽的最凶，搞伐​,12月08日 22:17
好事这场绝对真唱，他还能唱完，不管怎么样。坏事石锤前面所有视频。以及，半开麦算不算假唱？完形填空算不算真唱？那么，社畜上半天班能不能领全勤？没错，塌房黑比路人黑更坏。 ​,12月08日 22:12
世界破破烂烂 五月天缝缝补补即早上的续命咖啡 猛灌两大杯“在所有的演唱會我最想要你帶走的寶藏是你自己，伸出你的手摸著你的胸口，世界上獨一無二的在七十億人裡面最珍貴的你”​,12月08日 22:12
《恋爱ing》《笑忘歌》只记得这两首我觉得以前不管真唱假唱 以后都好好唱歌吧 虽然不是粉丝 但是从小到大也算半个听着长大的 1975年的人 比我爸妈还大的年纪 就开开心心的过好每一天吧 前几天还调侃这件事来着 但是今天刷抖音刷到舞台上看着挺心酸的 就知错就改？还是好好对待嗓子 ​《恋爱ing》《笑忘歌》只记得这两首我觉得以前不管真唱假唱 以后都好好唱歌吧 虽然不是粉丝 但是从小到大也算半个听着长大的 1975年的人 比我爸妈还大的年纪 就开开心心的过好每一天吧 前几天还调侃这件事来着 但是今天刷抖音刷到舞台上看着挺心酸的 就知错就改？还是好好对待嗓子好好对待五月天的粉丝吧 别再欺骗粉丝别再真•假唱就行了对吧,12月08日 21:55
❤️好好好想见到你❤️​,12月08日 21:52
请大家理性思考，不要人云亦云,12月08日 21:46
啊哈哈哈哈哈哈哈哈哈看了对比视频我笑死了 ​,12月08日 21:35
熬夜看了一小时直播，这场很用心，真唱很明显，之前的如果音频没问题那么假唱也很明显，心碎了。。 ​,12月08日 21:35
世界破破烂烂 五月天缝缝补补💙,12月08日 21:33
最终还是决定把ig下载回来顺便在ig上找到16年第一次看五月天演唱会的post3点钟爬起来在被窝区看完了地球上最后一场「好好好想见到你」发现冠佑唱《好好》很好听！6:15结束睡回去的时候梦到在跟怪兽合影还被带着在后台转了一圈“我们都要把自己照顾好，好到遗憾无法打扰。”​最终还是决定把ig下载回来顺便在ig上找到16年第一次看五月天演唱会的post3点钟爬起来在被窝区看完了地球上最后一场「好好好想见到你」发现冠佑唱《好好》很好听！6:15结束睡回去的时候梦到在跟怪兽合影还被带着在后台转了一圈“我们都要把自己照顾好，好到遗憾无法打扰。”,12月08日 21:24
//:各位路人也来看看这个吧 不要听信一家之词,12月08日 21:21
//:看到的老师们去点一点让热度上去↑,12月08日 21:20
怎么了？？,12月08日 21:14
在武汉看完现场我都很快就调整好情绪，把演唱会的回忆珍藏在心里看完巴黎直播我激动了一个晚上，这样的感动与情绪说给身边的其他朋友听都不能理解只有wmls能够理解我​,12月08日 21:07
,12月08日 21:05
“在全世界都没有人站在我们身边的时候你们站在了五月天身边请你们记得当全世界没有人站在你身边的时候五月天在你身边”从一起天黑嗨唱到天亮，一场特别的演唱会你背后有我们，我们背后有你们谢谢五月天，明年5525鸟巢见💙​相信五月 ​“在全世界都没有人站在我们身边的时候你们站在了五月天身边请你们记得当全世界没有人站在你身边的时候五月天在你身边”从一起天黑嗨唱到天亮，一场特别的演唱会你背后有我们，我们背后有你们谢谢五月天，明年5525鸟巢见💙​相信五月天，相信音乐💙,12月08日 21:04
吃点专业瓜吧,12月08日 21:00
昨晚看了演唱会直播，最高音到 F5 还是 G5 ，距离 E6 还差个六七度。如果场场这么真唱，不会有舆论风波，但这么唱，也无法连开8场，公司和乐队就无法最大化盈利了。五月天有好的作品，也足够努力，在结合流行，营销方面都做得很好。但最大的短板一直都是主唱的唱功，补足短板没准 ​昨晚看了演唱会直播，最高音到 F5 还是 G5 ，距离 E6 还差个六七度。如果场场这么真唱，不会有舆论风波，但这么唱，也无法连开8场，公司和乐队就无法最大化盈利了。五月天有好的作品，也足够努力，在结合流行，营销方面都做得很好。但最大的短板一直都是主唱的唱功，补足短板没准能成为小酷玩，但很可惜他们选择了最简单的解法。,12月08日 20:45
老水牛。。。这热评我笑翻了。。。​,12月08日 20:42
,12月08日 20:37
用一场演唱会证明了之前都是假唱。。。,12月08日 20:36
偷歌贼​,12月08日 20:36
他变了吗？好像变了。他好像嗓音一年比一年沙哑了，体力一年不如一年了，也经常在台上调侃自己老了，好像也越来越在意自己的偶像包袱。但他变了吗？其实没变。他还是会义无反顾的去诠释作品里的高音，即使破音、没唱上去的，他也要再多即兴发挥几个高音来弥补。他会想说他一定能做到，我们也都可以 ​他变了吗？好像变了。他好像嗓音一年比一年沙哑了，体力一年不如一年了，也经常在台上调侃自己老了，好像也越来越在意自己的偶像包袱。但他变了吗？其实没变。他还是会义无反顾的去诠释作品里的高音，即使破音、没唱上去的，他也要再多即兴发挥几个高音来弥补。他会想说他一定能做到，我们也都可以做到。他还是那个不服输的少年。他还是想要每次talking都会表达真情实感，会精准地打捞到那些每个人内心深处的柔软，抚慰它、保护它。他还是那个有魔力的诗人。而我想说，每一次演唱会，每一首歌曲只是一个载体，而音乐却不仅仅是一首歌而已。每一场演出都是一个整体，它是一个不断的情感对话的过程。我能感受到，你们想要把你们最好的东西展现给更多的人看，这都是你们真心的呈现，整场演出呈现也都是真心的付出。而台下也是真心的回应。能够连接彼此的心，这便是音乐最大的意义。它远比一些细枝末节的较真来得更加重要。所以，新的世代，一起继续唱下去吧2023.12.08,12月08日 20:34
别回头就往前飞奔。期待下次见面🫶🏻· 𝟚𝟘𝟚𝟛.𝟙𝟚.𝟘𝟟 五月天巴黎演唱会 ·​,12月08日 20:33
涨知识了吃瓜还是要吃点专业的,12月08日 20:24
,12月08日 20:21
老师会骂就多骂点，笑死了哈哈哈哈哈哈哈,12月08日 20:16
,12月08日 20:14
,12月08日 20:13
看到这想起来：农夫打假所用的上海16号我在场，talking的时候，阿信语速稍微快一点 问大家能不能听清他们说话，看台没听清没给反应，当时还一起笑。那个所谓的打假视频我在这个事情之前就看过，录像位置是山顶很远很远的看台，镜头拉到舞台最近（先不说提供的视频音频有没有变动）,12月08日 20:09
数学上有一种证伪的方法叫做反证法 ​,12月08日 20:06
专业分析，精湛演绎，温暖科普，顶。黑子们都滚,12月08日 20:06
,12月08日 20:05
哇哇哇！我们怪物星人好甜好可爱！琳谊好甜！爱甜妹！,12月08日 20:01
扩散,12月08日 19:57
吃点好的只会在网络乱喷点人,12月08日 19:56
你说的对 但是人生就是一场虛拟的游戏老师说你是个烂苹果 欠我一杯星巴克你都不记得哦对不起肚子饿所以发了脾气 请多多关心相信音乐新晋女团吧​,12月08日 19:55
与国内状态差别对比，有抖肩换气了，而且破音了，你怎么看？​,12月08日 19:41
巴黎演唱会五月天真唱，现场效果反证自己假唱？该给定论了！​,12月08日 19:41
五月天在巴黎演唱会一动不动站桩式的唱法，恰恰证明了之前演唱是假唱的说法，假唱狗彻底坐实了​,12月08日 19:37
所以有没有人打折出下课后怪兽家点名和天堂影像书啊？我找疯了​,12月08日 19:33
,12月08日 19:33
,12月08日 19:33
这样的理性分析，黑子听吗，不听不听黑子王八念经。,12月08日 19:33
,12月08日 19:33
,12月08日 19:33
,12月08日 19:32
,12月08日 19:32
五月天阿信挑战10拍E6的高音​,12月08日 19:32
,12月08日 19:32
爱在黎明破晓前​,12月08日 19:27
燃！！！ ​,12月08日 19:27
,12月08日 19:18
一直对五月天他们无感的但是这次看到五月天的粉丝太疯狂了第一次看见粉丝和邪jiao一样顺便点了几个粉丝的主页 人均文化水准小学一样 wmls不要骂我 但是我觉得五月天是 真假唱稍微正常一点看你们自己拍的视频 都能看懂吧…​一直对五月天他们无感的但是这次看到五月天的粉丝太疯狂了第一次看见粉丝和邪jiao一样顺便点了几个粉丝的主页 人均文化水准小学一样 wmls不要骂我 但是我觉得五月天是 真假唱稍微正常一点看你们自己拍的视频 都能看懂吧…,12月08日 19:10
//:怎么办 好想送他上热搜 又怕老师被黑子骂破防 啊啊啊啊好难啊 谢谢老师科普 不偏不倚说公道话,12月08日 19:06
自证实锤了哥 ​,12月08日 18:59
活到老学到老,12月08日 18:55
//:早些时候就看到了，没有转是因为不可回收乐色也不会管你是什么就不喷，人家的目的很明确就是要无脑喷，明知道错了也喷，甚至是降智也要喷…大概率官方出结果还是会喷～所以啊乐色就是乐色就让它们待在该待的电话，别人一身骚,12月08日 18:53
陈信宏玫瑰少年唱的那么烂，还怎么好意思偷这首歌的啊​​​,12月08日 18:39
五月天永远是你们五个人还有我们 我们的肩膀永远给你们依靠,12月08日 18:29
,12月08日 18:25
,12月08日 18:23
毫无疑问被升舱了，成就了此生距离阿信最近的一次啊哈哈哈，老阿姨昨天夜里都笑醒了。生命有一种绝对解锁，就差I love U 无望了！下一次是什么时候，阿信安排起来吧！感谢热心歌迷发的照片，算是和阿信合影了吧啊哈哈哈哈啊哈哈哈哈哈​,12月08日 18:23
你永远在等我，阮爱的人❤️‍🩹🎶点歌《永远的永远》巴黎场20231207​,12月08日 18:20
为我爱的人 做一秒英雄​,12月08日 18:20
谢谢阿信用一场真唱证明了之前全是假唱。​,12月08日 18:18
,12月08日 18:14
陪你走过朝霞星空 陪着你走​,12月08日 18:12
近来被大陆博主质疑「假唱」，瞬间引爆网路热烈讨论，为此他们也特别在巴黎场开直播，邀请全球一同见证，今（8日）凌晨3点演出，IG直播一上线就狂吸6.2万粉抢看，主唱阿信更嗨喊现场人数加上线上观看人数，创下五月天有史以来观众最多的纪录，台下也激动爆叫，唱到《 ​近来被大陆博主质疑「假唱」，瞬间引爆网路热烈讨论，为此他们也特别在巴黎场开直播，邀请全球一同见证，今（8日）凌晨3点演出，IG直播一上线就狂吸6.2万粉抢看，主唱阿信更嗨喊现场人数加上线上观看人数，创下五月天有史以来观众最多的纪录，台下也激动爆叫，唱到《》时，阿信也在歌曲尾声倾尽全力飙出完美高音，更一度唱到跪倒在舞台,12月08日 18:11
五月天粉丝别解释了，越描越黑，更别拿年龄和辛苦说事。隔壁张学友都62了，一边劈叉一边唱。为什么说他是歌神呢？因为就他和巅峰陈奕迅的演唱会现场版比专辑版好听，同样一首《她来听我的演唱会》不同时期的感觉都不一样，就这点，杰伦这死胖子肯定是赶不上了，62岁 ​五月天粉丝别解释了，越描越黑，更别拿年龄和辛苦说事。隔壁张学友都62了，一边劈叉一边唱。为什么说他是歌神呢？因为就他和巅峰陈奕迅的演唱会现场版比专辑版好听，同样一首《她来听我的演唱会》不同时期的感觉都不一样，就这点，杰伦这死胖子肯定是赶不上了，62岁的杰伦得肥成什么样啊！,12月08日 18:10
剛好今日唔使返工半夜鬧鐘爬起來手機電腦雙開我好耐無咁瘋狂了~利用雙設備時差可以cap到鍾意嘅圖~以為補眠之後可以發翻個微博結果忙到依家~網上當然好多視頻~不過相片嘅魅力喺回憶嘅瞬間~唔知最後一場方舟同跨年仲會唔會有線上~點都好~ ​剛好今日唔使返工半夜鬧鐘爬起來手機電腦雙開我好耐無咁瘋狂了~利用雙設備時差可以cap到鍾意嘅圖~以為補眠之後可以發翻個微博結果忙到依家~網上當然好多視頻~不過相片嘅魅力喺回憶嘅瞬間~唔知最後一場方舟同跨年仲會唔會有線上~點都好~5525見~,12月08日 18:03
跟着五月天的🍉每天学习新知识拜托各位，可以质疑，可以合理质疑，但是别拿着不专业冒充专业，别拿着质疑冒充实锤 也拜托官方，别人家发个质疑你就说是举报 大家理性吃瓜，多听听多方的声音,12月08日 17:59
我拿五月天和五月天粉丝的生命起誓，五月天绝对没有假唱！​,12月08日 17:57
这一次，真的陪你们一起唱到了天亮，好荣幸,12月08日 17:56
「在所有流逝風景與人群中你對我最好」​,12月08日 17:52
然后呢  一起走吧 ​,12月08日 17:50
,12月08日 17:48
昨晚直播以后感觉可以和全世界和解和一群素未谋面的wmls一起在会议室大喊五月天 发弹幕 喊安可然后一一道别 约定在未来的某一天 一定会在线下演唱会再见而他们 真的接住了每个人的真心知道大家都在担心他 所以阿信唱那么多高音 说那么多话 会8G冲浪后挡在wmls身前好好开始于线上 ​昨晚直播以后感觉可以和全世界和解和一群素未谋面的wmls一起在会议室大喊五月天 发弹幕 喊安可然后一一道别 约定在未来的某一天 一定会在线下演唱会再见而他们 真的接住了每个人的真心知道大家都在担心他 所以阿信唱那么多高音 说那么多话 会8G冲浪后挡在wmls身前好好开始于线上每次看的时候都是坐在投影前爆哭柏林到了现场在摇滚区挥舞着应援棒和你一起全程蹦跳原来这就是我从年少时就一直想来感受的热情巴黎我回到线上带着柏林的戒断反应和被窝摇滚区的大家一起和你唱到天明五月天和wmls真的是最棒的群体很高兴在第一个四分之一世纪加入你们接下来 一起走吧 希望可以不拄拐杖还挥舞手里的荧光棒伤心的 都忘记了 只记得这首笑忘歌那一年天空很高 风很清澈从头到脚趾都快乐Ps. 今天的早餐是胡萝卜蛋糕🥕,12月08日 17:47
repo一下现场氛围确实不错 就不该坐着应该集体起来蹦迪跳舞确实真唱了这次 因为几乎每首都有难听/跑调/破音/气息不稳（这个live水平听得我眉头紧锁 但唱的确实很卖力….）除了恋爱ING的垫音真的很明显 ​,12月08日 17:47
人无完人，几个人也老了，是该量力而行 ​,12月08日 17:47
世界破破烂烂 五月天缝缝补补💙,12月08日 17:46
这次的演唱会阿信有一种被通报了，然后领导来视察，被迫上班，被迫上台表演的感觉，严肃认真努力内疚透露着心酸，和过去摸鱼上班开演唱会能够领几倍的工资的状态完全不同！好像被迫打工的自己 ​,12月08日 17:45
有些吃瓜观众可以看看专业调音师的说法,12月08日 17:41
天亮了 你不是一个人唱🖐🏻️#我心中尚未崩坏的地方# ​,12月08日 17:39
码住,12月08日 17:36
这次是巴黎特种兵了 也是当天来第二天就走 是第16场五月天了再放一首笑忘歌 我愿称之为“在你身边版”笑忘歌 视频没有录上的第一句话是 “在全世界都没有人站在我们身边的时候 你们站在五月天身边…”网上的声音太多 希 ​这次是巴黎特种兵了 也是当天来第二天就走 是第16场五月天了再放一首笑忘歌 我愿称之为“在你身边版”笑忘歌 视频没有录上的第一句话是 “在全世界都没有人站在我们身边的时候 你们站在五月天身边…”网上的声音太多 希望大家都有自己的判断 不当键盘侠 不人云亦云 以及祝我以后听到更多的五月天,12月08日 17:32
玛德能不能把蔡依林的玫瑰少年还回来，偷子团还要装疯卖傻多久 ​,12月08日 17:28
说是在巴黎演唱会证明自己，但那首玫瑰少年唱的真的不是在自爆吗……还不如一直嘴硬好了​,12月08日 17:26
全世界最后一场好好好想见到你77/77 巴黎我和我最后的倔强​,12月08日 17:24
以前算五月天路人粉，还挺喜欢他们歌的。。。巴黎直播明明白白地告诉大家，国内观众不配听真唱呗。五十岁的人了，咋还整饭圈这一套。歌手假唱就是毫无职业操守啊​,12月08日 17:18
是青春是热血是陪伴过许多夜晚的歌声，但这演唱会不像自证更像实锤，老老实实承认，甚至说是半开麦或者垫音，我觉得大家都会理解，因为这是26年的五月天，48岁的陈信宏。但偏偏要嘴硬，公司的解释、个人的声明全都是青春矫情自信鸡汤，对就是对，错就是错，歌词里说的后来的你们你 ​是青春是热血是陪伴过许多夜晚的歌声，但这演唱会不像自证更像实锤，老老实实承认，甚至说是半开麦或者垫音，我觉得大家都会理解，因为这是26年的五月天，48岁的陈信宏。但偏偏要嘴硬，公司的解释、个人的声明全都是青春矫情自信鸡汤，对就是对，错就是错，歌词里说的后来的你们你还期待吗？五月天的歌还在歌单里，青春痕迹还留在记忆里，但五月天已揉碎消散在风中。,12月08日 17:16
所以五月天算是石锤了吗​,12月08日 17:15
​,12月08日 17:11
昨晚阿信这个京剧片段我快笑鼠了，台下观众：哎呦喂​,12月08日 17:08
「感情的親疏對事物認知的影響」這兩個詞條可以作為很好的例證 ​,12月08日 17:07
💙🤍​,12月08日 17:05
解散吧，前后对比很明显吧对不起青春对不起写的这些歌词对不起粉丝，累了毁灭吧​,12月08日 17:02
嘲笑纯粉 ​,12月08日 16:58
分享一些昨晚的live图🫶 ​,12月08日 16:57
唱的有点费劲吧？ ​,12月08日 16:57
​,12月08日 16:54
感覺錘了 ​,12月08日 16:51
以前梁龙说五月天之后玛莎的回应就感觉特别有礼貌情商很高。这回这个事情不是只要有眼睛有耳朵就能发现是不是假唱吗还死不认账，现在搞个线上真唱就能掩盖线下假唱了？最败坏路人缘的是邪教一样的粉丝 ​,12月08日 16:50
好好好想见到你！期待下次再见！​,12月08日 16:48
看了巴黎演唱会真唱后，我想很多人都恍然大悟了，巴黎演唱会的重大意义就是：之前的演唱会假唱实锤！我真是F了你这个老6（简称：F6），我觉得不是冲破头，而是冲破了苍穹才对，希望天上的玉皇大帝和如来佛祖没有收到惊吓，不然天兵天将们一定会下凡降妖除魔！​,12月08日 16:47
黑子你多读点书吧 你有恶意剪辑的习惯我们可没有哦  fuak是什么东西 你想说fuck吗 电脑和手机键盘的a和c距离那么远不会是手误拼错了吧？​,12月08日 16:47
是真唱 但是他这场真唱不代表他国内那几场没有假唱啊不知道那些粉丝在高潮什么 而且唱的真的不好听 ​,12月08日 16:42
猥琐的咸猪手，真救命了。这个邱老师怎么这么恶心人啊​,12月08日 16:41
还以为五月天这种老团不会有很多nc的粉丝。这还能说和之前演唱会一样。不拉麦，站桩就已经很不一样了尤其是《玫瑰少年》难听到哭，英文part发音一塌糊涂，有点像初中生被抽背英语课文。中文部分咬字也很费力，有几句也是吐词不清，气也很短。哪怕不算上这些也属于在街边卖唱 ​还以为五月天这种老团不会有很多nc的粉丝。这还能说和之前演唱会一样。不拉麦，站桩就已经很不一样了尤其是《玫瑰少年》难听到哭，英文part发音一塌糊涂，有点像初中生被抽背英语课文。中文部分咬字也很费力，有几句也是吐词不清，气也很短。哪怕不算上这些也属于在街边卖唱都没人给钱的水平。,12月08日 16:40
,12月08日 16:31
我不喜欢香菜但是我身边不乏有人超爱香菜我不喜欢香菜好像没什么理由甚至我从来没有吃过香菜就是觉得他很难吃任何人和事都没办法让所有人喜欢你觉得千般好万般好的不喜欢的人就是不喜欢有人以为这场直播是危机公关有人期待这场直播是绝地反击但似乎我们都猜错了手机加上一个小云台前排随 ​我不喜欢香菜但是我身边不乏有人超爱香菜我不喜欢香菜好像没什么理由甚至我从来没有吃过香菜就是觉得他很难吃任何人和事都没办法让所有人喜欢你觉得千般好万般好的不喜欢的人就是不喜欢有人以为这场直播是危机公关有人期待这场直播是绝地反击但似乎我们都猜错了手机加上一个小云台前排随便一个观众拍的都会有更高清的画面可就是这样的一个画面几万人在工作日的凌晨爬起来守护着，珍惜着我们真的一起唱到了天亮他们好像出了门给家里报平安的小孩子我们好像是受了委屈回到家里的小孩子也说不清到底是谁在护谁也许在名为五月天的城堡里我们全都是小孩我以为他会哭可是他在笑我不知道是不是我们给了他底气他从舞台上一跃而下跳进的是万千wmls的心这场风波收尾之前他把后背给了我们一场闹剧即将落下所有的争议都得有的争有的争就不可能板上钉钉第一条热搜可能谁都进来看个热闹但是到了第100条热搜的时候其实网络上就剩下了两拨人一拨玩了命的骂他们一拨铁了心的爱他们其实事情闹到现在我难过委屈气氛但很大一部分原因是为我自己我努力的工作，积极的生活就因为我喜欢一个乐队被否认变成了一个别人口中的“脑残”变成了一个不辨是非的“死鸭子”变成了一棵人人嘲笑的“韭菜”那些从来没有看过现场的人却高举着名为疑似大旗站在道德制高点上充当“正义使者”怀疑一旦存在，罪名就已成立那些看了现场暴跳如雷的人自己看到的自己听到的不如听别人说的演了几十场没人出来说11月去分析9月的视频然后给别人扣一个帽子真好笑吃饭的时候你不说话吃饱喝足了你听别人说这菜里有头发嗷嗷叫唤着要维权谁才是没有思考能力的傻子一下子格外分明你嘲笑他不懂乐理100多首歌摆在那里你嘲笑他文笔不行金曲奖最佳作词摆在那里彩虹能不能被看见不是光的问题是眼睛的问题台上的人早就功成名就台下的我们有什么呢那些在网上捍卫着五月天的人捍卫的是自己的光自己的相信捍卫的是自己疯狂世界里的乌托邦那些在网上为了黑而黑的人嘴里骂着五月天暴露的却是自己不怎么样的人品到头来除了几句低级脏话什么都留不下动不动就爆粗口问候人家父母的好像是出门把妈揣兜里了你骂他们都得带上24年顶级乐团的title但是某些倒油的乐团就像是上个世纪没卖出去这个世纪又砸在手里的赔钱货20年前没争过他们10年前没搞垮他们如今更没人挡得了他们其实写下这些是因为这些话因为憋在心里，无处可说能看到这里的人大部分都是爱他们的人2023谢谢五月天，也谢谢你们明年我们一定能坐上时光机回到那一天（转自七七老师）,12月08日 16:24
怎么感觉直播这样唱更HIGH呢？ 我喜欢阿信的破音，但不希望频繁的演出让你们累了， 更不希望为了照顾更多的听众，而去消耗了支持你们的歌迷。 唱不上去又怎么样呢？破音了又怎么样了？ 能不能一直这样唱呢？我们爱上的是这样唱歌的五月天~,12月08日 16:24
看了好多现场的视频，发现五月天这次可能确实是真唱，没有之前那种明显的对口型、声音画面延迟、动作浮夸等现象，但是唱的也是十分费力。不敢在有大幅度动作，不敢边唱边跳了，而且即便如此，很多地方也还有走音、破音的问题，特别是唱的所谓e6更是吃力而唱不上去，可见五月天的唱功确实下降的厉害，这 ​看了好多现场的视频，发现五月天这次可能确实是真唱，没有之前那种明显的对口型、声音画面延迟、动作浮夸等现象，但是唱的也是十分费力。不敢在有大幅度动作，不敢边唱边跳了，而且即便如此，很多地方也还有走音、破音的问题，特别是唱的所谓e6更是吃力而唱不上去，可见五月天的唱功确实下降的厉害，这大概也是他之前选择假唱的原因吧。虽然他本意是要通过直播来证明真唱，但是也许最终会是相反的效果：证明此前的轻松的、能蹦能跳的、高音准的那些确实是假唱。对此，大家怎么看待五月天的演唱会直播呢？大家觉得这个直播能证明他此前是真唱还是假唱呢？,12月08日 16:22
网友热评：伍佰不唱都行，他大部分唱都不行​,12月08日 16:21
【他们说 就让他们去说】保护每个人的翅膀是每个成年人的素质体现一个黑暗过去了 另一个新的时代要来临了这一生我们志愿只要平安快乐就好🍎「在全世界都没有人站在我们身边的时候，你们站在了五月天身边，请你 ​【他们说 就让他们去说】保护每个人的翅膀是每个成年人的素质体现一个黑暗过去了 另一个新的时代要来临了这一生我们志愿只要平安快乐就好🍎「在全世界都没有人站在我们身边的时候，你们站在了五月天身边，请你们记得，当全世界没有人站在你身边的时候，五月天在你身边」一個黑暗過去了，另外一個新的時代要來臨了，五月天想要和你活在另外一個全新的時代，另外一個25年，另外一個四分之一個世紀，另外一個屬於你的人生💙🖐🏻,12月08日 16:16
在场证明吧躺着看的演唱会老年五迷没撑到最后​,12月08日 16:12
很好听，超级好听无敌好听！永远爱五月天💙 ​,12月08日 16:09
我一直在讨论E6，有的小粉丝非要说我说什么官方，谁跟你讨论假唱了，搁着胡搅蛮缠混淆概念，笑死​,12月08日 16:07
自己锤自己，你是第一个 ​,12月08日 16:00
【五月天巴黎演唱走调、破音引热议，阿信哽咽“黑暗过去了”】据九派新闻，假唱风波后，北京时间12月8日凌晨3点，五月天巴黎演唱会准时开唱。有网友对比五月天此前演唱会发现，该场巴黎演唱会上，主唱阿信出现走调、破音等问题，且在演唱过程中疑似为了保证气息平稳，减少了之前演 ​【五月天巴黎演唱走调、破音引热议，阿信哽咽“黑暗过去了”】据九派新闻，假唱风波后，北京时间12月8日凌晨3点，五月天巴黎演唱会准时开唱。有网友对比五月天此前演唱会发现，该场巴黎演唱会上，主唱阿信出现走调、破音等问题，且在演唱过程中疑似为了保证气息平稳，减少了之前演唱会的蹦跳、甩飞话筒等动作，近乎“站桩式”演唱。但也有网友表示，巴黎演唱会现场，五月天唱得还算稳。在演唱会结束后，五月天主唱阿信未发文称：“岁月有你同路，陪我唱到日出。此前，五月天巴黎演唱会直播中，阿信当场哽咽：“最后一场真的结束，这不会是终点，会是一个逗点，一个黑暗过去了。”8日上午，面对网上持续发酵的假唱争议，五月天经纪公司连发5个“再唱”,12月08日 15:58
我就问问这男的是不是有毛病？？非得伸手扒拉阿信一下是吧，手管不住可以剁下来​,12月08日 15:53
地球上最后一场好好好想主题con，在东八区用巴黎时间和好友、和wmls们一起唱到了天亮。热度终究会过去，沉淀下来的心💙会让我们更加羁绊相依。 ​,12月08日 15:49
本来对五月天是欣赏的，有些歌青春洋溢正能量。假唱风波后，一系列骚操作真的让人大跌眼镜啊。先不说他们，坐我公司对面的wmls，一天一个样，一会相信，一会儿怀疑，一会儿决定无脑式支持，随她高兴，只要别来烦我就行。不过，面对层出不穷的 ​本来对五月天是欣赏的，有些歌青春洋溢正能量。假唱风波后，一系列骚操作真的让人大跌眼镜啊。先不说他们，坐我公司对面的wmls，一天一个样，一会相信，一会儿怀疑，一会儿决定无脑式支持，随她高兴，只要别来烦我就行。不过，面对层出不穷的确凿证据，作为公众人物，陪大家走过青葱岁月的偶像，还能如此不低调，死鸭子嘴硬到这个程度也是很服气。音乐知识我不知道，但是疲惫的嗓子能唱出什么样的音色我相信唱过2-3hrs ktv的人都能知道。我对面的wmls参加了上海的最后一场，拍出来的视频，哇，那个嗓音稳得一批啊。娱乐圈真暴利，wmls的钱真好赚。如果之后技术部门鉴定没有假唱（有这个可能吗？），希望网友能道歉，如果被证实假唱，希望这五大只靠卖情怀哭哭啼啼的男子组合能好好忏悔，反省清楚了再来内地开演唱会吧。,12月08日 15:49
自己写的歌在演唱会上变调就要说跑调，蹦蹦跳跳说年纪大了唱跳那么久不带累的肯定是假的，不蹦不跳说站桩演唱，话都给你们说完了。演唱会本来就是给粉丝看的，没邀请你呢，不喜勿入。​,12月08日 15:46
emmmmm，其实我想说，他重庆那场我听着是真唱来着，虽然说不是行走的cd，但是现场真的也很牛了，除了有的走走音，整体真的还蛮震撼的，唱高音的时候声压很足，而且未见明显喘气，那时候我还跟朋友感叹第一次听他live觉得体力真的很好 ​,12月08日 15:45
之前感觉可恶的是五月天假唱欺骗圈钱，粉丝可怜被骗钱。现在感觉这不是愿打愿挨嘛！被骗还挺乐呵，还网上对骂呢！不能说傻了，就是有点愚蠢了。 ​,12月08日 15:45
张杰现场实力，在国内流行乐圈算顶级吧！大大方方的说有可能有假唱并且把最低档票价降一降也是可以理解的。真正可恨的是又当又立的！ ​,12月08日 15:44
对比了传说中的固定曲目干杯…能很明显听出来这次直播和之前的是不同的像干杯这种前面主歌部分短平快的，现场真的比较难唱的又准又均匀，所以很好分辨… ​,12月08日 15:44
看完后，只能说，对比太明显了，之前国内的，应该是原声也很大，也庆幸那会麦克风没掉，不然就妥妥实锤 ​,12月08日 15:43
你有一万个可以质疑他的理由你有一万个评判他的标准你有一万个评论他的声音这是一个喧嚣嘈杂的世界它给了你空间和自由说那些好与坏你可以用你的准绳给出你的标准你可以说你是公正客观的你可以认为你看到听到的真实但那是你的判断我亦有我的选择我有我的喜欢我有我的相信我有我的信仰这世 ​你有一万个可以质疑他的理由你有一万个评判他的标准你有一万个评论他的声音这是一个喧嚣嘈杂的世界它给了你空间和自由说那些好与坏你可以用你的准绳给出你的标准你可以说你是公正客观的你可以认为你看到听到的真实但那是你的判断我亦有我的选择我有我的喜欢我有我的相信我有我的信仰这世界不需要你都包容也不需要你都认可如果你只是那1%如果你只是沧海之中的一滴水如果你只是浩瀚星空的一颗小石头如果你只是时间长河里可以忽略不计的一粒尘埃你今天的只言片语真的无所谓我亦如此我不需要你的支持他和他们也不需要你的认可我们互相有彼此的陪伴如果利剑刺穿他那是他需要接受的惩罚他需要疗愈自己更需要疗愈那些信任但他不需要疗愈你你真的不重要我亦真的无所谓你我们都只在自己的世界就好我不需要你闯入进来没有黑暗的世界，黑暗的时代只有黑暗的你内心的角落我坚定着我的坚定至于你对不起，勿扰,12月08日 15:41
用一场真唱来证明之前全是假唱，这就是摇滚精神！！！​,12月08日 15:39
五月天这把操作太迷了，之前还有很多同事兴冲冲跑去看五月天演唱会，没想到是现场放录音，江湖地位都这么高了，钱也赚这么多了，这次真是晚节不保。。。我记得他们的衣服潮牌口号还叫什么keep real，这次是真的很不real 。​,12月08日 15:33
阿信这波认领不得不让人佩服，不仅让观众听众吃瓜群众佩服，也让 Vitas 心服口服阿信之前说自己能唱 10 多拍 f6（vitas 本人应该也只能坚持几秒），用个通俗易懂（英雄联盟玩家）的类比就是：50 岁的 Scout 说以自己现在的实力，直接杀穿 20 岁的 Faker 没有任何问题网上冲浪看到一个冷 ​阿信这波认领不得不让人佩服，不仅让观众听众吃瓜群众佩服，也让 Vitas 心服口服阿信之前说自己能唱 10 多拍 f6（vitas 本人应该也只能坚持几秒），用个通俗易懂（英雄联盟玩家）的类比就是：50 岁的 Scout 说以自己现在的实力，直接杀穿 20 岁的 Faker 没有任何问题网上冲浪看到一个冷知识给大家科普一下，信乐团《死了都要爱》这首歌最高的调是 d5，比阿信老师唱的 f6 大概少了 14 个 key,12月08日 15:32
智己 vs 理想让你选，你选谁？​,12月08日 15:32
这应该是最美的双向奔放了​,12月08日 15:30
五月天巴黎演唱会，再现大摆锤看看之前头都甩飞了，现在头都不敢离麦了，这就是所谓的越证明越实锤吧？提个大胆的猜测，有没有可能台上那个人是替身，真正的阿信根本就没去现场？​,12月08日 15:28
他满分的答卷破绽百出被狠狠质疑为了证明自己真的没作弊他交了一份真实但远不及格的答卷第一次见识粉丝的狂热和昏聩嘴硬到我觉得就算官方鉴定为假都会继续嘴硬从此无法直视🥕这个Emoji作品和作者早该分 ​他满分的答卷破绽百出被狠狠质疑为了证明自己真的没作弊他交了一份真实但远不及格的答卷第一次见识粉丝的狂热和昏聩嘴硬到我觉得就算官方鉴定为假都会继续嘴硬从此无法直视🥕这个Emoji作品和作者早该分开理智是个好东西不不不，还不够完整：粉丝、作品、作者都应该是独立的。这次群嘲对粉丝来说，不过是一次考验忠诚的试炼，他们的脊梁跟嘴一样硬且脆生[HO加油][HO加油][HO加油]有些歌是很好听，我也喜欢但我讨厌他对口型时夸张的撅嘴（划重点）超级茶🍵茶爆了,12月08日 15:26
网友：析有以下几点:1.那个螺栓实在忽悠不了小白了，一大堆从业人员出来给他们科普，1500+1500有时候并不是等于3000的，梦想的销售，还要努力找新的话术，但是舆论出来了，改呢？还是不改呢？2.整一个就是换壳L9，产品没有任何特色，为了续航，搞一个怪异的外形和超小的轮毂， ​网友：析有以下几点:1.那个螺栓实在忽悠不了小白了，一大堆从业人员出来给他们科普，1500+1500有时候并不是等于3000的，梦想的销售，还要努力找新的话术，但是舆论出来了，改呢？还是不改呢？2.整一个就是换壳L9，产品没有任何特色，为了续航，搞一个怪异的外形和超小的轮毂，产品力被同时期上的小鹏X9按着摩擦，完全没得比；3.订单数量狠狠打了微博之王的脸，虽然他脸皮和很多梦想粉丝一样厚，但是不能做到发布一鸣惊人，后面的纯电路线就要凉凉了。所以，还是给想王一个建议，转增程吧，虽然这条路还有华为在做，但是竞争压力远远不如纯电，而且梦想还能在增程这条路线上，凭借丰富的经验去打败别人。,12月08日 15:21
五月天被质疑假唱的这个事情，前几天我也是抱着吃瓜的心态看，有时候也会被他的“秦王扫六合”笑到。但当我看到昨天巴黎演唱会的真唱视频时，突然有点心酸了。一个已经年近半百的老歌手在台上歇斯底里的唱“再唱”。不管好不好听，到没到E6，但确实是全力以赴了。这 ​五月天被质疑假唱的这个事情，前几天我也是抱着吃瓜的心态看，有时候也会被他的“秦王扫六合”笑到。但当我看到昨天巴黎演唱会的真唱视频时，突然有点心酸了。一个已经年近半百的老歌手在台上歇斯底里的唱“再唱”。不管好不好听，到没到E6，但确实是全力以赴了。这感觉就好像是自己小时候考试作弊考了80分，结果被发现了，但还是嘴硬说没有作弊，说下回我还可以考80分，所以后面天天努力学习，但结果下回考试只考了60分。五月天还是给我留下了很多美好的记忆。初中时，全班一起学《倔强》；高中时，在课前给同学们分享《伤心的人别听慢歌》；跨年时，和朋友一起听《笑忘歌》。所以这些歌变成了打开我青春记忆的快捷方式。我也觉得应该把音乐和歌手本人分开来看待。作为一个歌迷，我就单纯的去喜欢这首歌，因为人总会老去，但音乐永远年轻。,12月08日 15:20
我们在一起！,12月08日 15:17
仔细去听了官博每首歌的现场哈哈哈真的笑死了也不蹦了也不跳了恋爱ing都能站着唱完就这还每首歌跑调破音从头又跑又破到尾是怎么在上面站到最后不尴尬的？应该很煎熬吧～自己给自己实锤了啊～ ​,12月08日 15:16
这周要帮隔壁组去年的活收尾 然后自己的model被催着要出要做deck 整个一周都在按天安排兼顾这那～今天下午看完ig上的巴黎的live 然后就跟打了鸡血一样 忙到半夜竟然不困 看来我真的是太想看去你们的现场了​,12月08日 15:14
这么多视频发布出来 假唱肯定实锤了 商业演出假唱是犯法的 等于收了钱不做事 粉丝再脑残也不要拿自己的血汗钱开玩笑呀,12月08日 15:05
小黑子和营销号煞费心机，绞尽脑汁怎么变花样继续黑，尽可能自己的能力败坏自己德行，缺德的东西们赚黑心钱断子绝后吧！,12月08日 15:05
笑死了说话都在破音还洗啥呀​,12月08日 15:01
21号看了五月天上海场，也是全亚洲最后一场。（原本想着他唱：重新开始活着 会破音，即使破音，我们也会爱。。。但是，这个现场竟然超级稳，当时就在怀疑会不会半开麦，没想到真的假唱了。。。。巴黎演唱会的直播真让人大跌眼镜，可以说吗？？？？ 所谓的E6也就算了，现场连B ​21号看了五月天上海场，也是全亚洲最后一场。（原本想着他唱：重新开始活着 会破音，即使破音，我们也会爱。。。但是，这个现场竟然超级稳，当时就在怀疑会不会半开麦，没想到真的假唱了。。。。巴黎演唱会的直播真让人大跌眼镜，可以说吗？？？？ 所谓的E6也就算了，现场连B4都够呛，所以北京上海那么多场，还敢说自己是真唱的吗？,12月08日 15:00
昨天一夜没睡 今天果然盯不住啊昨晚的巴黎演唱会后遗症一直在虽然没在现场 但是心早飞过去了不管怎样 尽管现在热搜声音很多但是也不影响我一直喜欢你们未来也会继续支持你 因为你带给我们的只有我们自己知道 你的能量 你的歌词 你的小作文亲爱的阿信 亲爱的五月天你不要难过 别去在意当下的逗 ​昨天一夜没睡 今天果然盯不住啊昨晚的巴黎演唱会后遗症一直在虽然没在现场 但是心早飞过去了不管怎样 尽管现在热搜声音很多但是也不影响我一直喜欢你们未来也会继续支持你 因为你带给我们的只有我们自己知道 你的能量 你的歌词 你的小作文亲爱的阿信 亲爱的五月天你不要难过 别去在意当下的逗号正如你说的 黑暗终究会过去愿我们未来越来越来越好❤️,12月08日 15:00
谢谢你，谢谢我，我在被窝摇滚区,12月08日 14:59
今天看了五月天巴黎演唱会的视频，感觉离真相更近了不少，不知道官方调查到哪步了，一直等着官宣​,12月08日 14:56
我有两个疑问啊，五月天的演唱会1.五月天开了七十多场演唱会，为什么到现在，才有人提出来是假唱，平时大家都没听出来吗？看了巴黎演唱会，这正常的真唱声音大小有起伏，有跑调，有破音，有高音，有降调的。巴黎这一场真唱，不代表之前没有假唱啊，没有关联性。就像股票一样， ​我有两个疑问啊，五月天的演唱会1.五月天开了七十多场演唱会，为什么到现在，才有人提出来是假唱，平时大家都没听出来吗？看了巴黎演唱会，这正常的真唱声音大小有起伏，有跑调，有破音，有高音，有降调的。巴黎这一场真唱，不代表之前没有假唱啊，没有关联性。就像股票一样，今天涨了，不代表之前是一直涨的那个E6高音，也不是太难，因为男声比较低，所以谱面上记载的E6，实际演唱音高只有E5。这种情况在视唱里还是很常见的。所以阿信也没说错，但也能理解为啥这么多人质疑他，毕竟他没说清谱面音高和实际演唱音高。 不过这波声明有点得不偿失，假唱风波没过去，这又添新 坑。2.五月天是哪一年流行的？我怎么一点印象都没有？说代表一代人的青春，我是基本都没听过，我没青春。你说二选一:  周杰伦代表青春，还是五月天？,12月08日 14:53
世界纷纷扰扰喧喧闹闹什么是真实为你跌跌撞撞傻傻笑笑买一杯果汁🍻好不容易抢到的票77个城市 巴黎收官场那当然要去感受一下啦​,12月08日 14:52
好久不带五月天的tag了 ​,12月08日 14:51
08 / 12​盡其在我 何懼人言​我们都要把自己照顾好好到遗憾无法打扰​5525我们再见 ​,12月08日 14:49
麻烦尊重一下四月天和全场超大声唱的我，原po见右下角～ ​,12月08日 14:46
上海市平均高度为海拔2.19米左右；巴黎平均海拔约为178米。望周知。。。海拔差了22个8度，巴黎的E6相当于上海的E28，而E28超出了人体辨识极限，阿信为了照顾歌迷的感受才放的CD，是我们错怪他了....​,12月08日 14:45
我投给了“看了”~我在被窝摇滚区,12月08日 14:44
看了五月天的演唱会直播，我都心疼他了​,12月08日 14:43
五月天好好好想见到你巴黎最终站演唱会全程直播完整版回放​,12月08日 14:42
真唱破音走调，大家也能接受，接受自己的不完美就行，其实五月天现在风评这么差，全是那群自我感动的脑残粉死鸭子嘴硬造成的，自己没耳朵？？假不假听不出来？？ 嘴巴邦邦硬，我算是五月天歌迷，这群脑残粉自我感动无脑护恶心得我想吐 ​,12月08日 14:40
这场的表现和我看的任意一场都没有区别 ​,12月08日 14:38
五月天是不是假唱，大家质疑的都没问题。但都是站在观众的角度看的。但这件事情的核心，现在在鉴定部门。在鉴定部门眼里，结论只有二选一：假唱or不是假唱。注意啊，没有鉴定为真唱的可能性，这属于是把自己的公信力喂给五月天。如果结果是「假唱」，后果是啥呢？假一赔三，给大家退钱，把演唱会 ​五月天是不是假唱，大家质疑的都没问题。但都是站在观众的角度看的。但这件事情的核心，现在在鉴定部门。在鉴定部门眼里，结论只有二选一：假唱or不是假唱。注意啊，没有鉴定为真唱的可能性，这属于是把自己的公信力喂给五月天。如果结果是「假唱」，后果是啥呢？假一赔三，给大家退钱，把演唱会门票彻底做成理财产品。当然了，这中间的主办方、票务、媒体都要协调。这还只是眼前。以后大家都会对歌手开演唱会更加严格。注意啊，不是说严格不对。这会导致有些live不太行的歌手不敢开演唱会。很多演艺的项目会缩减。这对经济可不是好事。一个知名歌手的演唱会对于地方经济的拉动是很大的。机票、酒店、旅游、餐饮都嗷嗷待哺。就拿周杰伦来说，人家在呼和浩特开了四场演唱会，吸引了126.17万游客，带来了28.8亿元的旅游收入。演唱会算是疫情之后为数不多的能带动经济的热点了。鉴定部门出意见之前，这些得掂量掂量。我预计啊，五月天肯定会掉一层皮。但最后的结论简单来说会是「唱的不够真」。,12月08日 14:36
【】近日， 知名乐队五月天陷入假唱风波。12月4日，五月天经纪公司相信音乐回应媒体时称，“没有假唱”。并在12月7日的上全程直播。自2023年3月，各地文化和旅游行政部门恢复对涉外营业性演出的受理和审批后，不少歌手选择举办演唱会，但在演唱会现 ​【】近日， 知名乐队五月天陷入假唱风波。12月4日，五月天经纪公司相信音乐回应媒体时称，“没有假唱”。并在12月7日的上全程直播。自2023年3月，各地文化和旅游行政部门恢复对涉外营业性演出的受理和审批后，不少歌手选择举办演唱会，但在演唱会现场表演却出现了各类情况：假唱、音响出现问题、破音、跑调和忘词等。评论区声音褒贬不一，对此你怎么看？,12月08日 14:36
这次巴黎的真唱更加应证了之前确实是假唱​,12月08日 14:35
感谢总裁带我来巴黎被窝摇滚区体验很好听到总裁自嘲网路上骂得已经很惨了，又要胸闷泪奔了感谢五月天罩着我们​,12月08日 14:28
过年了​,12月08日 14:28
阿信：在全世界都沒有人站在我們身邊的時候你們站在了五月天身邊請你們記得當全世界沒有人站在你身邊的時候五月天在你身邊我们都是五月天🖐🏻🖐🏻🖐🏻​,12月08日 14:25
「好好」超级幸运在巴黎场听到了这首！属于是我心里慢歌排名仅次于步步的歌了!​,12月08日 14:21
爱听五月天的人，总是常常谈论人类 未来 宇宙 星空。从三好主题起始，我们谈论的黑暗就已经是：被疫情夺走那些人事物和失去那本该灿烂辉煌的三年时光。求求了，别再逼我们为那些浅薄恶言向下兼容了！🤏🏻,12月08日 14:19
①真唱时跑调破音就是寻常事，说明这时歌手确实是真唱。②E6并非是个歌手就行，但一般人偶尔也能飙上去，也不足为信。③是真唱，那么前面那77场，特别是上海演唱会都是真唱吗？大家现在关心的是这个。【站桩式演唱、E6没唱上去】 ​①真唱时跑调破音就是寻常事，说明这时歌手确实是真唱。②E6并非是个歌手就行，但一般人偶尔也能飙上去，也不足为信。③是真唱，那么前面那77场，特别是上海演唱会都是真唱吗？大家现在关心的是这个。【站桩式演唱、E6没唱上去】假唱风波后，北京时间12月8日凌晨3点，五月天巴黎演唱会准时开唱。这场演唱会，五月天是否真唱依旧是焦点。有网友对比五月天此前演唱会发现，该场巴黎演唱会上，主唱阿信出现走调、破音等问题，此前阿信发文中提到的“E6”，他并没有唱上去，且在演唱过程中疑似为了保证气息平稳，减少了之前演唱会的蹦跳、甩飞话筒等动作，近乎“站桩式”演唱。也有网友表示，巴黎演唱会现场，五月天唱得还算稳。而在演唱会结束后，五月天主唱阿信未理会质疑，发文称：“岁月有你同路，陪我唱到日出。谢谢所有城市的支持，谢谢演唱会团队，谢谢每个你。”（本条信源）,12月08日 14:18
“当全世界没人站在我们身边的时候  你们站在我们身边  请你们记得 当全世界没人站在你身边的时候  五月天 在你身边”,12月08日 14:18
咋不蹦蹦跳跳的唱了？ ​,12月08日 14:17
我从小一直也听五月天的歌 算是路人粉了 最近的质疑假唱视频也看了很多 看完觉得挺失望的 作为歌手在演唱会上假唱 于是半夜睡不着去看了下直播 发现跑调跑的很厉害 说了句话被五迷老师们的素质惊到了现在哪哪都是股饭圈味 可怕​,12月08日 14:17
【MAYDAY】阿信:「在全世界都沒有人站在我們身邊的時候，你們站在了五月天身邊。請你們記得，當全世界沒有人站在你身邊的時候，五月天在你身邊。」​,12月08日 14:16
我不是一个正儿八经粉丝，今年南京看了第一次五月天演唱会，买了最便宜380的票，是气氛最好的演唱会之一（别杠，如果唱的不好再气氛也没用，虽然可能比不上林俊杰这些，但是我认为已经挺好的了啊）一直觉得那天去看演唱会前看见了彩虹🌈一定有缘份捏我跟巴黎的感觉对比了一下，我感觉差距也不是很大 ​我不是一个正儿八经粉丝，今年南京看了第一次五月天演唱会，买了最便宜380的票，是气氛最好的演唱会之一（别杠，如果唱的不好再气氛也没用，虽然可能比不上林俊杰这些，但是我认为已经挺好的了啊）一直觉得那天去看演唱会前看见了彩虹🌈一定有缘份捏我跟巴黎的感觉对比了一下，我感觉差距也不是很大吧，为什么一个个都在说难听，我感觉阿信一直都是这样的啊，现场听气氛肯定更好啊。我还是在等鉴定结果捏，现场气氛真的很好，准备明年还去呢,12月08日 14:16
来啦,12月08日 14:15
可不可以深挖这个团体的一些行为呢？做过必留痕迹奥赚钱而已哪有什么情怀，尤其是对我们中国人当面一套背面一套，最恨这种阴阳人。​,12月08日 14:14
粉丝们好好谢谢捶他的人吧，没有他，你们花钱连真的声音都听不到。现在不愿意在听他的歌了，怪怪的感觉 ​,12月08日 14:13
未知全貌 不予置评的道理不懂？再说，粉不粉到底管你们啥事啊？一个个操心的来。。。还有荧光棒，真是大无语，那是强制的么？花你钱了么？你没那个消费能力，还不允许我有么？真的是操心的。。。​,12月08日 14:11
感谢总裁带我来巴黎凌晨三点起床看演唱会啦上海被窝摇滚区在线报到真正唱到天亮！直接早安安上班咯​,12月08日 14:06
搜了一下阿信比我老婆婆小一岁 唱不上去以后开怀旧音乐会吧 粉丝应该不介意假唱 只是想回味一下自己的青春吧 记得高中时候每天中午唱的每周一歌 五月天的歌曲点名率最高了 ​,12月08日 14:02
6 ​,12月08日 13:58
就有点像是你两块钱买一瓶水，人家说你买的这个水太多巴难喝了，不如xxx，你会说一句，那我下次试一下你说的这个。你买了一台车，人家说你这个车太垃圾了，你会跟人急，因为这可能花了你很多的积蓄。一些买票像喝水那样简单的人，可能压根就不关注是否假唱。讨论都不会讨论一下，要 ​就有点像是你两块钱买一瓶水，人家说你买的这个水太多巴难喝了，不如xxx，你会说一句，那我下次试一下你说的这个。你买了一台车，人家说你这个车太垃圾了，你会跟人急，因为这可能花了你很多的积蓄。一些买票像喝水那样简单的人，可能压根就不关注是否假唱。讨论都不会讨论一下，要么就是平白无故给生活找找乐子，诶假唱是不是赔三倍？剩下那一部分跳脚的，绝大多数都是花了十天半个月的工资，然后去看了场演唱会，结果你告诉我是假唱？人不跟你急怎么可能。,12月08日 13:53
粉丝自娱自乐去，路人你又没买票去看，你损失什么？ ​,12月08日 13:52
怎么巴黎场还有这种福利​,12月08日 13:48
阿信为了证明没有假唱，又是跑步又是去敲鼓，又是和粉丝互动，还尽量复刻大摆锤，但越是这样越心酸，有一种每个动作都是要证明自己是真唱的刻意。​,12月08日 13:46
烦死了！成天应付这些四处侮辱诋毁人、到处蹦跶的五月天粉丝，崇尚拥护违法犯罪、弄虚作假的群体，还觉得自己是正义，是狗P，是共犯吧？简直拉低智商。社会环境太差了。一趟走下来，公众的法治意识太差了。以为一些涉嫌包庇的行政部门和违法犯罪群体会要脸吗？ 光谈他们不要脸有什么 ​烦死了！成天应付这些四处侮辱诋毁人、到处蹦跶的五月天粉丝，崇尚拥护违法犯罪、弄虚作假的群体，还觉得自己是正义，是狗P，是共犯吧？简直拉低智商。社会环境太差了。一趟走下来，公众的法治意识太差了。以为一些涉嫌包庇的行政部门和违法犯罪群体会要脸吗？ 光谈他们不要脸有什么用，讲究的是法律定性、违法事实及相关部门的执法能力，以及方方面面对社会的影响。,12月08日 13:46
之前假不假唱跟巴黎的玩什么关系？？？,12月08日 13:43
你看吧，我就说宇宙第一摇滚天团不可能假唱。人家主唱大人是外星人，唱的跟CD一样是因为人家高维度物种可以直接发送脑电波到听众的脑神经，口型跟听感对不上也是因为低维人类窥视高维生物活动时造成的时空扭曲，求你们造谣的别乱说了啊啊啊啊啊 ​你看吧，我就说宇宙第一摇滚天团不可能假唱。人家主唱大人是外星人，唱的跟CD一样是因为人家高维度物种可以直接发送脑电波到听众的脑神经，口型跟听感对不上也是因为低维人类窥视高维生物活动时造成的时空扭曲，求你们造谣的别乱说了啊啊啊啊啊啊啊啊啊…,12月08日 13:42
“开直播的意义在哪儿～”真往自己脸上贴金呢？巴黎场是“好好好想见到你”主题巡演的最后一站，这个主题开场是yq期间，线上开始线上结束有始有终，是想让粉丝都参与最后一场三好主题巡演，和你们黑子有什么关系，又不是给你们看的，你们搁那蹭什么，都不了解这个主题的意义，刷到 ​“开直播的意义在哪儿～”真往自己脸上贴金呢？巴黎场是“好好好想见到你”主题巡演的最后一站，这个主题开场是yq期间，线上开始线上结束有始有终，是想让粉丝都参与最后一场三好主题巡演，和你们黑子有什么关系，又不是给你们看的，你们搁那蹭什么，都不了解这个主题的意义，刷到个无官方认证的造谣就在那说自证，证你集贸呢,12月08日 13:42
北京时间12月8日凌晨，枣庄[超话]#​,12月08日 13:38
戴上耳机我还是睡美容觉吧。 ​,12月08日 13:37
最爱的歌🎤,12月08日 13:36
仰望U8车主进豪车群被拒(豪车群群主开A180)这特么什么玩意儿？​,12月08日 13:35
到这里，已经很难再觉得阿信是歌手了，这波已经升级成行为艺术了，大艺术家🧑‍🎨！希望下次直接在电影院放五月天演唱会​,12月08日 13:33
五迷三道，大型pua现场，老了大概率被忽悠去买保健品,12月08日 13:31
地球上最好的五月天永远真诚的五月天永远感动的我要一直一直一直一起走哦🖐🏻🖐🏻🖐🏻🖐🏻🖐🏻​,12月08日 13:30
事实已经足够明显，就看部分粉丝愿不愿意相信了 ​,12月08日 13:27
唱的什么J8，凌晨4点村里公鸡打鸣都比这有节奏感​,12月08日 13:27
看了一下大家说他走音、破音了，该怎么假唱，假唱会走音、破音吗？我就想说难道一个专业歌手现在要求这么低了吗……走音破音很值得炫耀哈？？不是谁的粉，就是看了这么多天的热搜表达一下​,12月08日 13:26
这真是偷鸡不成蚀把米本以为弄一场真唱可以打消质疑，结果这巴黎真唱和之前上海演唱会形成了鲜明对比。巴黎的朋友是真的在现场听到了演唱会，而那些上海的朋友，他们现场听的是CD​,12月08日 13:24
五月天巴黎场说下观感昨晚基本上都开麦了，但是大部分副歌垫音真的很大，主麦声音很小；破音跑调的次数挺多的，甚至改调降调，基本上也算是反向锤了自己……直播连麦克风那一轨信号都不敢内录搞个饭拍音源，垫音那么多还车祸现场！​,12月08日 13:24
我用wmls全家性命发誓，五月天演唱会从来没假唱，如果假唱，wmls全家bao毙，这下大家相信我了吧​,12月08日 13:24
如果你被人抨击假唱，各种攻击，请问在下次演唱会的时候还会蹦蹦跳跳嘛？还要说什么不跳是担心气息不稳，太生气了​,12月08日 13:23
引用一网友的话：“只有在他们的歌里，时间都停了，他们都回来了。” ​,12月08日 13:23
我最愛最愛你我們所有人也最愛最愛你們今年是我的低谷，在沒有人理解，沒有人傾訴的時候，我遇到了你們。我最好的九月底，和以後每年都變得不一樣的五月天，我這樣一個討厭穩定卻不得不追求穩定的人，遇見了穩定中卻有不穩定的你們。你們穩定的喜歡音樂，卻一直有不平靜的海面。是你們，在2023年1 ​我最愛最愛你我們所有人也最愛最愛你們今年是我的低谷，在沒有人理解，沒有人傾訴的時候，我遇到了你們。我最好的九月底，和以後每年都變得不一樣的五月天，我這樣一個討厭穩定卻不得不追求穩定的人，遇見了穩定中卻有不穩定的你們。你們穩定的喜歡音樂，卻一直有不平靜的海面。是你們，在2023年11月21日圓滿了我跨年的不甘心。是你們，在2023年9月24日對我唱著想要征服的世界，始終沒有改變。是你，在墨菲定律的講座中向我解釋了我的迷茫。總是你，也是你讓我覺得，好像沒有這麼糟，這幾天如同一場鬧劇，我們每個人都被外界的聲音吵到。我只相信我的心，我也只相信我的感覺，我在現場我知道。在香港你說，你們相信我嗎？你們相信五月天嗎？那我也信。我想說不對，應該是，你們相信自己嗎？你們相信自己的心嗎？我相信我自己的心，所以我信五月天如果說巴黎這次這麼近的距離，需要用長達一週的喧囂換來那我想說：我希望你永遠站在舞台上做那個平易近人的小神明，做我們的聖誕老人🧑‍🎄永遠在舞台上用音樂治癒著我的心❤️‍🩹接下來的日子裡，我們互相撐腰，一起走吧。最後，我們都要把自己照顧好，好到遺憾無法打擾。我愛你🩵我們最愛你🩵我們相信自己的心🩵也相信你們🩵,12月08日 13:23
五月天巴黎演唱会，阿信挑战E6高音。有无懂哥说说，E6真的唱上去了吗？ ​,12月08日 13:22
自己搞自己就没必要了，看得心酸啊。话说官方那么多天还没调查明白，等着五月天筹钱贿赂？ ​,12月08日 13:21
反而倒是倒锤了之前舞台表演那么夸张，但是音准气息不乱分毫的绝对是假唱了。可叹国内观众纯韭菜，不过也有的一个愿打一个愿挨，唯有尊重祝福。 ​,12月08日 13:20
小的时候 在卡带里，CD里，在中学半山腰上和最好朋友一人一只耳机里长大之后 在电脑上，数位上，在上海台北台中桃园，在和同学一边肝论文到天亮一边奔赴与你相见自始至终你都拥有我心里最最最最最最温柔的声音写我最最最最喜欢的文字唱我最最最最爱听的歌曲我喜欢就好我管别 ​小的时候 在卡带里，CD里，在中学半山腰上和最好朋友一人一只耳机里长大之后 在电脑上，数位上，在上海台北台中桃园，在和同学一边肝论文到天亮一边奔赴与你相见自始至终你都拥有我心里最最最最最最温柔的声音写我最最最最喜欢的文字唱我最最最最爱听的歌曲我喜欢就好我管别人做什么你也是,12月08日 13:19
老师，这种在巴黎的活动，以后我们家子涵就不参加了吧，我看他之前都挺高兴的，怎么去了巴黎一点都不活泼了？你们巴黎是收了钱的地方，再这样的话我要跟教育局举报你们了。 ​,12月08日 13:19
怎么有这么多人还在说这个事啊？？？不过黑子们熬夜看直播也挺辛苦🤙🏻 ​,12月08日 13:18
真不错 唱的真好 棒极了​,12月08日 13:16
“这一生只愿只要平凡快乐谁说这样不伟大呢”​,12月08日 13:16
估计沪上某部门就在等着看看巴黎100%原唱到底怎么样，和沪上的像不像，这样再出鉴定大家都容易接受一些！厉害厉害！​,12月08日 13:16
是的 我看的每一场他都是这样卖力这样用心,12月08日 13:13
那些骂五月天的，或许一辈子都没去听过一场演唱会… 想想就觉得好笑 ​,12月08日 13:12
阿信说别骂了，这几天已经被骂的很惨了，|​,12月08日 13:10
【、站桩式演唱、E6没唱上去】据九派新闻：假唱风波后，北京时间12月8日凌晨3点，五月天巴黎演唱会准时开唱。这场演唱会，五月天是否真唱依旧是焦点。有网友对比五月天此前演唱会发现，该场巴黎演唱会上，主唱阿信出现走调、破音等问题， ​【、站桩式演唱、E6没唱上去】据九派新闻：假唱风波后，北京时间12月8日凌晨3点，五月天巴黎演唱会准时开唱。这场演唱会，五月天是否真唱依旧是焦点。有网友对比五月天此前演唱会发现，该场巴黎演唱会上，主唱阿信出现走调、破音等问题，此前阿信发文中提到的“E6”，他并没有唱上去，且在演唱过程中疑似为了保证气息平稳，减少了之前演唱会的蹦跳、甩飞话筒等动作，近乎“站桩式”演唱。也有网友表示，巴黎演唱会现场，五月天唱得还算稳。而在演唱会结束后，五月天主唱阿信未理会质疑，发文称：“岁月有你同路，陪我唱到日出。谢谢所有城市的支持，谢谢演唱会团队，谢谢每个你。”此前，五月天主场阿信曾发长文回应假唱质疑，称”除了真唱没有感动你的方式，“每次的嘶吼，每一场，每一声，都来自于我依赖了24年的嗓子”，但仍被质疑回避真假唱问题，毕竟提前录制好的歌曲也是来自五月天自己的声音。长文中还说道“每次唱这足10拍E6的高音，总是跪足捶地”又引发新一轮讨论，称五月天根本无法唱上去10拍E6。7日凌晨，五月天演唱会伴唱黄士杰在评论区回应阿信E6问题：“这里E6表述是以钢琴的记谱方式（科法），最低音是从A0开始，接着是B0和C1，一路往上到中央C4，崩坏最后的最高音是钢琴上的E6，即阿信写到的E6。理解不一样可能因为大家的基准始点不一样，所以各自解读会有所不同。 ”,12月08日 13:10
【网友晒巴黎演唱会音调仪检测的音域截图，】北京时间12月8日3：00，五月天演唱会巴黎站在Accor Arena举行，并进行全程直播。当日，有网友在五月天发布的视频下评论“再唱再唱再唱”，并贴图音调仪上显示音区达F6， ​【网友晒巴黎演唱会音调仪检测的音域截图，】北京时间12月8日3：00，五月天演唱会巴黎站在Accor Arena举行，并进行全程直播。当日，有网友在五月天发布的视频下评论“再唱再唱再唱”，并贴图音调仪上显示音区达F6，比E6还高。阿信回复称“冲过头”。此前12月6日晚，五月天主唱陈信宏发文回应被质疑假唱，其中提到“每次唱这足10拍E6高音”。对此，你怎么看？,12月08日 13:10
一百多年前，五四运动中的大陆学生抗议巴黎和会的不平等待遇。一百多年后的今天，巴黎还是享受大陆没有的待遇。不得不说，倔强。​,12月08日 13:05
真心换真心❤️​,12月08日 13:04
『 在全世界都没有人站在我们身边的时候 你们站在五月天身边 请你们记得 当全世界没有人站在你身边的时候 五月天在你身边 』 因为你们是五月天啊！💙💙💙💙💙,12月08日 13:03
五月天就算假唱咋了啊。小时候听CD不就是为了它比卡带一直更好嘛？ 一堆人落井下石，要不然你上去唱啊 ​,12月08日 13:02
感觉好难听哦。唱歌很吃力。 ​,12月08日 13:01
阿信说别骂了，这几天已经被骂的很惨了，|​,12月08日 13:01
搂了一眼五月天的巴黎演唱会。妈耶。人也不跳了，麦也不满世界甩了，嘴巴也不跟全班背诵时的差生一样夸张了，音准也拉了，嗓子也粗了，现场也不跟CD一样了。点开评论：合影，“他最终还是挡在了他们面前。”我：。。。尊重，祝福，怎么不是一场酣畅淋漓的小丑他妈亲手给 ​搂了一眼五月天的巴黎演唱会。妈耶。人也不跳了，麦也不满世界甩了，嘴巴也不跟全班背诵时的差生一样夸张了，音准也拉了，嗓子也粗了，现场也不跟CD一样了。点开评论：合影，“他最终还是挡在了他们面前。”我：。。。尊重，祝福，怎么不是一场酣畅淋漓的小丑他妈亲手给小丑补妆呢,12月08日 13:01
我真的觉得跟我武汉场听的差不多啊，没有网友们都在说的有多难听多跑调啊​,12月08日 13:00
省流 能唱 有垫 不敢蹦跶 ​,12月08日 13:00
我的嘴替 永远爱五月天,12月08日 13:00
网友晒巴黎演唱会音调仪检测的音域截图，并贴图音调仪上显示音区达F6，比E6还高，。北京时间12月8日3：00，五月天演唱会巴黎站在Accor Arena举行，并进行全程直播。​,12月08日 13:00
hhh 陈信宏你又唱错啦！,12月08日 13:00
今天凌晨的直播，听了两首歌，这次确实是真唱，但阿信全程站着不怎么动，应该是为了节省体力，另外也有很多走音和飘音。阿信走音才正常，一场下来不走音才有猫腻，所以这场真唱的直播，几乎就是证实过去那些蹦蹦跳跳还不走音的就是假唱。阿信本来就老了，75年现在48岁都快50的人 ​今天凌晨的直播，听了两首歌，这次确实是真唱，但阿信全程站着不怎么动，应该是为了节省体力，另外也有很多走音和飘音。阿信走音才正常，一场下来不走音才有猫腻，所以这场真唱的直播，几乎就是证实过去那些蹦蹦跳跳还不走音的就是假唱。阿信本来就老了，75年现在48岁都快50的人，这个年纪蹦蹦跳跳唱摇滚乐还一连开五六场， 本来就不正常，以后五月天肯定是不敢假唱了，这对粉丝是个交代，对乐团本身也是好事，起码不会透支身体去圈钱。,12月08日 12:59
对五月天的好感稀碎了！ ​,12月08日 12:59
有种照着巴黎这种真开麦上气不接下气的架势10天8场唱唱看，第三场就会失声了吧自己锤自己大陆假唱的雷神之锤 ​,12月08日 12:57
是真难听啊 ​,12月08日 12:57
怎么回事，对巴黎歌迷不满是吧唱这么拉胯！ ​,12月08日 12:56
一个是真敢说，一个是真敢认,12月08日 12:56
刚听了几首，前面几首到《因为你所以我》之前，准备和休息得虽然都挺充分的，还是每首都有跑调的地方，和内地的假唱CD版本依然差距很大，但这几首唱得挺努力的，如果live都是这个质量也能接受。可惜，在《因为你所以我》之后，音准基本就没法把控了，尤其是慢歌，跑调更明显。 ​,12月08日 12:56
有了这次 至少以后会开麦了吧  不能站着这么轻松把钱挣了 ​,12月08日 12:55
五月天主唱阿信感谢了77场巡演的每一个城市，希望明年内地继续，我们必到！​,12月08日 12:55
直播八场看看实力 ​,12月08日 12:55
警察:“你昨天下午一到四点在哪里？做什么？”阿信:“我明天中午十一点在家。”​,12月08日 12:54
🥕说在全世界没有人站在五月天身边的时候你们在五月天身边你要记得当全世界没有人站在你身边的时候五月天在你身边这是全天下最完美的阵容，mayday和wmls在被窝摇滚区里和你们一起🖐🏻🖐🏻🖐🏻🖐🏻🖐🏻​,12月08日 12:53
全程破音肯定真唱，当时某场次这么唱人们其实也能接受，只可惜以前是以前现在是现在 ​,12月08日 12:52
以前在学校的时候这乐队是挺火的，但我从来没有粉过，甚至一首歌都不耐烦听完，因为主唱的声音我不喜欢。按我的喜好，我喜欢厚重有质感的声音，五月天主唱声音感觉随时都要劈掉的样子，死了都要爱那个信的声音都比他好听多了。任何商演，假唱都是不允许不可容忍的 ​以前在学校的时候这乐队是挺火的，但我从来没有粉过，甚至一首歌都不耐烦听完，因为主唱的声音我不喜欢。按我的喜好，我喜欢厚重有质感的声音，五月天主唱声音感觉随时都要劈掉的样子，死了都要爱那个信的声音都比他好听多了。任何商演，假唱都是不允许不可容忍的，不管是谁。既然出来靠声音赚钱那就用真声音，否则开什么演唱会，卖情怀的话有本事票面上直接写听录音大会好了啊。,12月08日 12:52
看看你们丢人现眼的粉丝空瓶 ​,12月08日 12:51
【】近日， 知名乐队五月天陷入假唱风波。12月4日，五月天经纪公司相信音乐回应媒体时称，“没有假唱”。并在12月7日的上全程直播。自2023年3月，各地文化和旅游行政部门恢复对涉外营业性演出的受理和审批后，不少歌手选择举办演唱会，但在演唱会现 ​【】近日， 知名乐队五月天陷入假唱风波。12月4日，五月天经纪公司相信音乐回应媒体时称，“没有假唱”。并在12月7日的上全程直播。自2023年3月，各地文化和旅游行政部门恢复对涉外营业性演出的受理和审批后，不少歌手选择举办演唱会，但在演唱会现场表演却出现了各类情况：假唱、音响出现问题、破音、跑调和忘词等。评论区声音褒贬不一，对此你怎么看？,12月08日 12:51
在全世界沒人站在我們身邊的時候  你們站在五月天身邊  请你们记得 當全世界沒人站在你們身邊的時候  五月天在你們身邊年年都要看五月天​,12月08日 12:49
假唱喷就喷，这是有证据的，起码可以合理怀疑，怎么还有质疑创作是不是他自己的，一点依据没有。刚才看到有个人质疑，结果他自己喜欢的歌手有歌是阿信写的，笑死了真的。​,12月08日 12:45
难听到批爆，就这还好意思开演唱会圈钱？死鸭子嘴硬还不承认假唱。,12月08日 12:45
中途走下舞台的瞬间，真是做梦都不敢梦的,12月08日 12:44
从声明没假唱开始就开始绑架粉丝的感性，直道黑暗过去了，清醒过来的人就在看一个天团沦落为一只自我催眠的小丑，是的他有他的倔强，烂吧烂的太tm好！！！ ​,12月08日 12:43
昨天除了五月天线上演唱会，还有邓紫棋巡回演唱会首场，两场都听了（线上），怎么说，真的对比很强烈，感觉真的如果没有能力开完整场的演唱会就不要开吧，还连开那么多场，公司吃相真的很难看…第一首歌盛夏光年之前邓紫棋有在五月天的演唱会上唱过，实力真就不是一 ​昨天除了五月天线上演唱会，还有邓紫棋巡回演唱会首场，两场都听了（线上），怎么说，真的对比很强烈，感觉真的如果没有能力开完整场的演唱会就不要开吧，还连开那么多场，公司吃相真的很难看…第一首歌盛夏光年之前邓紫棋有在五月天的演唱会上唱过，实力真就不是一个level…歌迷的钱不是那么好赚的，别总在那里贩卖情怀了。PS：解解什么时候才巡到湖南哇😭北京我上半年已经不报什么希望了，只求长沙站能早一点啊啊啊啊我好想去现场看,12月08日 12:42
周五啦干杯💙昨晚看演唱会今天上班迟到​,12月08日 12:42
属于 反证​,12月08日 12:41
【】假唱风波后，12月8日凌晨3点，五月天巴黎演唱会准时开唱。这场演唱会，五月天是否真唱依旧是焦点。网友对这场演出也是褒贬不一。有博主观在线上观看完整场演唱会后表示：很真，但车祸。​,12月08日 12:41
线上演唱会得概念 也只有小神明能想出来了吧 太爱wmls们了 这样全世界的人们 才能真正感受得到你的温暖🩵🩵🩵​,12月08日 12:41
【】近日，五月天演唱会假唱事件风波升级，在北京时间12月8日凌晨三点，五月天在巴黎举行的演唱会进行了全程直播。演唱会过程中，阿信的蹦跳动作较以往演唱会少了很多，被调侃成“站桩式输出”，在演唱“倔强”“突然好想你”多首歌时 ​【】近日，五月天演唱会假唱事件风波升级，在北京时间12月8日凌晨三点，五月天在巴黎举行的演唱会进行了全程直播。演唱会过程中，阿信的蹦跳动作较以往演唱会少了很多，被调侃成“站桩式输出”，在演唱“倔强”“突然好想你”多首歌时，阿信多次拿麦与观众互动，似乎在力证没有假唱。有网友评论说这次直播场很稳，但也有网友说这次唱得很难听，反而感觉之前唱的好是假唱。（凤凰网）,12月08日 12:41
全程真唱是真难听，那之前连开8场堪比CD效果的演唱会是不是假唱……就很有意思。 ​,12月08日 12:40
只能说巴黎站真唱，更证明了之前是假唱，差的也太多了 ​,12月08日 12:39
看了视频《干杯》岂不是更坐实了国内的假唱，国外的手晃音还在变化，国内一点变化都没有 ​,12月08日 12:39
嗯，目前真实水平就是这样的，费力、走调……所以是自己打脸么，之前国内场又蹦又跳的，气息都不乱的，稳如cd怎么说？ ​,12月08日 12:39
要不还是假唱吧，都快上不来气了🙉​,12月08日 12:39
五月天巴黎演唱会破音跑调现原形，印证了之前的假唱质疑​,12月08日 12:38
"我投给了“盛夏光年”,“香水”,“擁抱”,“我心中尚未崩壞的地方”,“突然好想妳”,“一顆蘋果”,“永遠的永遠”,“借問眾神明”,“任意門”,“諾亞方舟”,“憨人”~",12月08日 12:38
【】近日， 知名乐队五月天陷入假唱风波。12月4日，五月天经纪公司相信音乐回应媒体时称，“没有假唱”。并在12月7日的上全程直播。自2023年3月，各地文化和旅游行政部门恢复对涉外营业性演出的受理和审批后，不少歌手选择举办演唱会，但在演唱会现 ​【】近日， 知名乐队五月天陷入假唱风波。12月4日，五月天经纪公司相信音乐回应媒体时称，“没有假唱”。并在12月7日的上全程直播。自2023年3月，各地文化和旅游行政部门恢复对涉外营业性演出的受理和审批后，不少歌手选择举办演唱会，但在演唱会现场表演却出现了各类情况：假唱、音响出现问题、破音、跑调和忘词等。评论区声音褒贬不一，对此你怎么看？,12月08日 12:36
这公关真的离谱，唱成这样不反证了以前是假唱​,12月08日 12:34
突然想起名场面，不要对号入座她带不出来冠军的隔行如隔山 这是我对她的忠告这很难评 起到一个什么样的作用呢起到一个造型上的作用吧'（子怡微笑） ​,12月08日 12:33
现在年纪也挺大的，来卜卦的方式看一下他现在的身体情况是怎么样了？首先人呢，记性不好，容易丢三落四的，然后容易头晕，脑子混乱，就那种容易短路的那种感觉，然后就是睡眠也不太好，饮食不洁，然后就是颈椎也不太好，颈椎的关节，关节处不是很好，而且好像也有前列腺 ​现在年纪也挺大的，来卜卦的方式看一下他现在的身体情况是怎么样了？首先人呢，记性不好，容易丢三落四的，然后容易头晕，脑子混乱，就那种容易短路的那种感觉，然后就是睡眠也不太好，饮食不洁，然后就是颈椎也不太好，颈椎的关节，关节处不是很好，而且好像也有前列腺炎之类的，然后再加上因为他的这个膀胱不是很好，容易多尿什么的，那么总结就是前列腺炎，大毛病倒是没有,12月08日 12:30
很悲壮，很心疼，以后别真唱了。 ​,12月08日 12:30
【】近日， 知名乐队五月天陷入假唱风波。12月4日，五月天经纪公司相信音乐回应媒体时称，“没有假唱”。并在12月7日的上全程直播。自2023年3月，各地文化和旅游行政部门恢复对涉外营业性演出的受理和审批后，不少歌手选择举办演唱会，但在演唱会现 ​【】近日， 知名乐队五月天陷入假唱风波。12月4日，五月天经纪公司相信音乐回应媒体时称，“没有假唱”。并在12月7日的上全程直播。自2023年3月，各地文化和旅游行政部门恢复对涉外营业性演出的受理和审批后，不少歌手选择举办演唱会，但在演唱会现场表演却出现了各类情况：假唱、音响出现问题、破音、跑调和忘词等。评论区声音褒贬不一，对此你怎么看？,12月08日 12:30
八个小时过去了，再听这首依旧觉得心痛。,12月08日 12:30
按这个唱法连开三场都是问题​,12月08日 12:29
巴黎真唱的“我心中尚未崩坏的地方”和上海场真的完全不一样，真的在我心中彻底崩坏了​,12月08日 12:29
嗨呀，假唱就假唱嘛，难听就难听嘛，反正你那群脑残结晶粉丝会找理由维护你的，乐队不也挺会逢场作戏假情假意的享受着脑残结晶粉丝带给你们的一切，年度最佳乐子非你们莫属😋 ​,12月08日 12:29
所以上海场到底有没有假唱一目了然啊 ​,12月08日 12:28
,12月08日 12:27
他在发光诶!!“黑暗中期待光线 生命有一种绝对，等待我 请等待我 直到约定融化成笑颜”​,12月08日 12:27
看了几段五月天的巴黎演唱会片段，是真唱，但是更证明国内的是假唱。我就不明白了，大大方方承认假唱咋了？就现在这个互联网环境，过不了一年大家就过去了，稳住粉丝基本盘，以后还可以出来赚钱。到此为止吧，作为一个喜欢音乐的人，从此不再关注五月天，拜拜🙅 ​,12月08日 12:26
,12月08日 12:26
信啊，我是能理解你假唱的，因为你真唱就是一坨4，真能有这么垃圾啊🥲🥲 ​,12月08日 12:25
关于五月天究竟是不是摇滚乐队的争论可以结束了，并且是由他们亲手盖棺定论。要接受这一切并不容易。在一个没有战争动荡的世界里，人们总要从宗教、娱乐、哲学中汲取一些力量，毛利兰和灰原哀、科比和勒布朗、卡卡罗特和贝吉塔、梅西和C罗、The Beatles和五月天…我们总要 ​关于五月天究竟是不是摇滚乐队的争论可以结束了，并且是由他们亲手盖棺定论。要接受这一切并不容易。在一个没有战争动荡的世界里，人们总要从宗教、娱乐、哲学中汲取一些力量，毛利兰和灰原哀、科比和勒布朗、卡卡罗特和贝吉塔、梅西和C罗、The Beatles和五月天…我们总要有所依仗，才能走下去。我呢 我依赖什么？是The Beatles在《Yesterday》的：“Now I long for yesterday”；是葛公：“竭股肱之力，效忠贞之节，继之以死”；是科比在失利后：“第二名是最大的输家”；是五月天《人生海海》中：“可是我 从不怕 挖出我火热的心”。这一切塑造了如今的我，帮助我走到今天。说来讽刺的是：我对The Beatles披头士的爱最初来源于五月天，他们曾多次表示要成为中国的披头士，要成为世界的五月天，有时我看着陈信宏，仿佛真的看到了约翰 列侬。但是，这一切已然被他们亲手击碎了。数天难过，从不愿相信、不理解到接受这一切，终于明白：他们从来不是引路人，只是同行人。那些拉起过、温暖过我的旋律不会变，那是我身体的一部分，但是对五月天不会再关注，毕竟“我如果对自己妥协 如果对自己说谎 即使别人原谅 我也不能原谅”，是你们教我的呀，五月天。,12月08日 12:25
【】近日， 知名乐队五月天陷入假唱风波。12月4日，五月天经纪公司相信音乐回应媒体时称，“没有假唱”。并在12月7日的上全程直播。自2023年3月，各地文化和旅游行政部门恢复对涉外营业性演出的受理和审批后，不少歌手选择举办演唱会，但在演唱会现 ​【】近日， 知名乐队五月天陷入假唱风波。12月4日，五月天经纪公司相信音乐回应媒体时称，“没有假唱”。并在12月7日的上全程直播。自2023年3月，各地文化和旅游行政部门恢复对涉外营业性演出的受理和审批后，不少歌手选择举办演唱会，但在演唱会现场表演却出现了各类情况：假唱、音响出现问题、破音、跑调和忘词等。评论区声音褒贬不一，对此你怎么看？,12月08日 12:25
哈哈，难听死了，嗯，赶紧被封杀 ​,12月08日 12:24
说实话，这唱功，高低我也能整一首​,12月08日 12:24
只有遗憾，假唱没诚意，真唱达不到效果，跟希望自己喜欢的人永远25岁一样​,12月08日 12:23
听到了没有 ，真唱就会破音 ，就会走掉 ，这就是真唱 ，只要是真唱就能听出来 ，现场不可能像 CD 这么稳的 ，但凡是这么稳的 ，一定是假唱 。首先必须肯定 ，半开麦也是假唱 ，而且是绝对坐实的假唱 ，不开麦就更过分了 ，半开麦和不开麦都是假唱 ，应该绝对禁演 ，我们对于演唱会 ​听到了没有 ，真唱就会破音 ，就会走掉 ，这就是真唱 ，只要是真唱就能听出来 ，现场不可能像 CD 这么稳的 ，但凡是这么稳的 ，一定是假唱 。首先必须肯定 ，半开麦也是假唱 ，而且是绝对坐实的假唱 ，不开麦就更过分了 ，半开麦和不开麦都是假唱 ，应该绝对禁演 ，我们对于演唱会的管制应该更严格  。如果业务能力不行 ，那就不要吃这口饭 ，吃这口饭你就要有这个实力 。如果假唱可以 ，那以后还音歌手全都能开演唱会了 ，因为不需要任何功底啊 ，上去张张嘴就行 。五音不全的也能做歌手了 ，反正能还音嘛 ，真牛逼 ，国人的钱太好挣了 。为什么国内会有那么多人假唱 ，我看就是没人管 ，所以才会那么明目张胆的去假唱 ，能躺着为什么站着呢 ？你们说是不是 ？,12月08日 12:23
被质疑假唱没有第一时间回应就已经是答案了​,12月08日 12:23
内地场不真唱，从我的计划名单删除​,12月08日 12:22
评价：悲壮! ​,12月08日 12:22
别的不说了 你们对得起自己的音乐理想吗… ​,12月08日 12:22
只有黑子的贴热度才能排前面是吧 ​,12月08日 12:20
这次虽然真唱，但是和之前今年所有场次的演唱会的粉丝维护的“真唱”呈鲜明对比，所以根本无法证明之前是不是真唱 ​,12月08日 12:20
,12月08日 12:20
我就是更爱他了，好喜欢可惜不是我的，真的瘦了好多啊，好想知道你怎么瘦的，胖胖的时候好像我爸，瘦瘦的就像老公今年的第四场，被窝区反而是最激动人心的一场黑暗终将过 ​我就是更爱他了，好喜欢可惜不是我的，真的瘦了好多啊，好想知道你怎么瘦的，胖胖的时候好像我爸，瘦瘦的就像老公今年的第四场，被窝区反而是最激动人心的一场黑暗终将过去，期待明年5525，对我来说是551525哈哈哈哈,12月08日 12:19
我真的心服口服了再见最想去的演唱会再也不去了​,12月08日 12:19
“你说被火烧过，才能出现凤凰🔥逆风的方向，更适合飞翔”☁️🎤地球最后一场[好好好想见到你]🌏从黑夜听到黎明🌌今年看了两场，终于让我听到现场版笑忘歌🏫虽然是在被窝摇滚区好像理解为什么爸爸喜欢听我所谓的老歌🚗​“你说被火烧过，才能出现凤凰🔥逆风的方向，更适合飞翔”☁️🎤地球最后一场[好好好想见到你]🌏从黑夜听到黎明🌌今年看了两场，终于让我听到现场版笑忘歌🏫虽然是在被窝摇滚区好像理解为什么爸爸喜欢听我所谓的老歌🚗音乐真的可以带人穿越时光回到过去🎼岁月漫长，偶有荆棘，大人也可以有童谣🎧🎸我的童谣就是五月天💙💙💙💙💙,12月08日 12:17
听了几段，好消息：是真唱。坏消息：证明之前百分之一万存在假唱，但凡您有个耳朵。其实我们这些路人小黑子不重要，直播是为稳住粉丝基本盘，目的达成，下面就算官方指出有“假唱嫌疑”，那会有很多解释空间，再撕几天黑不提白不提，就过去了，继续感动继续倔强。感谢五月 ​听了几段，好消息：是真唱。坏消息：证明之前百分之一万存在假唱，但凡您有个耳朵。其实我们这些路人小黑子不重要，直播是为稳住粉丝基本盘，目的达成，下面就算官方指出有“假唱嫌疑”，那会有很多解释空间，再撕几天黑不提白不提，就过去了，继续感动继续倔强。感谢五月天整顿演艺市场，看下面Live上谁还敢对口型。,12月08日 12:16
好巧不巧的，怎么又是巴黎😂 ​,12月08日 12:14
不更证明是假唱吗哈哈哈，不然你告诉我几天之内差这么多是咋回事。 ​,12月08日 12:14
这次真唱不是更体现了之前假唱么​,12月08日 12:13
会有完整录播么​,12月08日 12:11
黑暗过去了 迎来的是更黑的黑暗----12月7日在巴黎举行的演唱会全程直播中，阿信听着全场歌迷的歌声，忍不住哽咽道：“要说出这些话，真的蛮难为情的，我真的每次都要把灯关掉，最后一场真的结束，这不会是终点，会是一个逗点，一个黑暗过去了，另一个新的世代要来临了，五月 ​黑暗过去了 迎来的是更黑的黑暗----12月7日在巴黎举行的演唱会全程直播中，阿信听着全场歌迷的歌声，忍不住哽咽道：“要说出这些话，真的蛮难为情的，我真的每次都要把灯关掉，最后一场真的结束，这不会是终点，会是一个逗点，一个黑暗过去了，另一个新的世代要来临了，五月天想告诉你，我想跟你再次活在一个新的世代。”------不是 这话我怎么感觉这么pua啊 ………,12月08日 12:11
哈哈哈哈哈哈哈哈哈哈哈哈哈哈哈//:期末考，能不努力吗,12月08日 12:10
这次真唱了=上次是真唱？ ​,12月08日 12:09
收拾收拾，可以准备赔钱了吧，这不直接锤了前面是假唱了吗​,12月08日 12:08
【】近日， 知名乐队五月天陷入假唱风波。12月4日，五月天经纪公司相信音乐回应媒体时称，“没有假唱”。并在12月7日的上全程直播。自2023年3月，各地文化和旅游行政部门恢复对涉外营业性演出的受理和审批后，不少歌手选择举办演唱会，但在演唱会现 ​【】近日， 知名乐队五月天陷入假唱风波。12月4日，五月天经纪公司相信音乐回应媒体时称，“没有假唱”。并在12月7日的上全程直播。自2023年3月，各地文化和旅游行政部门恢复对涉外营业性演出的受理和审批后，不少歌手选择举办演唱会，但在演唱会现场表演却出现了各类情况：假唱、音响出现问题、破音、跑调和忘词等。评论区声音褒贬不一，对此你怎么看？,12月08日 12:07
五月天巴黎演唱会被指走调破音、站桩式演唱、E6没唱上去，阿信发文：陪我唱到日出，谢谢每个你​,12月08日 12:06
【？】近日，五月天演唱会假唱事件风波升级，在北京时间12月8日凌晨三点，五月天在巴黎举行的演唱会进行了全程直播。演唱会过程中，阿信的蹦跳动作较以往演唱会少了很多，被调侃成“站桩式输出”，在演唱“倔强”“突然好想你”多首歌 ​【？】近日，五月天演唱会假唱事件风波升级，在北京时间12月8日凌晨三点，五月天在巴黎举行的演唱会进行了全程直播。演唱会过程中，阿信的蹦跳动作较以往演唱会少了很多，被调侃成“站桩式输出”，在演唱“倔强”“突然好想你”多首歌时，阿信多次拿麦与观众互动，似乎在力证没有假唱。有网友评论说这次直播场很稳，但也有网友说这次唱得很难听，反而感觉之前唱的好是假唱。（凤凰网）,12月08日 12:05
阿信不是一直都是这样唱的吗？为什么这次才说他难听不是一直都这样吗？人家唱干杯也有摆动，为什么又攻击人家人真的很奇怪 ​,12月08日 12:03
看完巴黎演唱会的视频，唱功真的没有营销号写的那么烂，个人认为无功无过。说实话，五月天作为创作歌手，好像一直不是以唱功著称，粉丝入坑五月天，好像也是因为喜欢他们词曲，喜欢他们歌词中表达的对人生积极的态度。如果是假唱确实不对，如果只是唱功不行，真的没必要吹毛求疵​看完巴黎演唱会的视频，唱功真的没有营销号写的那么烂，个人认为无功无过。说实话，五月天作为创作歌手，好像一直不是以唱功著称，粉丝入坑五月天，好像也是因为喜欢他们词曲，喜欢他们歌词中表达的对人生积极的态度。如果是假唱确实不对，如果只是唱功不行，真的没必要吹毛求疵,12月08日 12:02
【】近日， 知名乐队五月天陷入假唱风波。12月4日，五月天经纪公司相信音乐回应媒体时称，“没有假唱”。并在12月7日的上全程直播。自2023年3月，各地文化和旅游行政部门恢复对涉外营业性演出的受理和审批后，不少歌手选择举办演唱会，但在演唱会现 ​【】近日， 知名乐队五月天陷入假唱风波。12月4日，五月天经纪公司相信音乐回应媒体时称，“没有假唱”。并在12月7日的上全程直播。自2023年3月，各地文化和旅游行政部门恢复对涉外营业性演出的受理和审批后，不少歌手选择举办演唱会，但在演唱会现场表演却出现了各类情况：假唱、音响出现问题、破音、跑调和忘词等。评论区声音褒贬不一，对此你怎么看？,12月08日 12:00
【】近日， 知名乐队五月天陷入假唱风波。12月4日，五月天经纪公司相信音乐回应媒体时称，“没有假唱”。并在12月7日的上全程直播。自2023年3月，各地文化和旅游行政部门恢复对涉外营业性演出的受理和审批后，不少歌手选择举办演唱会，但在演唱会现 ​【】近日， 知名乐队五月天陷入假唱风波。12月4日，五月天经纪公司相信音乐回应媒体时称，“没有假唱”。并在12月7日的上全程直播。自2023年3月，各地文化和旅游行政部门恢复对涉外营业性演出的受理和审批后，不少歌手选择举办演唱会，但在演唱会现场表演却出现了各类情况：假唱、音响出现问题、破音、跑调和忘词等。评论区声音褒贬不一，对此你怎么看？,12月08日 12:00
就唱一场都难听成这样了 前面还连着开几场？用真唱锤自己假唱的 你也是史上第一人啊 ​,12月08日 12:00
【】近日， 知名乐队五月天陷入假唱风波。12月4日，五月天经纪公司相信音乐回应媒体时称，“没有假唱”。并在12月7日的上全程直播。自2023年3月，各地文化和旅游行政部门恢复对涉外营业性演出的受理和审批后，不少歌手选择举办演唱会，但在演唱会现 ​【】近日， 知名乐队五月天陷入假唱风波。12月4日，五月天经纪公司相信音乐回应媒体时称，“没有假唱”。并在12月7日的上全程直播。自2023年3月，各地文化和旅游行政部门恢复对涉外营业性演出的受理和审批后，不少歌手选择举办演唱会，但在演唱会现场表演却出现了各类情况：假唱、音响出现问题、破音、跑调和忘词等。评论区声音褒贬不一，对此你怎么看？,12月08日 12:00
【】近日， 知名乐队五月天陷入假唱风波。12月4日，五月天经纪公司相信音乐回应媒体时称，“没有假唱”。并在12月7日的上全程直播。自2023年3月，各地文化和旅游行政部门恢复对涉外营业性演出的受理和审批后，不少歌手选择举办演唱会，但在演唱会现 ​【】近日， 知名乐队五月天陷入假唱风波。12月4日，五月天经纪公司相信音乐回应媒体时称，“没有假唱”。并在12月7日的上全程直播。自2023年3月，各地文化和旅游行政部门恢复对涉外营业性演出的受理和审批后，不少歌手选择举办演唱会，但在演唱会现场表演却出现了各类情况：假唱、音响出现问题、破音、跑调和忘词等。评论区声音褒贬不一，对此你怎么看？,12月08日 12:00
这次肯定是真唱，绝对没人质疑，但是这每首都翻车，妥妥粉转黑，总结:阿信和粉丝们，一起汗流浃背，再次新理解“五迷”三道​,12月08日 11:58
反正什么话都让他们说了 无所谓 在全民审判人们失心疯的网络平台 他们说就让他们去说~ ​,12月08日 11:58
嗯，看完直播上班的人，太困了，只能摸鱼看录播，参加军训。这班一点也上不了了​,12月08日 11:58
【】近日， 知名乐队五月天陷入假唱风波。12月4日，五月天经纪公司相信音乐回应媒体时称，“没有假唱”。并在12月7日的上全程直播。自2023年3月，各地文化和旅游行政部门恢复对涉外营业性演出的受理和审批后，不少歌手选择举办演唱会，但在演唱会现 ​【】近日， 知名乐队五月天陷入假唱风波。12月4日，五月天经纪公司相信音乐回应媒体时称，“没有假唱”。并在12月7日的上全程直播。自2023年3月，各地文化和旅游行政部门恢复对涉外营业性演出的受理和审批后，不少歌手选择举办演唱会，但在演唱会现场表演却出现了各类情况：假唱、音响出现问题、破音、跑调和忘词等。评论区声音褒贬不一，对此你怎么看？,12月08日 11:58
陪著你走，唱到80歲,12月08日 11:57
【】近日， 知名乐队五月天陷入假唱风波。12月4日，五月天经纪公司相信音乐回应媒体时称，“没有假唱”。并在12月7日的上全程直播。自2023年3月，各地文化和旅游行政部门恢复对涉外营业性演出的受理和审批后，不少歌手选择举办演唱会，但在演唱会现 ​【】近日， 知名乐队五月天陷入假唱风波。12月4日，五月天经纪公司相信音乐回应媒体时称，“没有假唱”。并在12月7日的上全程直播。自2023年3月，各地文化和旅游行政部门恢复对涉外营业性演出的受理和审批后，不少歌手选择举办演唱会，但在演唱会现场表演却出现了各类情况：假唱、音响出现问题、破音、跑调和忘词等。评论区声音褒贬不一，对此你怎么看？,12月08日 11:57
【】近日， 知名乐队五月天陷入假唱风波。12月4日，五月天经纪公司相信音乐回应媒体时称，“没有假唱”。并在12月7日的上全程直播。自2023年3月，各地文化和旅游行政部门恢复对涉外营业性演出的受理和审批后，不少歌手选择举办演唱会，但在演唱会现 ​【】近日， 知名乐队五月天陷入假唱风波。12月4日，五月天经纪公司相信音乐回应媒体时称，“没有假唱”。并在12月7日的上全程直播。自2023年3月，各地文化和旅游行政部门恢复对涉外营业性演出的受理和审批后，不少歌手选择举办演唱会，但在演唱会现场表演却出现了各类情况：假唱、音响出现问题、破音、跑调和忘词等。评论区声音褒贬不一，对此你怎么看？,12月08日 11:56
真唱是真的，难听也是真的。以后少捞点钱吧，用假唱骗粉丝捞钱，真心对不起“摇滚”二字。还有，作为专业歌手，也是词曲人，E5E6分不清是不是有点过分了？ ​,12月08日 11:56
自己用一场真唱把自己实锤了？ ​,12月08日 11:55
我认可五月天是摇滚乐队了，金钱摇滚 ​,12月08日 11:55
【】近日，五月天演唱会假唱事件风波升级，在北京时间12月8日凌晨三点，五月天在巴黎举行的演唱会进行了全程直播。演唱会过程中，阿信的蹦跳动作较以往演唱会少了很多，被调侃成“站桩式输出”，在演唱“倔强”“突然好想你”多首歌时 ​【】近日，五月天演唱会假唱事件风波升级，在北京时间12月8日凌晨三点，五月天在巴黎举行的演唱会进行了全程直播。演唱会过程中，阿信的蹦跳动作较以往演唱会少了很多，被调侃成“站桩式输出”，在演唱“倔强”“突然好想你”多首歌时，阿信多次拿麦与观众互动，似乎在力证没有假唱。有网友评论说这次直播场很稳，但也有网友说这次唱得很难听，反而感觉之前唱的好是假唱。（凤凰网）,12月08日 11:54
【】12月8日，凌晨3点起开启全程直播，并陆续上传即时视频至各大平台，据网友分享的图片显示，直播平台显示在线观看人数超6万人次。在表演《轧车》这首歌时，阿信在台上宣布现在现场朋友加上线上朋友，应该是 ​【】12月8日，凌晨3点起开启全程直播，并陆续上传即时视频至各大平台，据网友分享的图片显示，直播平台显示在线观看人数超6万人次。在表演《轧车》这首歌时，阿信在台上宣布现在现场朋友加上线上朋友，应该是五月天有史以来最多关注的一场演唱会。,12月08日 11:54
【】12月8日，凌晨3点起开启全程直播，并陆续上传即时视频至各大平台，据网友分享的图片显示，直播平台显示在线观看人数超6万人次。在表演《轧车》这首歌时，阿信在台上宣布现在现场朋友加上线上朋友，应该是 ​【】12月8日，凌晨3点起开启全程直播，并陆续上传即时视频至各大平台，据网友分享的图片显示，直播平台显示在线观看人数超6万人次。在表演《轧车》这首歌时，阿信在台上宣布现在现场朋友加上线上朋友，应该是五月天有史以来最多关注的一场演唱会。,12月08日 11:54
【】12月8日，凌晨3点起开启全程直播，并陆续上传即时视频至各大平台，据网友分享的图片显示，直播平台显示在线观看人数超6万人次。在表演《轧车》这首歌时，阿信在台上宣布现在现场朋友加上线上朋友，应该是 ​【】12月8日，凌晨3点起开启全程直播，并陆续上传即时视频至各大平台，据网友分享的图片显示，直播平台显示在线观看人数超6万人次。在表演《轧车》这首歌时，阿信在台上宣布现在现场朋友加上线上朋友，应该是五月天有史以来最多关注的一场演唱会。,12月08日 11:54
【】12月8日，凌晨3点起开启全程直播，并陆续上传即时视频至各大平台，据网友分享的图片显示，直播平台显示在线观看人数超6万人次。在表演《轧车》这首歌时，阿信在台上宣布现在现场朋友加上线上朋友，应该是 ​【】12月8日，凌晨3点起开启全程直播，并陆续上传即时视频至各大平台，据网友分享的图片显示，直播平台显示在线观看人数超6万人次。在表演《轧车》这首歌时，阿信在台上宣布现在现场朋友加上线上朋友，应该是五月天有史以来最多关注的一场演唱会。,12月08日 11:54
【】12月8日，凌晨3点起开启全程直播，并陆续上传即时视频至各大平台，据网友分享的图片显示，直播平台显示在线观看人数超6万人次。在表演《轧车》这首歌时，阿信在台上宣布现在现场朋友加上线上朋友，应该是 ​【】12月8日，凌晨3点起开启全程直播，并陆续上传即时视频至各大平台，据网友分享的图片显示，直播平台显示在线观看人数超6万人次。在表演《轧车》这首歌时，阿信在台上宣布现在现场朋友加上线上朋友，应该是五月天有史以来最多关注的一场演唱会。,12月08日 11:54
还是有所谓的“垫音”或者“半开麦”哈，只是真唱的地方多了一些吧？，2：04那里话筒放下去了嘴型也不对了，声音还在那“E~”了 ​,12月08日 11:54
【】12月8日，凌晨3点起开启全程直播，并陆续上传即时视频至各大平台，据网友分享的图片显示，直播平台显示在线观看人数超6万人次。在表演《轧车》这首歌时，阿信在台上宣布现在现场朋友加上线上朋友，应该是 ​【】12月8日，凌晨3点起开启全程直播，并陆续上传即时视频至各大平台，据网友分享的图片显示，直播平台显示在线观看人数超6万人次。在表演《轧车》这首歌时，阿信在台上宣布现在现场朋友加上线上朋友，应该是五月天有史以来最多关注的一场演唱会。,12月08日 11:54
要了老命了，又不能承认假唱，最后都快站不住了​,12月08日 11:54
【】12月8日，凌晨3点起开启全程直播，并陆续上传即时视频至各大平台，据网友分享的图片显示，直播平台显示在线观看人数超6万人次。在表演《轧车》这首歌时，阿信在台上宣布现在现场朋友加上线上朋友，应该是 ​【】12月8日，凌晨3点起开启全程直播，并陆续上传即时视频至各大平台，据网友分享的图片显示，直播平台显示在线观看人数超6万人次。在表演《轧车》这首歌时，阿信在台上宣布现在现场朋友加上线上朋友，应该是五月天有史以来最多关注的一场演唱会。,12月08日 11:54
【】12月8日，凌晨3点起开启全程直播，并陆续上传即时视频至各大平台，据网友分享的图片显示，直播平台显示在线观看人数超6万人次。在表演《轧车》这首歌时，阿信在台上宣布现在现场朋友加上线上朋友，应该是 ​【】12月8日，凌晨3点起开启全程直播，并陆续上传即时视频至各大平台，据网友分享的图片显示，直播平台显示在线观看人数超6万人次。在表演《轧车》这首歌时，阿信在台上宣布现在现场朋友加上线上朋友，应该是五月天有史以来最多关注的一场演唱会。,12月08日 11:54
虽然难听，但是这次可真唱了哦​,12月08日 11:53
太阳总会升起，为寒冷的冬天，带来温暖与阳光。或许是最近雾霾比较多，空气质量不太好，但是太阳他依旧在努力的照耀温暖我们🤚🏻​,12月08日 11:53
看到一条评论假唱要钱真唱要命哈哈哈哈哈​,12月08日 11:53
只要官方的调查结果没有正式公布之前，五月天假唱没假唱都是猜测，，只能说阿信在巴黎状态不佳，或许是水士不服，或许是临场发挥不好，并不能说在巴黎演唱会是真唱，而在内地就是在假唱，五月天起码的艺德还是有的，至于说在台上不甩麦不磞跳，只是一个表演形式改变，与假 ​只要官方的调查结果没有正式公布之前，五月天假唱没假唱都是猜测，，只能说阿信在巴黎状态不佳，或许是水士不服，或许是临场发挥不好，并不能说在巴黎演唱会是真唱，而在内地就是在假唱，五月天起码的艺德还是有的，至于说在台上不甩麦不磞跳，只是一个表演形式改变，与假唱没有直接关系！,12月08日 11:53
,12月08日 11:53
【】近日， 知名乐队五月天陷入假唱风波。12月4日，五月天经纪公司相信音乐回应媒体时称，“没有假唱”。并在12月7日的上全程直播。自2023年3月，各地文化和旅游行政部门恢复对涉外营业性演出的受理和审批后，不少歌手选择举办演唱会，但在演唱会现 ​【】近日， 知名乐队五月天陷入假唱风波。12月4日，五月天经纪公司相信音乐回应媒体时称，“没有假唱”。并在12月7日的上全程直播。自2023年3月，各地文化和旅游行政部门恢复对涉外营业性演出的受理和审批后，不少歌手选择举办演唱会，但在演唱会现场表演却出现了各类情况：假唱、音响出现问题、破音、跑调和忘词等。评论区声音褒贬不一，对此你怎么看？,12月08日 11:52
他们说 就让他们去说一句抵不过一万句做你自己就好 我们都在彼此身边就好​,12月08日 11:50
好好好想见到你 巴黎p1 点歌 好好p2 点歌环节聊天p3 点歌 一颗苹果p4 点歌 永远的永远p5 点歌 借问众神明p6 点歌 任意门前talking ​,12月08日 11:49
为了证明真唱 干杯差点梗咽过 ​,12月08日 11:47
【】近日， 知名乐队五月天陷入假唱风波。12月4日，五月天经纪公司相信音乐回应媒体时称，“没有假唱”。并在12月7日的上全程直播。自2023年3月，各地文化和旅游行政部门恢复对涉外营业性演出的受理和审批后，不少歌手选择举办演唱会，但在演唱会现 ​【】近日， 知名乐队五月天陷入假唱风波。12月4日，五月天经纪公司相信音乐回应媒体时称，“没有假唱”。并在12月7日的上全程直播。自2023年3月，各地文化和旅游行政部门恢复对涉外营业性演出的受理和审批后，不少歌手选择举办演唱会，但在演唱会现场表演却出现了各类情况：假唱、音响出现问题、破音、跑调和忘词等。评论区声音褒贬不一，对此你怎么看？,12月08日 11:47
【】近日， 知名乐队五月天陷入假唱风波。12月4日，五月天经纪公司相信音乐回应媒体时称，“没有假唱”。并在12月7日的上全程直播。自2023年3月，各地文化和旅游行政部门恢复对涉外营业性演出的受理和审批后，不少歌手选择举办演唱会，但在演唱会现 ​【】近日， 知名乐队五月天陷入假唱风波。12月4日，五月天经纪公司相信音乐回应媒体时称，“没有假唱”。并在12月7日的上全程直播。自2023年3月，各地文化和旅游行政部门恢复对涉外营业性演出的受理和审批后，不少歌手选择举办演唱会，但在演唱会现场表演却出现了各类情况：假唱、音响出现问题、破音、跑调和忘词等。评论区声音褒贬不一，对此你怎么看？,12月08日 11:46
别的不说，这个话题里的95%以上都没看直播和回放，标题直接造谣啊，里面明明跳那么高​,12月08日 11:46
当今的舆论是可以毁掉一个人，目前为止，没有任何一个被推向风口浪尖的人可以平稳落地，只会持续发酵。有些事，真的重要吗 ​,12月08日 11:46
【】近日， 知名乐队五月天陷入假唱风波。12月4日，五月天经纪公司相信音乐回应媒体时称，“没有假唱”。并在12月7日的上全程直播。自2023年3月，各地文化和旅游行政部门恢复对涉外营业性演出的受理和审批后，不少歌手选择举办演唱会，但在演唱会现 ​【】近日， 知名乐队五月天陷入假唱风波。12月4日，五月天经纪公司相信音乐回应媒体时称，“没有假唱”。并在12月7日的上全程直播。自2023年3月，各地文化和旅游行政部门恢复对涉外营业性演出的受理和审批后，不少歌手选择举办演唱会，但在演唱会现场表演却出现了各类情况：假唱、音响出现问题、破音、跑调和忘词等。评论区声音褒贬不一，对此你怎么看？,12月08日 11:46
现在🆚从前～～截然不同 ​,12月08日 11:45
