#心中的古装剧Top1#,Query time: 2023-12-21 20:13:26
tjc1️⃣站内角色热镀长相思男性角色Top1️⃣2️⃣史上首位特别主演v木旁连续13次破9️⃣3️⃣史上首位古装剧角色贡献度日均超过20％的特别主演4️⃣相柳角色耗全网书局指数Top1️⃣文字原创🈲一键复制搬运！檀健次很想很想你｜檀健次莫青成｜檀健次锖 tjc1️⃣站内角色热镀长相思男性角色Top1️⃣2️⃣史上首位特别主演v木旁连续13次破9️⃣3️⃣史上首位古装剧角色贡献度日均超过20％的特别主演4️⃣相柳角色耗全网书局指数Top1️⃣文字原创🈲一键复制搬运！檀健次很想很想你｜檀健次莫青成｜檀健次锖青磁｜檀健次,2023-12-05 22:30
//:檀健次年度号召力演员奖1️⃣站内角色热镀长相思男性角色Top1️⃣☞2️⃣史上首位特别主演v木旁连续13次破9️⃣☞3️⃣史上首位古装剧角色贡献度日均超过20％的特别主演☞4️⃣相柳角色耗全网书局指数Top1️⃣,2023-12-06 19:36
//:檀健次年度号召力演员奖1️⃣站内角色热镀长相思男性角色Top1️⃣☞2️⃣史上首位特别主演v木旁连续13次破9️⃣☞3️⃣史上首位古装剧角色贡献度日均超过20％的特别主演☞4️⃣相柳角色耗全网书局指数Top1️⃣,2023-12-06 18:12
2022-2023微博剧综行业报告古装剧集综合影响力榜单TOP10TOP1《长相思》杨紫、张晚意、檀健次、邓为TOP2《苍兰诀》虞书欣、王鹤棣TOP3《莲花楼》成毅、曾舜晞、肖顺尧TOP4《星汉灿烂·月升沧海》吴磊、赵露思TOP5《沉香如屑·沉香重华》杨紫、成毅TOP6《玉骨遥》肖战、任敏TOP7《 2022-2023微博剧综行业报告古装剧集综合影响力榜单TOP10TOP1《长相思》杨紫、张晚意、檀健次、邓为TOP2《苍兰诀》虞书欣、王鹤棣TOP3《莲花楼》成毅、曾舜晞、肖顺尧TOP4《星汉灿烂·月升沧海》吴磊、赵露思TOP5《沉香如屑·沉香重华》杨紫、成毅TOP6《玉骨遥》肖战、任敏TOP7《长月烬明》白鹿、罗云熙TOP8《云之羽》虞书欣、张凌赫TOP9《卿卿日常》白敬亭、田曦薇TOP10《安乐传》迪丽热巴、龚俊,2023-12-06 17:17
//://:檀健次年度号召力演员奖1️⃣站内角色热镀长相思男性角色Top1️⃣☞2️⃣史上首位特别主演v木旁连续13次破9️⃣☞3️⃣史上首位古装剧角色贡献度日均超过20％的特别主演☞4️⃣相柳角色耗全网书局指数Top1️⃣,2023-12-06 16:00
//:檀健次年度号召力演员奖1️⃣站内角色热镀长相思男性角色Top1️⃣☞2️⃣史上首位特别主演v木旁连续13次破9️⃣☞3️⃣史上首位古装剧角色贡献度日均超过20％的特别主演☞4️⃣相柳角色耗全网书局指数Top1️⃣,2023-12-06 15:59
郑导啊，古装权谋！这得多期待这部剧啊！今年最期待的电视剧top1！肖战演权谋剧古装剧！我天！真的是粉丝的梦想了,2023-12-06 15:46
//:檀健次年度号召力演员奖1️⃣站内角色热镀长相思男性角色Top1️⃣☞2️⃣史上首位特别主演v木旁连续13次破9️⃣☞3️⃣史上首位古装剧角色贡献度日均超过20％的特别主演☞4️⃣相柳角色耗全网书局指数Top1️⃣,2023-12-06 14:24
发布了头条文章：《《宁安如梦》：反转叙事、爱恨情浓》  爱奇艺站内预约量累计突破740w、空降开播、用6集时间突破爱奇艺热度值9500的关卡，如今成为各大热播剧集榜单TOP1，作为2023备受期待的之一在入冬时节强势登场。,2023-12-06 13:54
你认可这三部为微博剧综行业报告综合影响力古装TOP3吗？top1:杨紫 张晚意 邓为 檀健次《长相思第一季》top2:虞书欣 王鹤棣《苍兰诀》top3:成毅 曾舜晞《莲花楼》 杨紫的古装剧成绩依旧那么牛，看样子长相思第二部分也有保障了，不过没想到肖战的玉骨瑶吹得那么狠，竟然没比过杨紫成毅的沉香如 你认可这三部为微博剧综行业报告综合影响力古装TOP3吗？top1:杨紫 张晚意 邓为 檀健次《长相思第一季》top2:虞书欣 王鹤棣《苍兰诀》top3:成毅 曾舜晞《莲花楼》 杨紫的古装剧成绩依旧那么牛，看样子长相思第二部分也有保障了，不过没想到肖战的玉骨瑶吹得那么狠，竟然没比过杨紫成毅的沉香如屑，而且龚俊迪丽热巴的安乐传扑得那么惨也能进前十？？？,2023-12-06 13:13
2023下半年古装剧收视热度排行榜:Top6：《为有暗香来》Top5：《云之羽》Top4：《宁安如梦》Top3：《玉骨遥》Top2：《莲花楼》Top1：《长相思》你看哪几部呢？ ,2023-12-06 13:00
谁懂，今晚的20集，爆哭！共情力太强了！《一念关山》还有谁没看么？我心中古装剧top1！完全被带入，刘宇宁刘诗诗还有每一位演员都太好了！这剧不爆都对不起我又哭又笑又疯癫的观剧状态！,2023-12-07 22:24
谁懂，今晚的20集，爆哭！共情力太强了！《一念关山》还有谁没看么？我心中古装剧top1！完全被带入，刘宇宁刘诗诗还有每一位演员都太好了！这剧不爆都对不起我又哭又笑又疯癫的观剧状态！,2023-12-07 22:23
许凯，古装太好看了，187cm瘦高个宽肩长腿，身型身姿TOP1许凯下部剧《子夜归》古装剧，志怪题材，白天是刑部文职小吏，夜里是除妖维安的天师道人， 就照最近拍摄的这组造型来吧,2023-12-08 22:34
🦌我鹿牛啊，11月演员表现力top1🔥涨粉69w🔥 1579w讨论量🔥 11月互动人数205w🔥猫眼11月热度最高古装剧角色姜雪宁🔥一年三平台三爆🔥,2023-12-08 22:08
仙三现在依然是我心中古装剧top1,2023-12-09 22:52
95唯一top虞书欣太厉害了❣️扛剧花名不虚传！💯云为衫微博角色指数峰值97.35❗️23年95后演员TOP1❗️云为衫猫眼角色热度峰值10170❗️23年猫眼古装剧分类角 95唯一top虞书欣太厉害了❣️扛剧花名不虚传！💯云为衫微博角色指数峰值97.35❗️23年95后演员TOP1❗️云为衫猫眼角色热度峰值10170❗️23年猫眼古装剧分类角色热度最高‼️云为衫德塔文角色贡献度断层第一❗️播出期间基本保持在40%+❗️并刷出54%的峰值‼️连续三周霸榜TOP1‼️💯💯,2023-12-09 22:46
谁小时候没追过刘诗诗的剧啊，我第一次认识她是马尔泰若曦，童年女神步步惊心超级好看,2023-12-09 22:31
95唯一top虞书欣太厉害了❣️扛剧花名不虚传！💯云为衫微博角色指数峰值97.35❗️23年95后演员TOP1❗️云为衫猫眼角色热度峰值10170❗️23年猫眼古装剧分类角 95唯一top虞书欣太厉害了❣️扛剧花名不虚传！💯云为衫微博角色指数峰值97.35❗️23年95后演员TOP1❗️云为衫猫眼角色热度峰值10170❗️23年猫眼古装剧分类角色热度最高‼️云为衫德塔文角色贡献度断层第一❗️播出期间基本保持在40%+❗️并刷出54%的峰值‼️连续三周霸榜TOP1‼️💯💯,2023-12-09 21:59
现在才看莲花楼，本人年度古装剧top1了，被创飞了，立意真好啊 ,2023-12-09 20:01
今年的古装剧top3（个人）top3:云之羽top2:一念关山top1:莲花楼（这必须是第一 毋庸置疑的） ,2023-12-09 00:12
怎么还有人偷宁安宫啊破防就破防 偷人东西算什么11月猫眼热度最高古装剧角色姜雪宁🔥 微博演员11月表现力TOP1🔥 白鹿双角色包揽冠亚🔥 白鹿宁安如梦角色热度三连冠🔥 白鹿修炼抗剧硬实力🔥 ,2023-12-11 20:30
❄️11月猫眼热度最高古装剧角色姜雪宁🔥微博演员11月表现力TOP1🔥白鹿双角色包揽冠亚🔥白鹿宁安如梦角色热度三连冠🔥白鹿修炼抗剧硬实力🔥 ,2023-12-11 20:21
一念关山的一是一个剧组的一，是编剧、导演、灯光师、剪辑组以及无数个兢兢业业努力的工作人员共同组成的一。恭喜一念关山，首播6集当天热度破🥝2023热度记录。同时，恭喜兢兢业业的原声演员刘宇宁，第一部古装剧就取得好成绩，宁远舟v榜指数连续TOP1，刘宇宁微信 一念关山的一是一个剧组的一，是编剧、导演、灯光师、剪辑组以及无数个兢兢业业努力的工作人员共同组成的一。恭喜一念关山，首播6集当天热度破🥝2023热度记录。同时，恭喜兢兢业业的原声演员刘宇宁，第一部古装剧就取得好成绩，宁远舟v榜指数连续TOP1，刘宇宁微信热度指数破亿❗️,2023-12-12 15:27
我还是觉得，朱正廷目前的妆造top1是冰球少年的中长发，现代剧角色都不错，唯一的缺点就是播放量。古装剧还未发力，不知道苏记演的如何了 ,2023-12-12 02:53
莲花楼真的特别好看 我愿称之为23年古装剧TOP1 成毅真的演绎的特别好,2023-12-13 23:35
2023年12部热门古装剧中，哪一部是你的年度top1？《长相思》杨紫、张晚意、邓为、檀健次《长月烬明》罗云熙、白鹿、陈都灵、邓为《长风渡》白敬亭、宋轶《安乐传》迪丽热巴、龚俊《莲花楼》成毅、曾舜晞、肖顺尧《宁安如梦》白鹿、张凌赫《玉骨遥》肖战 2023年12部热门古装剧中，哪一部是你的年度top1？《长相思》杨紫、张晚意、邓为、檀健次《长月烬明》罗云熙、白鹿、陈都灵、邓为《长风渡》白敬亭、宋轶《安乐传》迪丽热巴、龚俊《莲花楼》成毅、曾舜晞、肖顺尧《宁安如梦》白鹿、张凌赫《玉骨遥》肖战、任敏《一念关山》刘诗诗、刘宇宁《云之羽》虞书欣、张凌赫、丞磊、卢昱晓《七时吉祥》杨超越、丁禹兮《护心》侯明昊、周也《古相思曲》张雅钦、郭迦南,2023-12-13 20:09
杨紫半部长相思，年底收获有：2023国产剧集热度top1⃣️2023女性向古装剧热度指数top1⃣️2023剧集演员综合热度女演员top1⃣️太牛啦！长相思第二季赶紧来吧好期待！ ,2023-12-14 23:01
恭喜杨紫长相思成为年度最热剧集， 2023女性向古装剧热度指数top1 杨紫：2023年剧集演员综合女演员top1。,2023-12-14 20:11
简化腾讯娱乐白皮书关于杨紫大女主剧《长相思》的部分，总结一下：《长相思》年度剧王、现象级爆款古装剧！90后top1女演员、top1顶流花！,2023-12-14 20:00
杨紫 :2023剧集演员综合热度女演员top12023品牌力价值女明星top22023商业热度指数top12023剧集角色热度女演员top1长相思 :2023年度最热剧集top12023女性向古装剧热度指数top1怎么不算全面开花呢yz,2023-12-14 19:33
恭喜杨紫长相思成为年度最热剧集，2023女性向古装剧热度指数top1杨紫：2023年剧集演员综合女演员top1。,2023-12-14 18:22
2023年剧集演员综合热度女演员TOP1     杨紫2023年女性向古装剧热度指数TOP1   长相思2023年国产剧集热度TOP1                 长相思扛剧大女主杨紫优秀现象级大爆剧长相思优秀2023年剧集演员综合热度女演员TOP1     杨紫2023年女性向古装剧热度指数TOP1   长相思2023年国产剧集热度TOP1                 长相思扛剧大女主杨紫优秀现象级大爆剧长相思优秀,2023-12-14 16:51
其实我们但凡大胆一点就发现刘亦菲达到的标准内娱谁也达不到。随便举个例子，阔别十六年回归剧圈。无市场检索前例，回归就爆炸红，梦华录+去有风的地方两连爆，招商能蝉联top1。梦华录剧王，破圈层古装剧，有风直接是开创田园治愈系的收益新指标。这个题材冷门不重要，刘亦菲演了就热门了。你们 其实我们但凡大胆一点就发现刘亦菲达到的标准内娱谁也达不到。随便举个例子，阔别十六年回归剧圈。无市场检索前例，回归就爆炸红，梦华录+去有风的地方两连爆，招商能蝉联top1。梦华录剧王，破圈层古装剧，有风直接是开创田园治愈系的收益新指标。这个题材冷门不重要，刘亦菲演了就热门了。你们仙粉以为这个很容易吗，除了刘亦菲找不到第二个啊，为什么要被别人踩啊算老几也敢踩我们。单抗破圈层的古装剧王是她，让治愈系田园变大热门是她，单拎出来难以复制是她，加在一起没人做的到，但是菲做到了。,2023-12-14 12:52
☁️我们罗云熙一番主演的大爆剧长月烬明起风了，今夜一定非常难熬,2023-12-15 23:45
提名步步惊心,2023-12-15 22:42
年仅23岁贡4部一番剧成绩亮眼。上星剧胡同cvb1.351，第一单元一番女主拉高全剧平均收视。3部一番网剧以小博大超高回报。陈芊芊抖音剧集热议角色年榜top1，二登腾讯财报；一不小心捡到爱b级剧拿到优酷现偶年冠，国子监来了个女弟子wetv古装剧年冠，A级剧播出效果云合评级S+,2023-12-15 16:18
论有效播剧——杨紫半部长相思，收获有：2023国产剧集热度top1⃣️2023女性向古装剧热度指数top1⃣️2023剧集演员综合热度女演员top1⃣️太牛啦！长相思第二季赶紧来吧或者要久久爱好期待！ ,2023-12-15 14:25
恭喜杨紫长相思成为年度最热剧集，2023女性向古装剧热度指数top1杨紫：2023年剧集演员综合女演员top1。,2023-12-15 09:43
“这些古装剧哪部是你的top1”,2023-12-16 16:18
年仅23岁贡4部一番剧成绩亮眼。上星剧胡同cvb1.351，第一单元一番女主拉高全剧平均收视。3部一番网剧以小博大超高回报。陈芊芊抖音剧集热议角色年榜top1，二登腾讯财报；一不小心捡到爱b级剧拿到优酷现偶年冠，国子监来了个女弟子wetv古装剧年冠，A级剧播出效 年仅23岁贡4部一番剧成绩亮眼。上星剧胡同cvb1.351，第一单元一番女主拉高全剧平均收视。3部一番网剧以小博大超高回报。陈芊芊抖音剧集热议角色年榜top1，二登腾讯财报；一不小心捡到爱b级剧拿到优酷现偶年冠，国子监来了个女弟子wetv古装剧年冠，A级剧播出效果云合评级S+,2023-12-16 12:15
//:收视率和票房号召力都是top1，杨幂宫收视率2.5，亲爱的翻译官收视率2.04，古装剧宫85花古装最高收视率保持者，亲爱的翻译官16年央卫年冠，一番破一电视剧10部，一番破二电视剧2部，一番电影票房24.9亿，不愧是85后85花top1的存在，也是内娱爆剧最多的女演员,2023-12-16 09:27
年仅23岁贡4部一番剧成绩亮眼。上星剧胡同cvb1.351，第一单元一番女主拉高全剧平均收视。3部一番网剧以小博大超高回报。陈芊芊抖音剧集热议角色年榜top1，二登腾讯财报；一不小心捡到爱b级剧拿到优酷现偶年冠，国子监来了个女弟子wetv古装剧年冠，A级剧播出效果云合评级S 年仅23岁贡4部一番剧成绩亮眼。上星剧胡同cvb1.351，第一单元一番女主拉高全剧平均收视。3部一番网剧以小博大超高回报。陈芊芊抖音剧集热议角色年榜top1，二登腾讯财报；一不小心捡到爱b级剧拿到优酷现偶年冠，国子监来了个女弟子wetv古装剧年冠，A级剧播出效果云合评级S+,2023-12-17 17:35
年仅23岁贡4部一番剧成绩亮眼。上星剧胡同cvb1.351，第一单元一番女主拉高全剧平均收视。3部一番网剧以小博大超高回报。陈芊芊抖音剧集热议角色年榜top1，二登腾讯财报；一不小心捡到爱b级剧拿到优酷现偶年冠，国子监来了个女弟子wetv古装剧年冠，A级剧播出效果云合评级S 年仅23岁贡4部一番剧成绩亮眼。上星剧胡同cvb1.351，第一单元一番女主拉高全剧平均收视。3部一番网剧以小博大超高回报。陈芊芊抖音剧集热议角色年榜top1，二登腾讯财报；一不小心捡到爱b级剧拿到优酷现偶年冠，国子监来了个女弟子wetv古装剧年冠，A级剧播出效果云合评级S+,2023-12-17 15:07
年仅23岁贡4部一番剧成绩亮眼。上星剧胡同cvb1.351，第一单元一番女主拉高全剧平均收视。3部一番网剧以小博大超高回报。陈芊芊抖音剧集热议角色年榜top1，二登腾讯财报；一不小心捡到爱b级剧拿到优酷现偶年冠，国子监来了个女弟子wetv古装剧年冠，A级剧播出效果云合评级S 年仅23岁贡4部一番剧成绩亮眼。上星剧胡同cvb1.351，第一单元一番女主拉高全剧平均收视。3部一番网剧以小博大超高回报。陈芊芊抖音剧集热议角色年榜top1，二登腾讯财报；一不小心捡到爱b级剧拿到优酷现偶年冠，国子监来了个女弟子wetv古装剧年冠，A级剧播出效果云合评级S+,2023-12-17 14:57
年仅23岁贡4部一番剧成绩亮眼。上星剧胡同cvb1.351，第一单元一番女主拉高全剧平均收视。3部一番网剧以小博大超高回报。陈芊芊抖音剧集热议角色年榜top1，二登腾讯财报；一不小心捡到爱b级剧拿到优酷现偶年冠，国子监来了个女弟子wetv古装剧年冠，A级剧播出效果云合评级S 年仅23岁贡4部一番剧成绩亮眼。上星剧胡同cvb1.351，第一单元一番女主拉高全剧平均收视。3部一番网剧以小博大超高回报。陈芊芊抖音剧集热议角色年榜top1，二登腾讯财报；一不小心捡到爱b级剧拿到优酷现偶年冠，国子监来了个女弟子wetv古装剧年冠，A级剧播出效果云合评级S+,2023-12-17 13:57
宝子CX有多扛打，实力摆在这儿呢！热度冲到总榜、电视剧飙升榜二个 Top1 还拿下了古装剧Top2的高位，并且位列独播剧总榜前六了好演员不怕时间的考验，两位扛剧生的魅力一直在！,2023-12-17 11:28
严谨一点，最好看的一部古装剧。 比不了狂飙。 但是古装剧在我这已经top1了。,2023-12-17 00:16
第一次完整的追完古装剧，碰见了我见过最好的六道堂小分队，我很喜欢，最后的结局有一种全死即是he的感觉，赚足了我眼泪，没人知道宁远舟如何从一个小孩子成长成六道堂副堂主的，这部剧肯定是我心里的top1，谢谢宁哥，谢谢所有参演的演员。我真的会沉浸在宁远舟的世界里,2023-12-18 23:03
年仅23岁贡4部一番剧成绩亮眼。上星剧胡同cvb1.351，第一单元一番女主拉高全剧平均收视。3部一番网剧以小博大超高回报。陈芊芊抖音剧集热议角色年榜top1，二登腾讯财报；一不小心捡到爱b级剧拿到优酷现偶年冠，国子监来了个女弟子wetv古装剧年冠，A级剧播出效果云合评级S 年仅23岁贡4部一番剧成绩亮眼。上星剧胡同cvb1.351，第一单元一番女主拉高全剧平均收视。3部一番网剧以小博大超高回报。陈芊芊抖音剧集热议角色年榜top1，二登腾讯财报；一不小心捡到爱b级剧拿到优酷现偶年冠，国子监来了个女弟子wetv古装剧年冠，A级剧播出效果云合评级S+,2023-12-18 00:01
一集不落的追下来我觉得这是23年古装剧top1，原创剧本➕主演颜值都在线吸引去的，纯剧粉，真的每一个角色都很好，呜呜呜就是泪点太低了费纸巾，杨盈的成长线，偶尔的师徒线捡破烂，使团小队，互相理解尊重的主CP感情线……反正就是无论其他人怎么吐槽，我都觉 一集不落的追下来我觉得这是23年古装剧top1，原创剧本➕主演颜值都在线吸引去的，纯剧粉，真的每一个角色都很好，呜呜呜就是泪点太低了费纸巾，杨盈的成长线，偶尔的师徒线捡破烂，使团小队，互相理解尊重的主CP感情线……反正就是无论其他人怎么吐槽，我都觉得一念关山从头到尾都好看，期待明晚的超点,2023-12-18 00:00
天下非妖之天下，非人之天下，乃是众生之天下！期待演绎少年天才，王权世家最强道门兵人一气道盟的终极兵器王权富贵，期待成毅优秀作品,2023-12-19 23:50
//:玉骨遥真的很好看！立意高，格局大，故事动人，不是小情小爱，而是把天下苍生放在最高。,2023-12-19 22:45
玉骨遥真的很好看！立意高，格局大，故事动人，不是小情小爱，而是把天下苍生放在最高。,2023-12-19 22:12
心中的古装剧Top1期待大梦归离！期待卓翼宸！田嘉瑞真的太帅了好爱啊啊啊,2023-12-19 17:04
心中的古装剧Top1谁懂啊，陈都灵身上的宿命感，还有这个眼神把人魂都勾没了！！陈都灵程潇 青蛇白蛇 ,2023-12-19 16:23
✨✨Day 09古装剧肯定top1喜欢吖不过也很期待王哥的现代剧！总之什么剧都喜欢希望王哥可以再出演一次话剧！尊嘟很想去现场看！✨王星越✨王星越暗影侦探✨王星越关岑✨✨王星越✨王星越在暴雪时分✨王星越孟晓东✨✨王星越✨王星越墨雨 ✨✨Day 09古装剧肯定top1喜欢吖不过也很期待王哥的现代剧！总之什么剧都喜欢希望王哥可以再出演一次话剧！尊嘟很想去现场看！✨王星越✨王星越暗影侦探✨王星越关岑✨✨王星越✨王星越在暴雪时分✨王星越孟晓东✨✨王星越✨王星越墨雨云间✨王星越萧蘅✨,2023-12-19 15:42
我的评分：好看好看除了结局都好看，不过角色本身不算有遗憾了也挺好，（创的是观众而已）是今年国产古装剧我的top1了，要不然除了长相思宁安如梦看了大概，我就只看韩剧了,2023-12-19 02:20
真爆剧长月烬明啊！各榜单无短板！全球烬化,2023-12-21 00:00
《陈情令》真的看n遍都不腻,2023-12-20 23:59
这里不得不给《玉骨遥》打call ,2023-12-20 23:59
任嘉伦的古装剧呀！部部精品，长尾牛大唐荣耀，锦衣之下，周生如故，每个角色都让剧粉念念不忘爱奇艺无忧渡，武庚纪，腾讯流水迢迢搞快点,2023-12-20 23:59
,2023-12-20 23:59
絕對是真情實感的陳情令啊,2023-12-20 23:59
//://://://://://:,2023-12-20 23:59
龚俊饰演的太子韩烨，在我心里无可替代的一个角色gj,2023-12-20 23:59
沉香如屑成毅,2023-12-20 23:59
“ 辰此一生，不负天下，唯负十一” ,2023-12-20 23:58
还有任嘉伦 ,2023-12-20 23:58
韩氏韩烨，以凡人之躯比肩神明，谁能当得？唯他而已。他是让不喜欢这类人设的观众也会为他共情的人。私以为这就是演员的真正的成功。,2023-12-20 23:58
陈情令，yyds,2023-12-20 23:58
那必然是甄嬛传 ,2023-12-20 23:58
陈情令yyds！//:永远的陈情令,2023-12-20 23:58
放在以前引不起我任何注意，因为跟我无关。但是今年，有了刘宇宁的宁远舟，一念关山就必须是这个top,2023-12-20 23:58
也不算top1但是最近好爱《繁城之下》,2023-12-20 23:58
。这些热榜上的我一个也不觉得牛逼。这么多年了第一名还是仙剑 ,2023-12-20 23:58
莲花楼,2023-12-20 23:58
虽然但是 广场上几乎都是粉丝闭眼瞎吹吧 有的剧都烂成啥样了还吹呢  以为会有什么好看的 结果…… ,2023-12-20 23:58
有谁没看过任嘉伦的《大唐荣耀》《锦衣之下》《周生如故》这种经典之作呢他还有民国剧《秋蝉》《请君》也挺好看的现代剧《一生一世》里面的周生辰真的是很绝！！！待播剧是三种不同类型的古装，每一个都好想看,2023-12-20 23:58
wuli白月光«锦衣之下»陆绎yyds,2023-12-20 23:58
只有仙剑三,2023-12-20 23:58
在我心中，古装剧TOP1永远属于《宫锁心玉》那个灵动机敏，坚强勇敢，时刻充满旺盛生命力的洛晴川。,2023-12-20 23:58
《知否》yyds,2023-12-20 23:58
古装舍我“淇”谁，360度无死角的古装美男子。,2023-12-20 23:57
没有第一，但有挺多近几年的喜欢看的有，知否知否，周生如故，莲花楼，还有让我再想想百看不厌的剧,2023-12-20 23:57
《花千骨》《知否》《楚乔传》 ,2023-12-20 23:57
近几年没有超越的,2023-12-20 23:57
杨紫 香蜜沉沉烬如霜 ,2023-12-20 23:57
必须得我莲花楼成毅啊图片来源见水印 ,2023-12-20 23:57
《红楼梦》 ,2023-12-20 23:57
仙剑奇侠传 ,2023-12-20 23:57
//://://://://://:,2023-12-20 23:57
//://://://:,2023-12-20 23:57
星汉灿烂，东宫，星落凝成糖我都爱，分不出哪个第一 ,2023-12-20 23:57
《锦衣之下》《一念关山》 ,2023-12-20 23:57
看各家粉丝吹,2023-12-20 23:57
三年三爆，成毅2020年的琉璃，2022年的沉香如屑一人分饰三角，三个角色爆火出圈，2023的莲花楼中的李莲花李相夷更是破圈爆火，还有2024最受期待的传统武侠英雄志，狐妖小红娘王权篇，粉成毅不要太开心，看成毅的剧就是这么幸福。,2023-12-20 23:56
那还得是《三生三世十里桃花》我的白浅上神,2023-12-20 23:56
观看时间顺序top1入坑剧爱这个角色的第四年,2023-12-20 23:56
,2023-12-20 23:56
那必须是罗云熙的长月烬明啊，可以N刷的良心好剧！,2023-12-20 23:56
那绝对是香蜜  反正我是超爱 18年以后就没看过剧了，因为觉得比不过香蜜（个人观点） 而且那段时间也踩雷了一些于是就再也没看过剧了 就是看也是看18年之前的一些 ,2023-12-20 23:56
我是进来找三国演义的…… ,2023-12-20 23:56
不是甄嬛传吗？那也应该是87版红楼梦啊 ,2023-12-20 23:56
今年确实是《莲花楼》最亮眼继续刷貌美花花啦,2023-12-20 23:56
小仵作 ,2023-12-20 23:56
1.知否，2.星汉灿烂 ,2023-12-20 23:56
陈情令！ ,2023-12-20 23:56
//://://://:,2023-12-20 23:56
感谢大自然的馈赠亲亲我的熙宝今年唯一抗剧生就是罗云熙,2023-12-20 23:56
今日，有网友发文提问你心中的古装剧top1是哪一部？,2023-12-20 23:56
徐正溪的宇文护 ,2023-12-20 23:56
lyx当然是长月烬明啦，长月烬明服道化、特效一流，罗云熙演技超绝，澹台烬垂直入坑,2023-12-20 23:56
先行一步买股明年的流水迢迢任嘉伦的古装在我心里永远是top1,2023-12-20 23:56
目前看的最上头的一念关山 宁远舟 ,2023-12-20 23:55
琅琊榜，梅长苏，永远的经典 ,2023-12-20 23:55
大家的评论是认真的嘛,2023-12-20 23:55
//://://://://:,2023-12-20 23:55
不该琅琊榜吗,2023-12-20 23:55
目前是《一念关山》，之前是《长月烬明》，随便你们怎么黑，我就是爱看,2023-12-20 23:55
当然是陈情令啊,2023-12-20 23:55
成毅的莲花楼，打戏一流,2023-12-20 23:55
//://://://://:,2023-12-20 23:55
必须是莲花楼,2023-12-20 23:55
我心中的古装剧Top1 当然是今年火爆出圈的莲花楼啦！,2023-12-20 23:55
温客行,2023-12-20 23:55
妈耶新出的你心中的古装剧TOP1是什么怎么耗子精怎么好意思发死耗子的我真的笑了 ,2023-12-20 23:55
今年的话是《少年歌行》 ,2023-12-20 23:55
《唐朝诡事录》 ,2023-12-20 23:55
我心目中的古装top ,2023-12-20 23:55
86版西游记结束比赛。 ,2023-12-20 23:55
还记得从2021年惊艳我至今的任嘉伦大帅哥的锦衣之下陆绎陆大人，一个眼神吸引一部剧入坑，眼神开车鼻祖，美貌与演技共存，才会让我每看一次陆绎都疯狂心动，锦衣之下更是我的电子榨菜，从此以后只看任嘉伦大帅哥的剧,2023-12-20 23:55
带澹台烬来看看,2023-12-20 23:54
必须是长月烬明，到现在我还在每天回忆澹台烬，般若浮生不是说说而已,2023-12-20 23:54
//://://://://:,2023-12-20 23:54
为啥不是西游记？宰相刘罗锅？红楼梦？ ,2023-12-20 23:54
刘亦菲主演的《梦华录》作为2022年度最有影响力的古装电视剧作品，曾一度掀起“全网追剧”、“全民热议”的高峰。剧粉“录人”梦开始的地方……真正的爆剧，真正的出圈，真正的文化影响力品质和流量双丰收，爆剧神话梦华录,2023-12-20 23:54
长月 ,2023-12-20 23:54
那必是我李长歌，意难平都给我来看长歌行，一定行,2023-12-20 23:54
陈情令 ,2023-12-20 23:54
那就是陈晓了 ,2023-12-20 23:54
古装剧Top1任嘉伦，周生如故让多少人直到现在提起都潸然泪下，还有待播剧《无忧渡》《烈焰之武庚纪》《流水迢迢》，仅仅是宣传剧透，就让人无比期待，速速安排吧,2023-12-20 23:54
神探狄仁杰 ,2023-12-20 23:54
下一部古装天花板流水迢迢预定，且看任嘉伦多面权臣运筹帷幄，敢将日月换，且看绝美三郎大杀四方,2023-12-20 23:54
仙剑奇侠传 ,2023-12-20 23:54
必须是长相思里檀健次饰演的相柳啊，相柳大人美而强，让你有力自保，有人可依，有处可去，相柳与其说是妖我觉得他更像神，这个暑假谁还没有为了相柳大人而疯狂,2023-12-20 23:54
任嘉伦周生如故，不好意思，一辈子也忘不了,2023-12-20 23:54
既然问的是心中的古装剧top1，那我就要大声回答了！甜剧top1锦衣之下，悲剧top1周生如故，鲜衣怒马天潢贵胄top1大唐荣耀，美且男鲛人top1与君初相识恰似故人归，任嘉伦就是我的古装剧top1，他还有三部待播古装——无忧渡，烈焰之武庚纪，流水迢迢，期待播出后成为我心中的志怪top1， 既然问的是心中的古装剧top1，那我就要大声回答了！甜剧top1锦衣之下，悲剧top1周生如故，鲜衣怒马天潢贵胄top1大唐荣耀，美且男鲛人top1与君初相识恰似故人归，任嘉伦就是我的古装剧top1，他还有三部待播古装——无忧渡，烈焰之武庚纪，流水迢迢，期待播出后成为我心中的志怪top1，男频top1和权谋爱情top1,2023-12-20 23:54
《陈情令》，喜欢了很多年，会一直喜欢下去 ,2023-12-20 23:54
莲花楼and一念关山yyds后劲儿足足的……天天自己找虐受,2023-12-20 23:53
最爱的古装剧——《周生如故》，最爱小南辰王！,2023-12-20 23:53
个人喜欢《琅琊榜》和《知否》。 ,2023-12-20 23:53
龚俊的温客行，真是的一绝狐妖小红娘月红篇，龚俊东方月初｜,2023-12-20 23:53
陈情令,2023-12-20 23:53
赵丽颖的所有古装剧知否、楚乔传、花千骨… ,2023-12-20 23:53
我投《星落凝成糖》全员俊男靓女，全员演技在线。 ,2023-12-20 23:53
仙剑奇侠传三和轩辕剑之天之痕永远的天花板,2023-12-20 23:53
香蜜 真的 我永远的top1,2023-12-20 23:53
如故念周生，周生辰我想你了,2023-12-20 23:53
琅琊榜，毋庸置疑 ,2023-12-20 23:53
《流水迢迢》加油哦，希望你明年能打败《锦衣之下》成为我心中的古装剧Top1。期待卫昭和萧无瑕,2023-12-20 23:53
长相思第二季，期待叶十七，期待涂山璟,2023-12-20 23:53
gj那当然是《安乐传》的太子韩烨容冠中原心忧天下，舍身为国以命破局以凡人之力比肩神明，韩烨绝对是古装剧男主天花板,2023-12-20 23:53
💜还用说嘛,2023-12-20 23:53
任嘉伦锦衣之下，陆大人，我的白月光啊,2023-12-20 23:53
周生如故，香蜜神啊 ,2023-12-20 23:52
那必是琅琊榜了 ,2023-12-20 23:52
都提名的啥玩意,2023-12-20 23:52
《周生如故》任嘉伦,2023-12-20 23:52
武林外传啊 有疑问吗 ,2023-12-20 23:52
那必然是陈情令 ,2023-12-20 23:52
那必须是,2023-12-20 23:52
还是古天乐李若彤版的《神雕侠侣》。。但是每个阶段会有特别爱的，比如一念关山刘宇宁就是宁远舟，谁也超越不了他了，诗诗就是如意，再没有他选。 ,2023-12-20 23:52
今年非莫属,2023-12-20 23:52
知否,2023-12-20 23:52
林志颖那版的天龙八部！出了好多明星 ,2023-12-20 23:52
成毅莲花楼,2023-12-20 23:52
一见润玉误终身，长月烬明无可替，唯见江心秋月白，众望所归唐俪辞罗云熙yyds，期待,2023-12-20 23:52
杨幂的三生三世十里桃花,2023-12-20 23:52
这几天我们这里特别冷，零下10多度，想起长月烬明里跪冰的澹台烬，就愈发心疼，他得多冷啊。也还得是魔胎，才能扛这么多天。 ,2023-12-20 23:52
仙剑一和三 ,2023-12-20 23:52
我打算写完手上的文就重温陈情令！,2023-12-20 23:52
无忧渡，烈焰之武庚纪，流水迢迢，任嘉伦好久没播古装啦,2023-12-20 23:52
你要说很多年前，那可太多了，童年看的古装剧才是yyds，但近些年的话还是陈情令 ,2023-12-20 23:51
知否！ 我没事就会翻出来看，做事情也会放着当背景音的一部！ ,2023-12-20 23:51
长月烬明！不管是从国产古装剧特效史的发展层面上，还是从古装剧主题“宿命自由论”的立意层面上，长月烬明都是毫无疑问的top1！罗云熙对主角澹台烬的角色刻画水平既深刻又完美！,2023-12-20 23:51
那必然是邓为期待长相思第二季 ,2023-12-20 23:51
那必须是《一念关山》。宁远舟丝滑的打戏，稳定的情绪，非常正的三观。真是太好看了。值得反复看。,2023-12-20 23:51
今年看过的最好的反复看了好几遍的《一念关山》！太喜欢刘宇宁宁远舟！宁远舟战亡那一幕好久好久都没平复内心的震撼！现在又欣赏一遍所谓的be.美学！导演真的太会拍了！演员也很给力！ ,2023-12-20 23:51
刘诗诗的古装，刘诗诗的打戏都是仙品，不看是损失，大爆剧一念关山任如意入股不亏,2023-12-20 23:51
,2023-12-20 23:51
陈情令永远是我的top1,2023-12-20 23:51
陈情令！永远的第一名,2023-12-20 23:51
莲花楼真的是近几年最好看的剧了,2023-12-20 23:51
第一甄嬛传，第二仙剑三，第三庆余年 ,2023-12-20 23:51
那肯定是《传闻中的陈芊芊》啦！ ,2023-12-20 23:51
钟汉良不愧为优秀的演员宜古宜今,2023-12-20 23:51
古装天花板任嘉伦任何一部古装剧都是我心中TOP难分伯仲虽同是古装 题材却又完全不同任嘉伦的角色亦有着完全不同的人生轨迹每一个都是有一无二的存在 ,2023-12-20 23:51
这就不得不提到《陈情令》了！！正片好看 花絮也好看又在重刷了 好剧永不过时！！因心有所念 夏天被赋予了特别的意义,2023-12-20 23:51
《长月烬明》我还困在里面！ ,2023-12-20 23:51
香蜜沉沉烬如霜的锦觅，是我永远的白月光,2023-12-20 23:51
期待一下任嘉伦武庚微博预约：,2023-12-20 23:51
没人选步步惊心吗,2023-12-20 23:50
三生三世十里桃花，仙剑三都挺好看 ,2023-12-20 23:50
苏摩纯煌,2023-12-20 23:50
《玉骨遥》《陈情令》！！,2023-12-20 23:50
知否知否应是绿肥红瘦 ,2023-12-20 23:50
长相思，最爱涂山璟叶十七，没有之一，期待第二季 ,2023-12-20 23:50
仙剑奇侠传三,2023-12-20 23:50
没有完美的古装剧，但周生如故yyds！坐等下面三位来打我脸,2023-12-20 23:50
甄嬛传 ,2023-12-20 23:50
琅琊榜算古装剧吗？如果算的话那就是他！！！ ,2023-12-20 23:50
大声喊出他的名字！长月烬明啊啊啊啊！！罗云熙演技太顶了！永远都神！！,2023-12-20 23:50
期待一下任嘉伦无忧渡,2023-12-20 23:50
钟汉良宜古宜今亦正亦邪期待你的新作品,2023-12-20 23:50
甄嬛传 ,2023-12-20 23:50
我最爱的千古玦尘，白玦就是我心中的神仙,2023-12-20 23:50
美人煞琉璃 ,2023-12-20 23:50
怎么能没有甄嬛传，还珠格格 ,2023-12-20 23:50
永远怀念那个夏天，永远不会过时，重温《陈情令》，你会有不一样的情感共识,2023-12-20 23:49
想念澹台烬，这个冬天希望烬宝吃饱穿暖！ ,2023-12-20 23:49
梦华录不止是我心中的Top1！更是2022年四榜Top1 ！全平台招商Top1！梦华录和刘亦菲都是一种形容词,2023-12-20 23:49
长月烬明吧，服化道都在线，罗云熙神魔大战和十二神陨落那段太精彩了！！ ,2023-12-20 23:49
//://://://:,2023-12-20 23:49
cycy成毅从来都没有辜负演员这个称呼，从古装仙侠到现代题材，他的气质随着角色的变化而变化，从不会局限在一种。成毅就是当之无愧的剧抛脸成毅英雄志|成毅卢云|成毅狐妖小红娘王权篇|成毅王权富贵|成毅莲花楼|李莲花|李相 cycy成毅从来都没有辜负演员这个称呼，从古装仙侠到现代题材，他的气质随着角色的变化而变化，从不会局限在一种。成毅就是当之无愧的剧抛脸成毅英雄志|成毅卢云|成毅狐妖小红娘王权篇|成毅王权富贵|成毅莲花楼|李莲花|李相夷  2023.07.13古装角色混剪,2023-12-20 23:49
今年我最喜欢的古装剧是《护心》，喜欢龙主天曜❤️❤️❤️,2023-12-20 23:49
李宏毅就是天选萧瑟啊！心中有大义，不畏权势，对朋友讲义气！坚持正义……,2023-12-20 23:49
以为点进来能看到路人的安利结果全是粉丝在推自己偶像演的剧不是 我说有的剧多烂都臭名昭著了粉丝怎么还好意思说古装剧top1啊  我真的低估一些粉丝为爱编瞎话的决心。。。 ,2023-12-20 23:49
那当然是古装天花板任嘉伦的所有剧,2023-12-20 23:49
鬼厉张小凡,2023-12-20 23:49
必须是莲花楼 从八月份看完 到现在别的剧一点看不下去 已NNNN刷 太好看了 从不认识成毅 到垂直入坑 宝藏演员 很棒👍🏻,2023-12-20 23:49
期待一下流水迢迢微博预约：,2023-12-20 23:49
任嘉伦 锦衣之下任嘉伦 陆绎任嘉伦 锦衣卫这部剧谁都替代不了,2023-12-20 23:49
仙剑三吧 ,2023-12-20 23:49
优秀的实力派演员钟汉良期待你的新作品,2023-12-20 23:49
,2023-12-20 23:49
必须是陈情令,2023-12-20 23:48
长相思  香蜜 ,2023-12-20 23:48
必须是莲花楼啊！ ,2023-12-20 23:48
必须琅琊榜,2023-12-20 23:48
有且仅有仙剑奇侠传三 ,2023-12-20 23:48
必定莲花楼 ,2023-12-20 23:48
玉骨谣和陈情令 ,2023-12-20 23:48
🌙✌️年度爆剧长月烬明，顶破优酷天花板，带动地方经济，畅销海外，全球烬化，还有谁没看罗云熙的长月烬明！困在名为长月烬明的般若浮生里走不出来，要早点看到罗云熙的下一部剧才能好，期待颜心记和水龙吟。🌙✌️年度爆剧长月烬明，顶破优酷天花板，带动地方经济，畅销海外，全球烬化，还有谁没看罗云熙的长月烬明！困在名为长月烬明的般若浮生里走不出来，要早点看到罗云熙的下一部剧才能好，期待颜心记和水龙吟。,2023-12-20 23:48
周生如故yyds锦衣之下白月光大唐荣耀成名作任嘉伦牛期待待播剧《无忧渡》《烈焰之武庚纪》 《流水迢迢》,2023-12-20 23:48
我推荐为2023，TA如星星般耀眼，闪烁着谁都无法替代的光！你心中的是谁呢？快来微博之夜推荐TA，参与集卡互动还能有机会得盛典门票去见TA哦！戳>>,2023-12-20 23:48
这题我会《长歌行》必须是《长歌行》！！！ ,2023-12-20 23:48
钟汉良演技炉火纯青塑造形象个个都是经典,2023-12-20 23:48
古剑奇谭我的神 ,2023-12-20 23:48
不是莲花楼我第一个不同意!!!我心中的第一名!谁能忘记李莲花!那个天下第一成毅｜莲花楼,2023-12-20 23:48
必须是一念关山 我宁那么帅,2023-12-20 23:47
长歌行我想在有生之年得见盛世大唐——李长歌永远喜欢长歌行，永远偏爱李长歌。 ,2023-12-20 23:47
,2023-12-20 23:47
知否知否应是绿肥红瘦,2023-12-20 23:47
国超哥哥的《大唐荣耀》《锦衣之下》《周生如故》在我这儿都是top级别期待古装天花板任嘉伦的待播剧《无忧渡》《烈焰之武庚纪》《流水迢迢》,2023-12-20 23:47
赵丽颖的花千骨。 ,2023-12-20 23:47
周生如故yyds！永远的意难平！愿国土之上，再无百里硝烟。 愿我北陈百姓，安居乐业。 人间炊烟不断，千里绵延……周生辰已是一种情绪，挥之不去！,2023-12-20 23:47
陈情令是永远的Top1,2023-12-20 23:47
这也太宽了，今年的话还是长相思吧 ,2023-12-20 23:47
玉骨遥，学法者何为，以拯黎元危难！ ,2023-12-20 23:47
//://://://:,2023-12-20 23:47
那必须是吴启华黎姿版倚天屠龙记，是除了新白娘子传奇，西游记，香帅传奇之外刷了几十遍的剧永远爱姿敏敏,2023-12-20 23:47
还是我的《长月烬明》,2023-12-20 23:47
任嘉伦的周生如故，无论看多少遍还是会被震撼。我的小南辰王,2023-12-20 23:47
那必须是我们长月烬明啊,2023-12-20 23:47
你心中的古装剧Top1是哪部剧呢？来提名！ ,2023-12-20 23:47
莲花楼 沉香如屑 琉璃，都很好看啊,2023-12-20 23:47
是我的初心陆绎大人，是2020年后最爆的古偶——《锦衣之下》,2023-12-20 23:47
琅琊榜 ,2023-12-20 23:47
那个夏天，陈情令,2023-12-20 23:46
看周生如故被锤入任嘉伦的坑底，考古锦衣之下和大唐荣耀也连喊这个任yyds，不敢想象他的待播剧《无忧渡》《烈焰之武庚纪》《流水迢迢》播出我有多快乐,2023-12-20 23:46
举手已经8刷《陈情令》啦，真的很爱两个男主都超帅！！,2023-12-20 23:46
//://://://:,2023-12-20 23:46
梦华录，永远是梦华录，永远爱顾盼生辉,2023-12-20 23:46
我推荐《长歌行》！ ,2023-12-20 23:46
❤️这个话题，怎么能少的了《一念关山》2023爱奇艺收官之作，一念可以说是真的火了…关于爱，关于成长，关于舍与得，关于家国大义，一念关山可以说是一部有深度，有情怀的好剧，值得一看！ ,2023-12-20 23:46
论剧情莲花楼，少年歌行，论角色云之羽宫远徵 ,2023-12-20 23:46
｜成毅三年三爆从仙侠到古偶到武侠都能轻松驾驭～每个角色都有不同的吸引力～是纯情的禹司凤，是清冷帝君应渊，今年李相夷/李莲花吸粉无数，剧粉的天堂请多多进组拍戏我们爱看～接下来期待武侠《英雄志》 ,2023-12-20 23:46
原来我认为Top1是后来我觉得yyds现在我又觉得一定更好看果然，能超越的只有他自己 ,2023-12-20 23:46
长月烬明很不错 ,2023-12-20 23:46
最近几年就刘诗诗的一念关山吧， 任如意太美太飒了刘诗诗,2023-12-20 23:46
我心目中的第一绝对是星汉灿烂，天若有道自不会让有情人分离,2023-12-20 23:46
香蜜呀超爱凤凰 ,2023-12-20 23:46
当然是刘诗诗演的一念关山，看到任如意跟以前有很大的不同，演技真的很好 ,2023-12-20 23:46
古剑奇谭 ,2023-12-20 23:46
香蜜沉沉烬如霜 当初觉得名字土没看 后来看了真上头 ost没看时都已经会唱了,2023-12-20 23:46
琅琊榜！！！ ,2023-12-20 23:45
很难选，六小龄童版西游记吧 ,2023-12-20 23:45
提名王鹤棣主演的《浮图缘》，来看肖铎打戏混剪也提前祝肖掌印一周年快乐,2023-12-20 23:45
期待任嘉伦的三部待播剧！rjlrjl,2023-12-20 23:45
👉千江水有千江月，长月就是top月☝️的古装剧yyds,2023-12-20 23:45
自然是今年最爆古装剧长月烬明 服化道引领仙侠剧敦煌风潮流 剧情宣扬以身救世的正确价值观 一番大男主罗云熙的颜值演技还是top的存在,2023-12-20 23:45
钟汉良古装天花板！无论是《逆水寒》的惊才绝艳顾惜朝、《锦心似玉》的玉树临风的侯爷，还是《孤芳不自赏》骁勇善战的楚王爷都深入人心,2023-12-20 23:45
仔细想了一下好像很难在我心里去排名禹司凤、应渊、唐周、李相夷、李莲花到底谁可以在第一位。《琉璃》是成毅和二代果的定情之作，《沉香如屑》是成毅和三代果的定情之作，《莲花楼》是成毅和四代果的定情之作。以后会有更多而我呢，从乍见之欢到如今刻骨铭心，他们在我心中是不同时段的top1⃣️ 仔细想了一下好像很难在我心里去排名禹司凤、应渊、唐周、李相夷、李莲花到底谁可以在第一位。《琉璃》是成毅和二代果的定情之作，《沉香如屑》是成毅和三代果的定情之作，《莲花楼》是成毅和四代果的定情之作。以后会有更多而我呢，从乍见之欢到如今刻骨铭心，他们在我心中是不同时段的top1⃣️，都好喜欢,2023-12-20 23:45
莲花楼,2023-12-20 23:45
《三生三世十里桃花》 ,2023-12-20 23:45
那必然是《莲花楼》!我心中的古装剧第一名!!!谁能忘记李莲花啊成毅｜莲花楼,2023-12-20 23:45
投千古决尘和琉璃,2023-12-20 23:45
//://:,2023-12-20 23:45
近几年来没啥好剧，今年《莲花楼》真的是当之无愧的top1了，建议大家都去看 ,2023-12-20 23:45
《仙剑奇侠传1》李逍遥与赵灵儿yyds,2023-12-20 23:45
“别人喜不喜欢我，我根本不在乎，只要你愿意喜欢我，就够了”当然是长月烬明了，我最爱的澹台烬 ,2023-12-20 23:45
们周生如故粉永远都不会懂锦衣之下粉心里的纠结,2023-12-20 23:45
//:陈情令,2023-12-20 23:45
点进来一看全是古装偶像剧。。。。。。我以为会是铁齿铜牙纪晓岚那类的。。。是我不配了。。。告辞 ,2023-12-20 23:45
这个见仁见智吧，不过许凯拍了不少古装剧，都各具特色，无论是仙侠玄幻，还是落地古偶，抑或者唐装汉服明制清装，他都驾轻就熟。欢迎品鉴！ ,2023-12-20 23:44
苍兰诀 我永远的Top1 ,2023-12-20 23:44
当然是近期 大 热 大 爆 的《一念关山》，里面关于 家 国 大 义。兄弟情义。爱情友情。都描述的立意深远。对宁远舟的诠释，真的让我对宁远舟爱到疯狂。,2023-12-20 23:44
期待新剧，天选古人，可盐可甜，可温柔纯良，可疯批腹黑|,2023-12-20 23:44
《仙剑3》我心中永远的top1 ,2023-12-20 23:44
心中的古装剧top1，任嘉伦所有的古装剧在我心里，你就是最好的,2023-12-20 23:44
心中的古装剧Top1那必须是一念关山啊。这部剧真的太好看了。立意止战，宣扬和平，家国大义。是一部值得反复观看的好剧，剧中的细节更是值得好好细品，打戏更是精彩，原创剧本实景拍摄的古装传奇公路剧。男主宁远舟真的是我心目中男主人设天花板顶板了，不只有演技还有眼技，打戏文戏落泪戏，样样真的没 心中的古装剧Top1那必须是一念关山啊。这部剧真的太好看了。立意止战，宣扬和平，家国大义。是一部值得反复观看的好剧，剧中的细节更是值得好好细品，打戏更是精彩，原创剧本实景拍摄的古装传奇公路剧。男主宁远舟真的是我心目中男主人设天花板顶板了，不只有演技还有眼技，打戏文戏落泪戏，样样真的没得挑的，演的太好了，家国情，兄弟情都让人泪目，一念关山在我心中Top1。刘宇宁一念关山。刘宇宁宁远舟。。,2023-12-20 23:44
那必然是 甄嬛传 ,2023-12-20 23:44
lyxlyx我本无意惹惊鸿，奈何惊鸿入我心。,2023-12-20 23:44
°🌸‿(* ⁰̴͈꒨⁰̴͈)=͟͟͞͞➳❤我喜欢你 )‿🌸°天问藤间璀璨来，九歌琴上海棠开。怀沙熠熠穿云涧，一汪玉蟾梨花白。期待千杯不醉如月皎皎楚晚宁。°🌸‿(* ⁰̴͈꒨⁰̴͈)=͟͟͞͞➳❤我喜欢你 )‿🌸°天问藤间璀璨来，九歌琴上海棠开。怀沙熠熠穿云涧，一汪玉蟾梨花白。期待千杯不醉如月皎皎楚晚宁。,2023-12-20 23:44
必须是，那可是捅破👖的记录 ,2023-12-20 23:44
天生邪骨澹台烬；白裳瑶仙冥夜君；披荆斩棘沧九旻；长月烬明罗云熙。 ,2023-12-20 23:44
任嘉伦好期待《流水迢迢》卫昭／萧无瑕,2023-12-20 23:44
虽然但是，广场上的提名都是哪来的脸,2023-12-20 23:44
任嘉伦的锦衣之下、周生如故都是古装TOP作品，三部古装待播剧：🥝自制奇幻大剧《无忧渡》、男频大剧《烈焰之武庚纪》，🐧自制权谋大剧《流水迢迢》，相信也一样优秀，来约！,2023-12-20 23:44
又漂亮又帅气又强大又脆弱，罗云熙在长月烬明里塑造的每个角色个性鲜明，不同时期不同心境也表现得细致入微，真的超强,2023-12-20 23:43
周生如故 ,2023-12-20 23:43
玉骨遥仙侠古偶天花板！光立意上就秒了，我们芸芸众生还是有人在乎的！ ,2023-12-20 23:43
今年  小破站 古相思曲,2023-12-20 23:43
罗云熙太帅啦！！！ ,2023-12-20 23:43
重温一下修罗王玄夜和应渊的对打戏成毅一人分饰应渊帝君、唐周和玄夜三个角色。成毅的演技带着观众入戏,2023-12-20 23:43
不拉不踩，今年的当属，高开爆走，现象级爆剧,2023-12-20 23:43
从剧里到剧外爱了四年多，现在依然爱着以后也继续会爱着的除了《陈情令》还是《陈情令》💚❤️💛,2023-12-20 23:43
“当爱意消亡，恨意消亡，肉身消亡的那一天，要如何证明这些爱恨，是真的存在过？” ,2023-12-20 23:43
cy2023年心中最喜欢的古装剧非莲花楼莫属，莲花楼真是一部良心好剧，成毅大男主的演技真是好的没得说！,2023-12-20 23:43
任此嘉岁应绝伦,2023-12-20 23:43
那必须是古装天花板任嘉伦的古装剧了～～,2023-12-20 23:43
玉骨遥绝对第一 ,2023-12-20 23:43
《大明宫词》，一首明媚又忧伤的诗，国产剧美学巅峰,2023-12-20 23:43
长相思！！期待第二季，期待邓为涂山璟,2023-12-20 23:42
那可多了，《甄嬛传》《陈情令》……今年的《玉骨遥》也很喜欢。 ,2023-12-20 23:42
永远忘不掉的嫋嫋，永远忘不了的星汉 ,2023-12-20 23:42
任嘉伦《周生如故》我皇叔周生辰yyds,2023-12-20 23:42
关山万里路，拔剑起长歌，谁懂长歌行带来的震撼,2023-12-20 23:42
甄嬛，知否，三生三世，长歌行 ,2023-12-20 23:42
cy当属成毅饰演的角色啦，比如《琉璃》中成毅饰演的禹司凤，比如《沉香如屑沉香重华》中饰演的应渊帝君、唐周、玄夜，再比如《莲花楼》中饰演的李相夷、李莲花，哪一个在我眼里都是top1,2023-12-20 23:42
｜杨紫的长相思，香蜜沉沉烬如霜是我心中永远的古装Top，杨紫优秀！杨紫长相思小夭破鸿蒙,2023-12-20 23:42
那必须我陈情令 ,2023-12-20 23:42
那当属古装美男任嘉伦的已播剧大唐荣耀鲜衣怒马广平王李俶，锦衣之下智慧颜值担当陆绎陆大人，周生如故美强惨将军周生辰，还有待播剧流水迢迢多面权臣卫昭卫指挥使以及烈焰之武庚纪热血王子武庚，期待任嘉伦大帅哥新剧播出,2023-12-20 23:42
长相思！ ,2023-12-20 23:42
当然是让我魂牵梦绕的长月烬明啊,2023-12-20 23:42
三年三爆，成毅的《琉璃》，《沉香如屑》，《莲花楼》都是心中古装剧Top1论打戏行云流水自带美感堪称一场视觉盛宴。成毅古装造型更是不用多说，隔着屏幕都能感受到的帅气来期待成毅的新剧狐妖小红娘王权富贵吧，真的不能错过哦三年三爆，成毅的《琉璃》，《沉香如屑》，《莲花楼》都是心中古装剧Top1论打戏行云流水自带美感堪称一场视觉盛宴。成毅古装造型更是不用多说，隔着屏幕都能感受到的帅气来期待成毅的新剧狐妖小红娘王权富贵吧，真的不能错过哦,2023-12-20 23:42
只能是任嘉伦的《周生如故》惊才绝艳的小南辰王周生辰一直是我心里的隐隐作痛。 播出至今两年多了，一直有观众为任嘉伦的颜值和演技痴迷，为天神皇叔的陨落哭的肝肠寸断，痛彻心扉。 好演员成就经典角色，经典角色成就口碑好剧。,2023-12-20 23:42
从未停止过一直刷的那就是《陈情令》莫属了 ,2023-12-20 23:42
当然是罗云熙的长月烬明了，古装剧一般只看罗云熙,2023-12-20 23:42
《仙剑三》必须yyds,2023-12-20 23:42
知否知否应是绿肥红瘦 ,2023-12-20 23:42
陈情令yyds,2023-12-20 23:42
//://://://://:,2023-12-20 23:42
在我心中都很喜欢都很经典,2023-12-20 23:42
陈情令,2023-12-20 23:42
//:是我澹台烬永远的神,2023-12-20 23:42
看周生如故被锤入任嘉伦的坑底，考古锦衣之下和大唐荣耀也连喊这个任yyds，不敢想象他的待播剧《无忧渡》《烈焰之武庚纪》《流水迢迢》播出我有多快乐,2023-12-20 23:42
为什么没人提长歌行，真的好爱正在二刷中 ,2023-12-20 23:42
陈情令 ,2023-12-20 23:42
那必须是2023暑假爆款长相思第一季中的最佳男友-邓为涂山璟！大荒首富，颜值爆表！眼里有活，嘴里有话。洁身自好，纯爱战神。尊重所有女性角色。谁看见了不迷糊啊！,2023-12-20 23:42
步步惊心 甄嬛传 ,2023-12-20 23:41
必须是，重刷n次，后劲实足，一人分饰七个不同时期人物，各不相同，演技炸裂，在4月冷档期播放量刷新优酷历史，今年更无数次作为标杆对比。绝对心中的古装剧top1，期待新的视听盛宴。,2023-12-20 23:41
lyxcyjmttj长月烬明，澹台烬，4月开始再无一日安眠,2023-12-20 23:41
点名杨紫的《长相思》《香蜜沉沉烬如霜》《沉香如屑》《天乩白蛇传》杨紫优秀爆剧女王，现偶古偶大女主~,2023-12-20 23:41
点进来震惊我的程度，我以为是大明宫词之类的古装，武侠剧也可以接受，结果整的都是些什么 ,2023-12-20 23:41
2023没看，但古装剧top1一定是我西游记！ ,2023-12-20 23:41
成毅莲花楼李莲花  把我一个从来不看古装剧的一脚踢进内娱 ,2023-12-20 23:41
永远选择澹台烬，一看到下雪就想起他 ,2023-12-20 23:41
点进话题 都是些什么垃圾 难道不应该是琅琊榜么？内🐟真的💊 ,2023-12-20 23:41
知否知否，刷了太多遍了 ,2023-12-20 23:41
//://://://:,2023-12-20 23:41
救命，仙剑三啊，一些什么歪瓜裂枣也配 ,2023-12-20 23:41
玉骨遥！看了玉骨遥后就再也看不下去市面上那些古偶和所谓的仙侠剧了。,2023-12-20 23:41
必须是任嘉伦的锦衣之下，周生如故，待播剧烈焰之武庚纪，无忧渡，流水迢迢,2023-12-20 23:40
香蜜和长相思都好看,2023-12-20 23:40
那肯定是我的虐剧天花板《东宫》。快2024了，还是走不出来,2023-12-20 23:40
《三国演义》永远的神！ ,2023-12-20 23:40
《红楼梦》 ,2023-12-20 23:40
步步惊心yyds ,2023-12-20 23:40
有缘人来看看演员任嘉伦《大唐荣耀》李俶《锦衣之下》陆绎《周生如故》周生辰《请君》陆炎还有待播剧《无忧渡》宣夜《烈焰之武庚纪》武庚《流水迢迢》卫昭任嘉伦古装yyds,2023-12-20 23:40
今年夏天最火的剧是＿陈情令 ,2023-12-20 23:40
说说你心中古装届的颜值扛把子刘亦菲｜赵丽颖｜迪丽热巴｜唐嫣｜杨幂｜刘诗诗｜古力娜扎｜赵露思（欢迎补充）,2023-12-20 23:40
甄嬛传 ,2023-12-20 23:40
媚娘,2023-12-20 23:40
//://://://://:,2023-12-20 23:40
今年古相思曲，往年知否知否应是绿肥红瘦，楚乔传，花千骨 ,2023-12-20 23:40
只有陈情令 ,2023-12-20 23:40
陈情令,2023-12-20 23:40
张小凡 ,2023-12-20 23:40
个人比较喜欢花千骨,2023-12-20 23:40
琅琊榜！！！！！永远没有之一！！ ,2023-12-20 23:40
当然是陈情令了，不仅记住了每个配角的名字，连动物的名字都记得，我心中的封神之作，超爱魏无羡蓝忘机,2023-12-20 23:40
走不出来，好几个月了还没走出来 ,2023-12-20 23:40
《大唐荣耀》《锦衣之下》《周生如故》都是口碑好剧都是心中最好的！任嘉伦武庚炽热的眼神里，有追忆伤感，也有心动温暖，很有氛围感和故事感，好的演员就是能带观众入戏，让人对故事产生好奇感呀！明年期待一番男主任嘉伦的《烈焰之武庚纪》，《无忧渡》，《流水迢迢》 《大唐荣耀》《锦衣之下》《周生如故》都是口碑好剧都是心中最好的！任嘉伦武庚炽热的眼神里，有追忆伤感，也有心动温暖，很有氛围感和故事感，好的演员就是能带观众入戏，让人对故事产生好奇感呀！明年期待一番男主任嘉伦的《烈焰之武庚纪》，《无忧渡》，《流水迢迢》,2023-12-20 23:40
成毅的古装剧闭眼入就完事了，成毅的演技永远不会让你失望,2023-12-20 23:39
古相思曲,2023-12-20 23:39
//://://://:,2023-12-20 23:39
蜀山战纪2踏火行歌，每年必刷 ,2023-12-20 23:39
疯批病娇美人澹台烬真的好带感，我心中的古装剧top1️⃣非《》莫属！！！！！☁️☁️,2023-12-20 23:39
//://://://://://:,2023-12-20 23:39
知否,2023-12-20 23:39
必须是长月烬明里面的澹台烬啊,2023-12-20 23:39
那必然是仙剑三 我永远的白月光仙三真的是我回不去的年少肆意 真的好怀念 虽然我还没多大景天｜雪见｜仙剑三,2023-12-20 23:39
陈情令,2023-12-20 23:39
抱一丝，2023归来仍是我们陈情令啦,2023-12-20 23:39
唯有嘉倫,2023-12-20 23:39
琅琊榜 ,2023-12-20 23:39
杨紫的古装剧都是精品中的精品，你喜欢的类型我们都有。今年长相思自我救赎的小夭实力第一，心中最佳！,2023-12-20 23:39
天空一声巨响💥，烬皇闪亮登场✨,2023-12-20 23:39
还珠格格,2023-12-20 23:39
//://://://:,2023-12-20 23:39
琅琊榜。 ,2023-12-20 23:39
86版西游记，猴哥被压了500年还是阳光开朗大男孩，现在看和小时候看会从不同的角度发现问题，常看常新 ,2023-12-20 23:39
《陈情令》 ,2023-12-20 23:39
那当然是《陈情令》啦“我想带一人 回云深不知处 带回去 藏起来” ,2023-12-20 23:39
任嘉伦周生如故 ,2023-12-20 23:38
还珠格格 ,2023-12-20 23:38
不是只有古偶叫古装剧啊。。。四大名著，史剧，武侠，宫斗哪个不比古偶好看,2023-12-20 23:38
那不得是琅琊榜呀！好几年了，还是最棒的！ ,2023-12-20 23:38
无论什么时候答案都是《陈情令》,2023-12-20 23:38
//://://://://:,2023-12-20 23:38
在我这里今年必然是时影，没有之一 ,2023-12-20 23:38
//://://://:,2023-12-20 23:38
必然是知否 ,2023-12-20 23:38
当然是肖战任敏主演的玉骨遥，绝配 ,2023-12-20 23:38
必须是《长月烬明》 澹台烬,2023-12-20 23:38
一念关山呀！每个角色都独一无二，不可缺少，每段故事都倾情演绎。宁远舟带领的小分队也真的是上大分，这一路上，都在成长，都在坚守着自己的信念，值得反复观看。,2023-12-20 23:38
除了《陈情令》还是《陈情令》，陈情一响四面八方的令牌们都到了！如果每天不看看🌸絮不翻翻图都总觉的少了点什么！陈情未绝 热爱不断！💚❤️💛,2023-12-20 23:38
lyxcyjmttj起风了澹台烬，今夜必定很难熬,2023-12-20 23:38
那必须成毅呀 ,2023-12-20 23:38
当然是近期 大 热 大 爆 的《一念关山》，里面关于 家 国 大 义。兄弟情义。爱情友情。都描述的立意深远。对宁远舟的诠释，真的让我对宁远舟爱到疯狂。好爱宁远舟为家 国 大 义，为了黎 民 百 姓，征 战，殉 国，成为大 英 雄。好爱宁远舟的六道堂兄弟，为了信念 当然是近期 大 热 大 爆 的《一念关山》，里面关于 家 国 大 义。兄弟情义。爱情友情。都描述的立意深远。对宁远舟的诠释，真的让我对宁远舟爱到疯狂。好爱宁远舟为家 国 大 义，为了黎 民 百 姓，征 战，殉 国，成为大 英 雄。好爱宁远舟的六道堂兄弟，为了信念，为了道义，成为被铭记的 英 雄。好爱宁远舟对待兄弟的情意，好爱宁远舟流转在眼神中的爱意与珍惜。刘宇宁的演技，细节化，渗透化，把宁远舟的前后内核都诠释得流畅完整。推荐大家去看我们的《一念关山》哦。,2023-12-20 23:38
//://://://://://:,2023-12-20 23:38
那必然是陈情令了！,2023-12-20 23:38
《陈情令》在我心中不可替代，无法逾越。,2023-12-20 23:38
如今的古装剧完全沦为偶像剧的大卖场，所以想问下，近几年的古装剧中，有不走偶像流量路线的剧吗？像《大明王朝1566》《大秦帝国之裂变》的历史正剧、像《少年包青天》《大宋提刑官》的探案悬疑剧如今还有人在拍吗？ ,2023-12-20 23:38
//://://://://://:,2023-12-20 23:38
那必须是陈情令 玉骨遥 ,2023-12-20 23:38
//://:,2023-12-20 23:38
lyxlyx罗云熙澹台烬永远是我的心头好冥夜永远是我的意难平沧九旻也超棒,2023-12-20 23:38
lyx那就不得不得说到我们一番大男主罗云熙的大爆剧长月烬明了，7000万播放量，带动蚌埠180亿的旅游GDP。,2023-12-20 23:37
梦华录 刘亦菲yyds ,2023-12-20 23:37
cy20年的夏天，一只小鸟落我肩，超爱这个唯美的画面，从此认识了一个叫成毅的优秀演员成毅  英雄志|卢云|莲花楼|李相夷|李莲花|南风知我意|傅云深|狐妖小红娘王权篇|王权富贵|,2023-12-20 23:37
当然是陈情令！ ,2023-12-20 23:37
琅琊榜,2023-12-20 23:37
我家小疯子永远是第一 ,2023-12-20 23:37
必须是一念关山啊啊啊啊啊宁远舟太爱了,2023-12-20 23:37
刘宇宁宁远舟|刘宇宁燕子京|刘宇宁一念关山|刘宇宁珠帘玉幕|刘宇宁魏劭|刘宇宁折腰|刘宇宁卓不凡|刘宇宁天行健|刘宇宁帝林|刘宇宁紫川 |期待刘宇宁更多的角色,2023-12-20 23:37
花千骨啊丽神大爆 ,2023-12-20 23:37
周生如故 锦衣之下 莲花楼 ,2023-12-20 23:37
永远忘不掉的19年盛夏！忘不了的陈情令！还有一直相爱的太子妃妃，走不出的记忆就是最好的电视剧！ ,2023-12-20 23:37
那还得是知否！！！,2023-12-20 23:37
锦衣之下yyds，陆绎眼神开车yyds ,2023-12-20 23:37
我这几天又重刷了一遍锦衣之下 谁不为陆绎着迷呢,2023-12-20 23:37
//://://://://:,2023-12-20 23:37
仙剑三没人能比 ,2023-12-20 23:37
陈情令 ,2023-12-20 23:37
陈情令永远的top1 ,2023-12-20 23:37
估计得是莲花楼，过去三个多月了念念不忘，真的好帅 ,2023-12-20 23:37
琉璃美人煞 ,2023-12-20 23:37
仙剑奇侠传，步步惊心，楚乔传，花千骨，长歌行,2023-12-20 23:37
提名任嘉伦《周生如故》，小南辰王西州近日可好期待任嘉伦三部待播剧《武庚纪》《流水迢迢》《无忧渡》,2023-12-20 23:37
是我澹台烬永远的神,2023-12-20 23:37
CY莲花楼最好看的古装武侠探案剧 ,2023-12-20 23:37
这个就必须是《周生如故》了，去各平台看一下，都是哭我王的，一到下雪就都成了西洲百姓，周生辰已经是多少人心中的意难平，也是一种情绪,2023-12-20 23:37
仙剑奇侠传 ,2023-12-20 23:37
陈情令 ,2023-12-20 23:36
那必须长相思啊。我最最喜欢的叶十七涂山璟。一把把我拽进内娱的邓为小狐狸,2023-12-20 23:36
如果说一直最爱。应该是仙剑一 那时候刷了无数遍 ,2023-12-20 23:36
古剑奇谭 长月烬明 莲花楼,2023-12-20 23:36
//://://://:,2023-12-20 23:36
当然是我裴行俭,2023-12-20 23:36
长月烬明 ,2023-12-20 23:36
//://://://:,2023-12-20 23:36
《一念关山》,2023-12-20 23:36
陈情令当之无愧,2023-12-20 23:36
"古装天花板任嘉伦每部戏都是TOP1, 《大唐荣耀》《锦衣之下》《周生如故》部部经典，明年还有有三部头部大戏!权谋《流水迢迢》，男频《武庚纪》，悬疑探案《无忧渡》，谁能逃得过任嘉伦的古装!",2023-12-20 23:36
那必然是四月份的长月烬明那必然是我的澹台烬我的黑月光,2023-12-20 23:36
《陈情令》yyds！！！我心中永远的top1好剧永不过时,2023-12-20 23:36
rjl我提名任嘉伦周生如故，周生辰！雪落长安里 如故念周生一到下雪天就想到了皇叔周生辰周生辰永远的白月光！【期待任嘉伦流水迢迢+无忧渡+武庚纪】,2023-12-20 23:36
当然是仙剑奇侠传三啦 ,2023-12-20 23:36
lyxlyx自然是今年大爆的长月烬明 热播期7006w突破优👖天花板 成为史冠 剧情是所有仙侠剧有史以来最新颖的 至今观众还无法忘记那个跪在雪地的质子,2023-12-20 23:36
我心中的top有点多，但共同点就是都是主演的最爱周生如故和锦衣之下，当然最好的“老公”永远在下一个流水迢迢的卫昭？无忧渡的宣夜？还是烈焰之武庚纪的狗哥哥？我一点都不贪心，我都要都要,2023-12-20 23:36
罗云熙长月烬明,2023-12-20 23:36
必须古剑奇谭 百里屠苏yyds,2023-12-20 23:36
檀健次 ,2023-12-20 23:36
今年夏天最火的剧是陈情令 ,2023-12-20 23:36
莲花楼 ,2023-12-20 23:36
说实话脑子里第一个想到的还是18年的《香蜜》 ,2023-12-20 23:36
那必须得有刘亦菲的神雕侠侣 ,2023-12-20 23:36
时影殿下有仙人之姿，而且剧的立意也是以天下大义，谁还没被“学法者何为，以拯黎元危难”而打动 ,2023-12-20 23:36
陈情令！ ,2023-12-20 23:36
rjl大唐荣耀，锦衣之下，周生如故...阿广，陆大人，小南辰王，长意...你们石头剪刀布吧还有接下来的宣夜，武庚，卫昭，妈耶你让我怎么选任嘉伦 任国超 ,2023-12-20 23:36
甄嬛传 香蜜 长相思都好看！ ,2023-12-20 23:36
是收获到无数好评的刘诗诗任如意的新剧《一念关山》。刘诗诗用她的绝美演技征服了观众。 ,2023-12-20 23:35
,2023-12-20 23:35
是罗云熙演得史诗级仙侠巨制长月烬明,2023-12-20 23:35
,2023-12-20 23:35
仙剑奇侠传 ,2023-12-20 23:35
这个冬天也很想澹台烬,2023-12-20 23:35
啊 近些年的这些剧也配吗,2023-12-20 23:35
就是《陈情令》,2023-12-20 23:35
唯一一部n刷的。,2023-12-20 23:35
《知否》全员演技在线 ,2023-12-20 23:35
CY这还用问吗？必须是成毅莲花楼了 ,2023-12-20 23:35
罗云熙主演的长月烬明！ ,2023-12-20 23:35
琅琊榜 ,2023-12-20 23:35
今年我心中的古装剧top是《安乐传》龚俊饰演的太子韩烨，以凡人之躯比肩神明！爱苍生也护一人，以身止戈不负天下不负卿！,2023-12-20 23:35
苍兰诀 莲花楼 周生如故 ,2023-12-20 23:35
天冷了，澹台烬，我想你了。 ,2023-12-20 23:35
我觉得《卿卿日常/》真的很好看,2023-12-20 23:35
我心中第一，长月烬明澹台烬 ,2023-12-20 23:34
甄嬛传 知否 武林外传 大明王朝1566…很多啊！！！ ,2023-12-20 23:34
我们阿令放到今年也是吊打别剧的存在！！！//://://:,2023-12-20 23:34
//://://:,2023-12-20 23:34
//://://://://:,2023-12-20 23:34
,2023-12-20 23:34
《莲花楼》，必须是《莲花楼》，《莲花楼》今年在我心里已经是TOP1的古装武侠剧，剧情不拖沓，很紧凑，越看到后面越好看，也是我唯一一部13刷的古装武侠剧，长尾效应还是很厉害的，《莲花楼》真的很好看！ ,2023-12-20 23:34
我觉得是长相思啊杨紫分饰两角，玟小六和小夭演的都好好，而且长相思的很多空镜拍的超级有意境，已经N刷了，真的好希望第二季搞快点,2023-12-20 23:34
长歌行！！！我心中的古装剧top1！,2023-12-20 23:34
,2023-12-20 23:34
°🌸‿(* ⁰̴͈꒨⁰̴͈)=͟͟͞͞➳❤我喜欢你 )‿🌸°乱世谁人长久。俪辞行，江湖白首。解得谜案，局中自见，武林风骤。蜡炬往昔，今朝痴恨，风流难朽。水龙吟世啸，拨云见熙，浩然如昼。恭迎唐俪 °🌸‿(* ⁰̴͈꒨⁰̴͈)=͟͟͞͞➳❤我喜欢你 )‿🌸°乱世谁人长久。俪辞行，江湖白首。解得谜案，局中自见，武林风骤。蜡炬往昔，今朝痴恨，风流难朽。水龙吟世啸，拨云见熙，浩然如昼。恭迎唐俪辞吟啸武林，期待一番大男主剧《水龙吟》震烁九天！那肯定是罗云熙啦,2023-12-20 23:34
那必须是古装天花板任嘉伦,2023-12-20 23:34
lyx☁️ིྀ | w̆̈ă̈n̆̈ă̈n̆̈趁着星星和月亮都在，悄悄说声：你真可爱,2023-12-20 23:34
西游记 ,2023-12-20 23:34
请看刘亦菲的梦华录真正的大爆特爆现象级，破圈层古装剧，讨论度爆表，收录进100个时代热词中播出一年后还陆陆续续有线下联名，带火线下经济 ,2023-12-20 23:34
//://://://:,2023-12-20 23:34
只能是琅琊榜。这部剧就没有一个配角,2023-12-20 23:34
,2023-12-20 23:34
周生如故，东宫 ,2023-12-20 23:34
//://:,2023-12-20 23:34
让我想到了初见成毅的琉璃，一下子闯进我心里！沉香如屑的应渊君！还有今年刚见的莲花楼楼主李莲花成毅的古装永远是我心中的NO.1,2023-12-20 23:33
喜欢成毅的每一部剧，每一个角色,2023-12-20 23:33
陈情令！！！ ,2023-12-20 23:33
《安乐传》啊，上影制作+优酷宣发+谢颖带人，三尊真神，四个导演四个制片六个编剧八个自家演员。全员上桌，buff叠满，超级好看,2023-12-20 23:33
//://://://:,2023-12-20 23:33
必须陈情令啊,2023-12-21 20:13
实至名归属于成毅 ,2023-12-21 20:12
yz我心中的古装剧top1当属今年大爆剧大女主长相思杨紫小夭，爆剧爆人！[杨紫小夭]丨[杨紫黄瀛子] ,2023-12-21 20:12
肯定是《山河令》啊！那么多copy精模仿怪孜孜不倦，抄袭山河令的剧情，模仿山河令的妆造。还要偷我们山河令两位男主说过的话，复刻我们山河令的人设。时至今日，温客行和周子舒扮演者盛世美颜精湛演技，内在风骨气韵，真心换真心让那么多人感同身受深深共鸣，依然无人能及。 ,2023-12-21 20:10
..刘宇宁宁远舟刘宇宁一念关山宁远舟宁远舟宁远舟一念关山刘宇宁宁远舟刘宇宁一念关山,2023-12-21 20:10
当然是成毅了！成毅是个认真努力优秀的好演员，能遇见你喜欢你支持你是我的幸运。我们会与你一同前进！,2023-12-21 20:10
古装唯看罗云熙！我心里除了罗云熙没有人值得关注！,2023-12-21 20:08
在我心中yyds当然是罗云熙了，说到这儿了那就期待罗云熙的作品待播古装剧《颜心记》，在拍古装剧《水龙吟》,2023-12-21 20:04
rjl期待任嘉伦主演的《流水迢迢》卫昭/萧无瑕,2023-12-21 20:03
这个好难选啊 只要是成毅老师出演的 在我心里都是Top 1,2023-12-21 20:02
xk近五年的古装剧，你心中的Top1是千古玦尘，真的格局、特效、布景、演技都十分出彩，而许凯白玦就是我最喜欢的角色，神的仪态和战神的状态真的很玦。,2023-12-21 20:01
近5年来古装剧千古玦尘不配有名字？ ,2023-12-21 19:59
罗云熙！这哥是真的扛剧啊！一播古装剧直接血洗🫘，👖平台独播直接断层史冠，周边消额国剧断层史冠。一播小众现代剧上🐑8次黄直接破1。果然不管男女老少都喜欢看实力派帅哥演员哈哈哈哈哈，是观众坚定选择罗云熙,2023-12-21 19:57
这部古装剧用自己原生头发撑妆造？确实震惊到，小田自己的发量能够撑起来这部剧的妆造她的黑长直造型妥妥的白月光top1，果然真美女不需要浓妆就很漂亮,2023-12-21 19:53
cy成毅莲花楼成毅哥哥，天气不够好没关系，你够好就行啦成毅，你囤于银河，又占据我心。认识你愈久，愈觉得，你是我人生行路中一处清喜的水泽。,2023-12-21 19:51
cy成毅，喝水想着你，吃饭想着你，合眼闭眼间出现的全是你你是春柳抚风🌱你是夏日清风🍉你是秋日硕果🍊你是冬日暖阳🌞玉树临风美少年，意气风发搞事业，期待演员成毅 ———成毅哥哥的果子,2023-12-21 19:50
古剑，三生三世！永远的top，还有扶摇也很爱 ,2023-12-21 19:49
cy他的演技酝酿着踏实的力量，如同灵动的花火，在心底中绽放。成毅，你是我的一眼惊鸿 ，也是我的岁月余生,2023-12-21 19:49
cy成毅的演技就像那棵沉稳树木，深厚的根系扎进心底，承载着所有情感和经历。成毅的演技像是九曲黄河，汇聚了万千情感和经历。,2023-12-21 19:48
rjl任嘉伦《周生如故》是我心中的TOP1️⃣👑,2023-12-21 19:48
cy成毅 莲花楼，不过成毅最好的剧永远是下一部,2023-12-21 19:47
我心中的古装男神是任嘉伦,2023-12-21 19:35
⚡⚡⚡⚡任嘉伦就是个宝藏男孩。努力、上进、正直、能演能唱还能跳、长得帅身材好、头发还多到爆感觉一个缺点都找不到⚡⚡⚡⚡⚡⚡⚡⚡任嘉伦就是个宝藏男孩。努力、上进、正直、能演能唱还能跳、长得帅身材好、头发还多到爆感觉一个缺点都找不到⚡⚡⚡⚡⚡⚡⚡⚡⚡⚡⚡,2023-12-21 19:34
看过来！周子舒他是唯一！,2023-12-21 19:34
一念关山 ,2023-12-21 19:31
期待新作流水迢迢，无忧渡，烈焰之武庚纪早日播出，再创佳绩。 ,2023-12-21 19:28
先预订古装天花板任嘉伦明年三部头部大戏!权臣攻略《流水迢迢》，热血漫改《烈焰武庚纪》，悬疑探案《无忧渡》，各种题材你都值得拥有,2023-12-21 19:23
那必须仪态气质，文戏武戏都很棒！ ,2023-12-21 19:22
我投给了“《陈情令》”~ 哈哈哈哈，我们阿令，绝对优势！,2023-12-21 19:20
好喜欢这首歌//:《逆水寒》顾惜朝二十年弹指一挥间，故人依旧，悲欢与共！,2023-12-21 19:12
任嘉伦无论哪一年，他都是我的top.1 毫无任何犹豫。红衣卫昭鲨疯了～期待任嘉伦待播古装剧～《无忧渡》《烈焰之武庚纪》《流水迢迢》,2023-12-21 19:11
身世笼罩在迷雾，无忧渡口无忧树垂暮风宵长柳叶，独自月下挥舞剑万物中皆有方圆，缘深缘浅难预言阴谋环绕在身边，清除祸害人世间妖邪可惧，人心叵测，却有使命担肩故而生忧；有解百忧者，渡人渡妖亦渡情,2023-12-21 18:58
我都不知道，那么热爱你,2023-12-21 18:51
看周生如故被锤入任嘉伦的坑底，考古锦衣之下和大唐荣耀也连喊这个任yyds，不敢想象他的待播剧《无忧渡》《烈焰之武庚纪》《流水迢迢》播出我有多快乐,2023-12-21 18:36
长月烬明 ,2023-12-21 18:35
阳光迷恋大地，问候由表及里；雨水连接天地，牵挂拉近距离；花朵香气四溢，带着微笑开始新的一天,2023-12-21 18:32
🧚🏻‍♀️ʚ ɞ*:.☽23①无忧渡～渡无忧世界上有三种夜：昨夜、今夜、还有任嘉伦的宣夜‼️期待我们的玄豹宣夜2024期待早日与你相见任嘉伦rjlrjlrjl,2023-12-21 18:20
,2023-12-21 18:14
近五年内周生如故 ,2023-12-21 18:11
cycy成毅领衔主演的武侠探案悬疑剧《莲花楼》，真的是看你千遍也不厌倦！,2023-12-21 17:47
刘宇宁宁远舟lyn🍇lyn🌸刘宇宁一念关山lyn🍄lyn🪻🌻🌻感谢刘宇宁塑造了一个这么鲜活有魅力的宁远舟！刘宇宁值得更多赞赏。《一念关山》肯定是，欢迎大家来看《一念关山》🌻🌻,2023-12-21 17:46
唯有任嘉伦小南辰王周生辰,2023-12-21 17:43
陈情令,2023-12-21 17:37
爱伦任他傲游天地间，嘉人喜爱心久伴。伦家可盐又可甜，我愿未来可相见。喜君来与明月现，欢声一片人亦安，你我同心永不变。,2023-12-21 17:33
永恆的山河令⛰️我的心還在皚皚雪山之上,2023-12-21 17:32
什么?男主宣夜是个捉妖师🤠?自己还是个大黑豹?五把宝剑都有不同的反噬功能?🤕打完架突然打瞌睡😴??说谎话会变匹诺曹🤥•᷄ࡇ•᷅，还有一个小 跟 屁 虫灵宠ʕ ᵔᴥᵔ ʔ🐥?想要解锁更多欢迎关注快乐码头无忧渡!且看宣夜如何渡人🤸‍♂️渡妖🤸‍♀️亦渡己✨  什么?男主宣夜是个捉妖师🤠?自己还是个大黑豹?五把宝剑都有不同的反噬功能?🤕打完架突然打瞌睡😴??说谎话会变匹诺曹🤥•᷄ࡇ•᷅，还有一个小 跟 屁 虫灵宠ʕ ᵔᴥᵔ ʔ🐥?想要解锁更多欢迎关注快乐码头无忧渡!且看宣夜如何渡人🤸‍♂️渡妖🤸‍♀️亦渡己✨｜电视剧无忧渡｜任嘉伦无忧渡｜任嘉伦宣夜｜ 🌴🐆🐆🐆,2023-12-21 17:22
陈情令,2023-12-21 17:17
小夭的性格基底在于悲悯与坚韧，洞察世故却不刻薄狭隘，并且，她的这份善良不是平白无故的，而是历经跌宕坎坷之后、有选择性的善良。【杨紫｜麦承欢｜承欢记｜黄瀛子｜要久久爱｜杨紫小夭｜杨紫玟小六｜大王姬｜杨紫长相思｜骆佳｜女缉毒警｜电影猎毒】小夭的性格基底在于悲悯与坚韧，洞察世故却不刻薄狭隘，并且，她的这份善良不是平白无故的，而是历经跌宕坎坷之后、有选择性的善良。【杨紫｜麦承欢｜承欢记｜黄瀛子｜要久久爱｜杨紫小夭｜杨紫玟小六｜大王姬｜杨紫长相思｜骆佳｜女缉毒警｜电影猎毒】,2023-12-21 16:59
,2023-12-21 16:59
,2023-12-21 16:57
我最喜欢（香蜜沉沉烬如霜）中的凤凰，喜欢（晴雅集）中的博雅。邓伦演的太好了，台词功底太优秀了。长相也无比帅气。让我无法忘怀。 ,2023-12-21 16:57
"我想去看看我的月亮，看他一直悬在天上闪闪发光。I want to see my moon, and see it shining in the sky.",2023-12-21 16:54
“倘若爱意有声，那相柳对小夭的爱意必然是震耳欲聋”只有重情重义重爱的相柳，才值得我心中的top1！,2023-12-21 16:53
期待新作流水迢迢，无忧渡，烈焰之武庚纪早日播出，再创佳绩。 ,2023-12-21 16:48
杨紫古装YYDS天乩之白蛇传说白夭夭 香蜜沉沉烬如霜锦觅 长相思玟小六/小夭 每一部每一个角色都是我最爱 期待长相思第二季和国色芳华,2023-12-21 16:41
《香蜜沉沉烬如霜》《沉香如屑》《星汉灿烂》《梦华录》《唐朝诡事录》《琉璃》还有想不起来了，真的都好好看 ,2023-12-21 16:41
我心中的古装top1，檀健次——相柳！无可替代，无人能及！,2023-12-21 16:41
23年已接近尾声，感恩这个冬天最美的遇见～感谢，我结识了那个睿智，有情有义，有责任心，心怀天下且深情的宁远舟～感谢宁远舟，我认识了这个真诚善良，乐观强大且优秀的刘宇宁 23年已接近尾声，感恩这个冬天最美的遇见～感谢，我结识了那个睿智，有情有义，有责任心，心怀天下且深情的宁远舟～感谢宁远舟，我认识了这个真诚善良，乐观强大且优秀的刘宇宁～他的身上有种淡然的强大，管你世间如何污秽不堪，我自污秽中不染一尘～他说：他用了五年时间让大家承认了他歌手的身份，他同样可以再用五年证明他演员的身份～他总是做得比说得多。他完美诠释了那个自泥藻中踏万千血海而来的宁远舟，其实，他与宁远舟何其相似，他懂宁远舟的隐忍，他理解他的无奈，他心疼他的遭遇，他体会的了他的家国大义，兄弟情深～他赋予了宁远舟灵魂，宁远舟给予了他强大的核心精神，他与角色相辅相成，谁也离不开谁～外界无数的谩m，无数的指责，铺天盖地而来，良言一句三冬暖，恶语伤人六月寒～宁哥，你的隐忍让人心疼你要积蓄你的能量，眷顾你的善良，变得勇敢起来。当这个世界越来越坏，我只希望你能越来越好。最后，我想说一念关山是23年我心中的古装天花板，刘宇宁的宁远舟是我认定的男主天花板～～刘宇宁宁远舟刘宇宁燕子京刘宇宁一念关山刘宇宁珠帘玉幕刘宇宁魏劭刘宇宁折腰刘宇宁卓不凡刘宇宁天行健刘宇宁帝林刘宇宁紫川摩登兄弟刘宇宁[虎爪比心]刘宇宁[虎爪比心]宁哥,2023-12-21 16:39
cy最难忘的剧当属爆爆楼，心中的古装剧Top1，剧中的无论是少年得志天下第一的李相夷，还是放下一切救赎他人的李莲花，都演到了观众们的心坎里，暑期唯一网台双爆，口碑热度齐飞！成毅更是凭借对角色的出色诠释成毅南风知我意｜傅云深 cy最难忘的剧当属爆爆楼，心中的古装剧Top1，剧中的无论是少年得志天下第一的李相夷，还是放下一切救赎他人的李莲花，都演到了观众们的心坎里，暑期唯一网台双爆，口碑热度齐飞！成毅更是凭借对角色的出色诠释成毅南风知我意｜傅云深｜狐妖小红娘王权篇｜王权富贵｜莲花楼｜李莲花｜李相夷,2023-12-21 16:37
cycy心中的古装剧Top1，当然是成毅今年的爆剧《莲花楼》啦！当真是极好看的！12月14日起，CCTV-8每天12:30-16:00四集连播古装武侠悬疑探案剧《莲花楼》。12月23日下午14:30贵阳星空影院（恒峰店） 🪷《莲花楼》里江湖见！12月27日起，贵州卫视每晚 cycy心中的古装剧Top1，当然是成毅今年的爆剧《莲花楼》啦！当真是极好看的！12月14日起，CCTV-8每天12:30-16:00四集连播古装武侠悬疑探案剧《莲花楼》。12月23日下午14:30贵阳星空影院（恒峰店） 🪷《莲花楼》里江湖见！12月27日起，贵州卫视每晚19:35播出古装武侠悬疑探案剧《莲花楼》。一起来CCTV-8、贵州卫视、看《莲花楼》，看成毅精彩演绎的李相夷/李莲花，和李莲花成毅一起共赴莲花楼，江湖探案。成毅 南风知我意｜傅云深｜英雄志｜卢云｜狐妖小红娘王权篇｜王权富贵｜莲花楼｜李莲花｜李相夷,2023-12-21 16:34
必须梦华录 ,2023-12-21 16:28
期待刘宇宁的跨年演唱，好多年没看过跨年晚会了，第一次看刘宇宁的表演(✧◡✧),2023-12-21 16:16
我心中的古装top1，那必须是檀健次饰演相柳呀！那是我心中的白月光呀！,2023-12-21 16:10
"他的演技无可挑剔,他的人品善良到了极致,始于颜值,忠于人品,身为一个演员,他做到了演技,颜值,人品共存。成毅｜狐妖小红娘王权篇｜王权富贵｜莲花楼｜李莲花｜李相夷  | 南风知我意 | 傅云深 ",2023-12-21 16:08
刘宇宁宁远舟lyn🍇lyn🌸刘宇宁一念关山lyn🍄lyn🪻🌻🌻感谢刘宇宁塑造了一个这么鲜活有魅力的宁远舟！刘宇宁值得更多赞赏。《一念关山》肯定是，欢迎大家来看《一念关山》🌻🌻 ,2023-12-21 16:07
刘宇宁全网都在找你有点儿事儿说，你什么时候出来直播,2023-12-21 16:04
那必须是幂姐啊！《聊斋》的小倩，《神雕侠侣》的郭襄，《仙剑三》的雪见、夕瑶，《宫》的晴川，《美人心计》的雪鸢，《古剑奇谭》的风晴雪，《三生三世》的白浅，《扶摇》等等，不要太多经典角色！ ,2023-12-21 16:02
刘宇宁宁远舟lyn🍇lyn🌸刘宇宁一念关山lyn🍄lyn🪻🌻🌻感谢刘宇宁塑造了一个这么鲜活有魅力的宁远舟！刘宇宁值得更多赞赏。《一念关山》肯定是，欢迎大家来看《一念关山》🌻🌻 ,2023-12-21 16:01
“当流星划过天际的那一刻，坠落的满天星光都不及你万分.”你是耀眼而璀璨的光𝐘𝐨𝐮 𝐚𝐫𝐞 𝐚 𝐛𝐫𝐢𝐠𝐡𝐭 𝐚𝐧𝐝 𝐬𝐡𝐢𝐧𝐢𝐧𝐠 𝐥𝐢𝐠𝐡𝐭.🎐任嘉伦｜任嘉伦周生如故周生辰｜任嘉 “当流星划过天际的那一刻，坠落的满天星光都不及你万分.”你是耀眼而璀璨的光𝐘𝐨𝐮 𝐚𝐫𝐞 𝐚 𝐛𝐫𝐢𝐠𝐡𝐭 𝐚𝐧𝐝 𝐬𝐡𝐢𝐧𝐢𝐧𝐠 𝐥𝐢𝐠𝐡𝐭.🎐任嘉伦｜任嘉伦周生如故周生辰｜任嘉伦周生如故小南辰王｜任嘉伦周生如故｜✨rjl✨rjl✨rjl✨rjl✨rjl✨,2023-12-21 16:00
长相思第一季很多出圈台词桑甜儿的：“女人不要做依附别人的藤萝，要自立自强”玟小六的：“授人以鱼不如授人以渔”强烈推荐给大家去看，整个剧情格局非常大！，最恢宏的画卷，最动人的故事，最浩大的恩怨，最纠结的爱恨尽在长相思 。长相思第一季很多出圈台词桑甜儿的：“女人不要做依附别人的藤萝，要自立自强”玟小六的：“授人以鱼不如授人以渔”强烈推荐给大家去看，整个剧情格局非常大！，最恢宏的画卷，最动人的故事，最浩大的恩怨，最纠结的爱恨尽在长相思 。,2023-12-21 15:59
,2023-12-21 15:58
rjl在我心中没有比任嘉伦的周生如故更让我长情的古装剧，剧中的经典台词，每一个剧粉基本上都琅琅上口，那个在平行世界的小南辰王，你还好么,2023-12-21 15:53
哇偶 宁哥在哪跨年 俺就在哪,2023-12-21 15:53
"古装天花板任嘉伦每部戏都是TOP1, 《大唐荣耀》《锦衣之下》《周生如故》部部经典，明年还有有三部头部大戏!权谋《流水迢迢》，男频《武庚纪》，悬疑探案《无忧渡》，谁能逃得过任嘉伦的古装!",2023-12-21 15:48
刘宇宁宁远舟lyn🍇lyn🌸刘宇宁一念关山lyn🍄lyn🪻🌻🌻感谢刘宇宁塑造了一个这么鲜活有魅力的宁远舟！刘宇宁值得更多赞赏。《一念关山》肯定是，欢迎大家来看《一念关山》🌻🌻 ,2023-12-21 15:46
在我这儿，只要《流水迢迢》没来，Top1永远是周生辰的。千载长安，周生如故，卫昭来了再说,2023-12-21 15:44
就宁远舟噢，他这个人设，感觉就是个天花板了，听我唠唠～～1️⃣忠诚但不愚忠，忠君但也怼wudi～2️⃣有底线有原则，迫使andi坦白己罪但不杀andi～3️⃣心中大义为先，干啥想啥做啥决定，都先考虑的是百姓，先人后己，就超有人格 就宁远舟噢，他这个人设，感觉就是个天花板了，听我唠唠～～1️⃣忠诚但不愚忠，忠君但也怼wudi～2️⃣有底线有原则，迫使andi坦白己罪但不杀andi～3️⃣心中大义为先，干啥想啥做啥决定，都先考虑的是百姓，先人后己，就超有人格魅力还不个人英雄主yi～4️⃣知世故而不世故，就，他的智商能准确识别朝政腌臜并避免，能跟给自己喂毒药的讨厌鬼共处，就感觉有些高尚，然后还很尊重女性，就难得～5️⃣见多识广而深情，宁头啥没见过，从抗拒到沉溺，然后变成唯一，，，总之这样的设定，，编剧导演真的很阔以。。😘🎈然后，说说我为啥沉溺：1️⃣喜欢宁头人设，人格魅力，会觉得当他手下的女提及也很好，有追求，有前途～2️⃣宁头好看啊，长得高，还帅，手还好看，声音还好听，，，当路人，做朋友，都很好啊～3️⃣想成为宁远舟，想也能潇洒恣意，也能坚定自己多好～,2023-12-21 15:43
就宁远舟噢，他这个人设，感觉就是个天花板了，听我唠唠～～1️⃣忠诚但不愚忠，忠君但也怼wudi～2️⃣有底线有原则，迫使andi坦白己罪但不杀andi～3️⃣心中大义为先，干啥想啥做啥决定，都先考虑的是百姓，先人后己，就超有人格 就宁远舟噢，他这个人设，感觉就是个天花板了，听我唠唠～～1️⃣忠诚但不愚忠，忠君但也怼wudi～2️⃣有底线有原则，迫使andi坦白己罪但不杀andi～3️⃣心中大义为先，干啥想啥做啥决定，都先考虑的是百姓，先人后己，就超有人格魅力还不个人英雄主yi～4️⃣知世故而不世故，就，他的智商能准确识别朝政腌臜并避免，能跟给自己喂毒药的讨厌鬼共处，就感觉有些高尚，然后还很尊重女性，就难得～5️⃣见多识广而深情，宁头啥没见过，从抗拒到沉溺，然后变成唯一，，，总之这样的设定，，编剧导演真的很阔以。。😘🎈然后，说说我为啥沉溺：1️⃣喜欢宁头人设，人格魅力，会觉得当他手下的女提及也很好，有追求，有前途～2️⃣宁头好看啊，长得高，还帅，手还好看，声音还好听，，，当路人，做朋友，都很好啊～3️⃣想成为宁远舟，想也能潇洒恣意，也能坚定自己多好～,2023-12-21 15:42
一念关山 ,2023-12-21 15:42
神的爱情从希腊开始，我的爱情从你开始,2023-12-21 15:35
刘宇宁，你什么时候出来直播？我好想看你直播想哭了,2023-12-21 15:33
cy从仙侠到武侠到古装群像剧，《琉璃》、《与君歌》、《沉香如屑》、《莲花楼》，三年三爆，成毅的古装剧都是精品，都是top，不分伯仲,2023-12-21 15:28
长月烬明YYDS ,2023-12-21 15:25
允许自己做自己，允许别人做别人前方更值得期待,2023-12-21 15:25
,2023-12-21 15:21
宁远舟就是我这么多年看过的所有电视剧里边儿的男主人设天花板。刘宇宁你和宁远舟的适配度极高，你就是宁远舟本人，不敢想象你的未来高度会有多么的高,2023-12-21 15:19
一念关山——宁远舟,2023-12-21 15:18
当然是宁远舟一念关山啦 ,2023-12-21 15:14
魏侯没出来之前，宁远舟在我这就是古装最吊的有微博之夜的地方就有刘宇宁我可太喜欢了，哈哈哈哈哈哈哈king👉🏻刘宇宁星光Race👉🏻刘宇宁剧集👉🏻一念关山歌曲👉🏻奉上💥💥💥💥💥💥💥💥💥魏侯没出来之前，宁远舟在我这就是古装最吊的有微博之夜的地方就有刘宇宁我可太喜欢了，哈哈哈哈哈哈哈king👉🏻刘宇宁星光Race👉🏻刘宇宁剧集👉🏻一念关山歌曲👉🏻奉上💥💥💥💥💥💥💥💥💥｜｜,2023-12-21 15:12
我就爱刘宇宁的战损装，实在太帅了,2023-12-21 15:12
,2023-12-21 15:02
古装剧，最好看的是《香蜜沉沉烬如霜》和《晴雅集》。最喜欢的角色是邓伦凤凰和邓伦博雅。邓伦演技精湛，台词功底过硬，形象气质吸引人。看邓伦演戏能引起观众的共鸣。很优秀的实力演员。 ,2023-12-21 15:00
,2023-12-21 14:55
先干为敬！,2023-12-21 14:53
,2023-12-21 14:51
我心中的古装ToP1当然是邓伦的《香蜜沉沉烬如霜》。邓伦的凤凰演的太好了，让人百看不厌，无法忘怀。 ,2023-12-21 14:49
刘亦菲演的古装我都爱！ ,2023-12-21 14:48
百里屠苏古装天花板 ,2023-12-21 14:48
陈情令,2023-12-21 14:38
除了长相思小夭，再找不到别的剧让我如此着迷！期待长相思第二季！【杨紫国色芳华 | 杨紫何惟芳 | 杨紫承欢记 |  杨紫麦承欢| 杨紫要久久爱 | 杨紫黄瀛子 | 杨紫长相思｜杨紫小夭｜杨紫玟小六 | 杨紫猎毒 | 杨紫骆佳  |  杨紫女心理师| 杨紫贺顿】 除了长相思小夭，再找不到别的剧让我如此着迷！期待长相思第二季！【杨紫国色芳华 | 杨紫何惟芳 | 杨紫承欢记 |  杨紫麦承欢| 杨紫要久久爱 | 杨紫黄瀛子 | 杨紫长相思｜杨紫小夭｜杨紫玟小六 | 杨紫猎毒 | 杨紫骆佳  |  杨紫女心理师| 杨紫贺顿】,2023-12-21 14:35
还是忘不了凤凰 ,2023-12-21 14:31
..⛩️ 什么风都会过去⛩️ 而小南辰王自带的风会留下印记⛩️ 因为～那是浑然天成的酝酿🌹...,2023-12-21 14:26
就这段哭戏看得我泪崩不是唯美哭戏才叫哭戏扣动人心的哭戏，才是哭戏能让人共鸣的哭才最打动人就这段哭戏看得我泪崩不是唯美哭戏才叫哭戏扣动人心的哭戏，才是哭戏能让人共鸣的哭才最打动人,2023-12-21 14:24
江湖行，行赏几载春秋，春秋浩盛俪辞时。红尘繁，繁复无涯爱恨，爱恨唐皇一人纳。水龙吟，吟啸万里江山，江山狐黠股掌中。恭喜解锁新角色唐俪辞，期待一番大男主S+大剧《水龙吟 江湖行，行赏几载春秋，春秋浩盛俪辞时。红尘繁，繁复无涯爱恨，爱恨唐皇一人纳。水龙吟，吟啸万里江山，江山狐黠股掌中。恭喜解锁新角色唐俪辞，期待一番大男主S+大剧《水龙吟》！,2023-12-21 14:23
一念关山假如爱有天意怜幽草，草长莺飞恋宇宁，凡尘俗世多分扰唯有宇宁最牢靠，你是明珠散光辉照亮尘世灰，一生所爱与宁同行。 ,2023-12-21 14:22
🍓|🍓|摩登兄弟刘宇宁2024年生日献礼 ➫刘宇宁专属祝老大生日快樂.一定會越來越好.身體健康.天天開開心心.大紅大紫.工作顺順利利刘宇宁一念关山 🍓|🍓|摩登兄弟刘宇宁2024年生日献礼 ➫刘宇宁专属祝老大生日快樂.一定會越來越好.身體健康.天天開開心心.大紅大紫.工作顺順利利刘宇宁一念关山🍓|刘宇宁珠帘玉幕🍓|刘宇宁魏劭🍓|刘宇宁折腰🍓|刘宇宁卓不凡🍓|刘宇宁天行健🍓|刘宇宁帝林🍓|刘宇宁紫川🍓|摩登兄弟刘宇宁[虎爪比心]刘宇宁[虎爪比心]宁哥[虎爪比心]棚主[虎爪比心]lyn,2023-12-21 14:22
白头如新俯人世，倾盖如故仰慧心。侠客岂能避世行，浩汤快意共奔流。仰止高山勘疑案，虚妄相中虚妄世。依别郎君何日逢，江心月上江心白。期待江心白驰骋《颜心记》，世情百态中 白头如新俯人世，倾盖如故仰慧心。侠客岂能避世行，浩汤快意共奔流。仰止高山勘疑案，虚妄相中虚妄世。依别郎君何日逢，江心月上江心白。期待江心白驰骋《颜心记》，世情百态中以不变真心算无遗策,2023-12-21 14:22
🍓|🍓|摩登兄弟刘宇宁2024年生日献礼 ➫刘宇宁专属祝老大生日快樂.一定會越來越好.身體健康.天天開開心心.大紅大紫.工作顺順利利刘宇宁一念关山🍓|刘 🍓|🍓|摩登兄弟刘宇宁2024年生日献礼 ➫刘宇宁专属祝老大生日快樂.一定會越來越好.身體健康.天天開開心心.大紅大紫.工作顺順利利刘宇宁一念关山🍓|刘宇宁珠帘玉幕🍓|刘宇宁魏劭🍓|刘宇宁折腰🍓|刘宇宁卓不凡🍓|刘宇宁天行健🍓|刘宇宁帝林🍓|刘宇宁紫川🍓|摩登兄弟刘宇宁[虎爪比心]刘宇宁[虎爪比心]宁哥[虎爪比心]棚主[虎爪比心]lyn,2023-12-21 14:20
云淡风轻，淡不去对你的思念。白云苍狗，带不走有你的流年。,2023-12-21 14:19
愿你成为自己喜欢的样子：不抱怨，不将就，有自由，有光芒。,2023-12-21 14:17
lynlynlyn真诚是永远的必杀技，你的努力真诚有目共睹！愿你梦的远方，温暖可向；愿你所到之处，遍地阳光；愿你被这世界，温柔以待。刘宇宁燕子京❤️刘宇宁珠帘玉幕❤️刘宇宁魏劭❤️刘宇宁折腰❤️刘宇宁宁远舟❤️刘宇宁 lynlynlyn真诚是永远的必杀技，你的努力真诚有目共睹！愿你梦的远方，温暖可向；愿你所到之处，遍地阳光；愿你被这世界，温柔以待。刘宇宁燕子京❤️刘宇宁珠帘玉幕❤️刘宇宁魏劭❤️刘宇宁折腰❤️刘宇宁宁远舟❤️刘宇宁一念关山❤️刘宇宁卓不凡❤️刘宇宁天行健❤️刘宇宁帝林❤️刘宇宁紫川❤️刘宇宁宝曼兰朵卓韵代言人❤️刘宇宁纪梵希彩妆代言人❤️刘宇宁巴黎欧莱雅美发代言人❤️刘宇宁巴黎欧莱雅护肤代言人❤️刘宇宁纯甄品牌代言人,2023-12-21 14:17
武侠03天龙、仙侠仙剑奇侠传近几年的话梦华录已经很多年没出现我爱的武侠和仙侠世界了 ,2023-12-21 14:17
百里屠苏yyds,2023-12-21 14:16
那绝对是一念关山啦！宁远舟古装男主天花板,2023-12-21 14:15
期待英雄志！期待成毅的卢云！ ,2023-12-21 14:15
你之于我，是向往，是希望，是不顾一切要到达的远方。,2023-12-21 14:13
周生如故    周生辰锦衣之下    陆绎无忧渡       宣夜流水迢迢    卫昭任嘉伦主演,2023-12-21 14:12
我在风中等你，你迎风而来，你在雾中等我，我拨开云幕。,2023-12-21 14:11
勘虚像者，浮屠三千了然过客；知我心者，泼墨入江东方既白。世人莫问悲欢悬案，踪迹铭心间；傲骨江郎叩击往事，惊才绝如故。期待江心白驰骋《颜心记》，世情百态中以不变真心算 勘虚像者，浮屠三千了然过客；知我心者，泼墨入江东方既白。世人莫问悲欢悬案，踪迹铭心间；傲骨江郎叩击往事，惊才绝如故。期待江心白驰骋《颜心记》，世情百态中以不变真心算无遗策,2023-12-21 14:09
五行为道生混沌，独步天人惊貌。游龙驰骋，银狐睥睨，俪辞年少。试策江湖，人心尽掌，生机莫料。纵横门派中，神佛若恼，凭他去、我独傲。恭迎唐俪辞吟啸武林，期待一番大男主剧 五行为道生混沌，独步天人惊貌。游龙驰骋，银狐睥睨，俪辞年少。试策江湖，人心尽掌，生机莫料。纵横门派中，神佛若恼，凭他去、我独傲。恭迎唐俪辞吟啸武林，期待一番大男主剧《水龙吟》震烁九天！,2023-12-21 14:09
如焰心，心炙渴爱红尘生。如水龙，龙衍天下乾坤起。如俪辞，辞行江湖爱恨浓。玄妙人世，作我眉眼。万般侠情，为我所用。水龙一啸，舍我其谁？恭喜解锁新角色唐俪辞，期待一番大 如焰心，心炙渴爱红尘生。如水龙，龙衍天下乾坤起。如俪辞，辞行江湖爱恨浓。玄妙人世，作我眉眼。万般侠情，为我所用。水龙一啸，舍我其谁？恭喜解锁新角色唐俪辞，期待一番大男主S+大剧《水龙吟》！,2023-12-21 14:07
一念关山宁远舟，再见，期待老大的下一部男主剧,2023-12-21 14:04
庭前雪一片一片一片下不停念着你一颦一笑一时不愿醒策马人间四季 怎将你相迎,2023-12-21 14:04
今年的古装剧Top1当然是长相思第一季啦2022年沉香如屑·沉香重华2018年香蜜沉沉烬如霜杨紫是剧的品质保障 品质演员杨紫 年度电视剧演员 top花 爆剧花杨紫,2023-12-21 14:01
,2023-12-21 13:59
一招一式行云流水，干净飒爽，侠气与力量感冲破苍穹天下无双！我战神天花板！ ,2023-12-21 13:56
陈情令,2023-12-21 13:56
周生如故  周生辰锦衣之下  陆绎真的太帅了任嘉伦主演,2023-12-21 13:54
纯古装那肯定梦华录，纯仙侠那肯定仙剑奇侠传，纯武侠那肯定神雕侠侣,2023-12-21 13:52
狐狸仙啧啧啧啧啧啧啧啧小葡萄的可爱深入人心啊,2023-12-21 13:50
那必须是《一念关山》。还有感谢台湾棚友的应援，刘宇宁的战损真的好帅。,2023-12-21 13:48
🎄任嘉伦，天选古人，各平台公认的古装天花板，无论是《大唐荣耀》、《锦衣之下》，还是《周生如故》，部部经典。期待的新剧悬疑探案《无忧渡》，热血男频《烈焰之武庚纪》，江湖权谋《流水迢迢》~⚡⚡#任嘉伦流水迢迢 🎄任嘉伦，天选古人，各平台公认的古装天花板，无论是《大唐荣耀》、《锦衣之下》，还是《周生如故》，部部经典。期待的新剧悬疑探案《无忧渡》，热血男频《烈焰之武庚纪》，江湖权谋《流水迢迢》~⚡⚡⚡,2023-12-21 13:48
一念关山一念关山,2023-12-21 13:44
"cql我心中的古装剧top1,永远的战羡博机！永远的无羁！ ",2023-12-21 13:44
《周生如故》我的古装剧天花板！！！周生辰 我永远的白月光 ,2023-12-21 13:43
无论是在媒体还是各路前辈口中，一直都是那个肯吃苦钻研，努力认真对待自己的工作的优秀演员和歌手！真诚的人永远值得收获更多鲜花和掌声，期待未来带来更多好的作品。lyn,2023-12-21 13:42
莲花楼最爱，沉香如屑第二，其他没看不知道 ,2023-12-21 13:37
xz数载风云，浮沉多少，寒薇仍有千千结。玉骨作契，空桑时影❤️,2023-12-21 13:36
老大老大 ,2023-12-21 13:36
☾˚‧º· 𝓖𝓸𝓸𝓭 𝓝𝓲𝓰𝓱𝓽 ☾˚‧º·世界上最好的保鲜就是不断进步努力让自己成为更好的人这比什么都重要。 ,2023-12-21 13:36
&被你的可爱咬一口，灵魂都失重,2023-12-21 13:35
老大当之无愧的第一,2023-12-21 13:34
"陈情令！绝对的top1,永远留在了2019！永远的夏天！ ",2023-12-21 13:33
这个很好回答当然是长月烬明，n刷的剧很上头让你不能快进，怕错过一个任何一个剧情！罗云熙的演绎让你的情绪跟着他的走！他喜你喜他悲你悲！,2023-12-21 13:29
刘宇宁宁远舟 | 刘宇宁燕子京 |摩登兄弟刘宇宁 | 刘宇宁 | 宁哥 | 棚主  | lyn不是我喜欢的样子你都有，而是你所有的样子我都喜欢。愿有生之年，只诉温暖不言殇，倾心相遇，安暖相陪刘宇宁一念关山刘宇宁宁远舟 | 刘宇宁燕子京 |摩登兄弟刘宇宁 | 刘宇宁 | 宁哥 | 棚主  | lyn不是我喜欢的样子你都有，而是你所有的样子我都喜欢。愿有生之年，只诉温暖不言殇，倾心相遇，安暖相陪刘宇宁一念关山刘宇宁珠帘玉幕刘宇宁魏劭刘宇宁折腰刘宇宁紫川刘宇宁帝林刘宇宁卓不凡刘宇宁天行健,2023-12-21 13:27
新的一天已经开始，爱刘宇宁的脚步不会停止。愿我们都能朝着光，坚定不移地奔向梦想。 ,2023-12-21 13:27
刘宇宁宁远舟 | 刘宇宁燕子京 |摩登兄弟刘宇宁 | 刘宇宁 | 宁哥 | 棚主  | lyn不是我喜欢的样子你都有，而是你所有的样子我都喜欢。愿有生之年，只诉温暖不言殇，倾心相遇，安暖相陪刘宇宁一念关山刘宇宁宁远舟 | 刘宇宁燕子京 |摩登兄弟刘宇宁 | 刘宇宁 | 宁哥 | 棚主  | lyn不是我喜欢的样子你都有，而是你所有的样子我都喜欢。愿有生之年，只诉温暖不言殇，倾心相遇，安暖相陪刘宇宁一念关山刘宇宁珠帘玉幕刘宇宁魏劭刘宇宁折腰刘宇宁紫川刘宇宁帝林刘宇宁卓不凡刘宇宁天行健,2023-12-21 13:26
刘宇宁宁远舟｜｜刘宇宁一念关山｜,2023-12-21 13:22
金鸡奖官方采访来啦！现身并接受专访，分享电影《无名》的幕后故事，来听一听他如何评价自己的表演吧！,2023-12-21 13:21
。。我们要 fall in love fall in love～At this moment～那所有的快乐～都专属于你～,2023-12-21 13:21
任嘉伦的古装剧呀！部部精品，长尾牛 大唐荣耀，锦衣之下，周生如故，每个角色都让剧粉念念不忘爱奇艺无忧渡，武庚纪，腾讯流水迢迢搞快点,2023-12-21 13:21
早上起来活动活动筋骨，和一起跳个舞吧,2023-12-21 13:19
《凤囚凰》《知否》《楚乔传》,2023-12-21 13:19
||还有这么多角色等着我了解你，你的过去我没有参与，你的以后我肯定会紧随，因为你刘宇宁就是我刘宇宁一念关山刘宇宁珠帘玉幕刘宇宁魏劭刘宇宁折腰刘宇宁卓不凡刘宇宁天行健刘宇宁帝林 ||还有这么多角色等着我了解你，你的过去我没有参与，你的以后我肯定会紧随，因为你刘宇宁就是我刘宇宁一念关山刘宇宁珠帘玉幕刘宇宁魏劭刘宇宁折腰刘宇宁卓不凡刘宇宁天行健刘宇宁帝林刘宇宁紫川摩登兄弟刘宇宁[虎爪比心]刘宇宁[虎爪比心]宁哥[虎爪比心]棚主[虎爪比心]lyn,2023-12-21 13:19
就是那句从来也没想过喝酒，淘汰了，喝点吧。我怎么看着看着就哭了呢……你说的好轻松，可是我已经想到了当时的心酸和难过，好心疼啊，一路走来，真的很不容易，我好心疼，都过去了，都过去了,2023-12-21 13:18
邓伦旭凤永远的top,2023-12-21 13:18
当然是已经四刷的《莲花楼》了… ,2023-12-21 13:18
甄嬛传 ,2023-12-21 13:17
刘宇宁演的宁远舟就是我心目中一直想找的完美男人，目前我看过的的所有影视作品里最完美的古装top1,2023-12-21 13:17
长月烬明，吾主俯视蝼蚁。 ,2023-12-21 13:16
我们最爱的宁宝让我们心中所向！,2023-12-21 13:16
春光不及你温柔，星辰不及月上楼 ,2023-12-21 13:15
挺多的，从踹我入坑的《锦衣之下》，到绝世大甜剧《周生如故》，还有一直期待的《流水迢迢》《烈焰之武庚纪》《无忧渡》……你真是自己跟自己比啊…… ,2023-12-21 13:13
必须是一念关山，今年追的唯一一部剧，也追对了，主演演技很棒，刘宇宁让人经验，加油，你的努力配得上现在的荣誉 ,2023-12-21 13:12
少包1 ,2023-12-21 13:12
期待新作流水迢迢，无忧渡，烈焰之武庚纪早日播出，再创佳绩。 ,2023-12-21 13:11
🌻🌻2023必须是一念关山,2023-12-21 13:10
..刘宇宁宁远舟刘宇宁一念关山宁远舟宁远舟宁远舟一念关山刘宇宁宁远舟刘宇宁一念关山lyn,2023-12-21 13:10
一念关山 ,2023-12-21 13:09
高马尾，银面具，干净利落的打戏，任嘉伦流水迢迢赶紧播，🐧你抓紧。,2023-12-21 13:06
🌚热门提名的那几部剧都挺难评的，原来就我在纠结到底是《三国演义》还是《琅琊榜》嘞,2023-12-21 13:06
任嘉伦《锦衣之下》，我永远的白月光任嘉伦《周生如故》，周生辰已经成为一种情绪超级期待任嘉伦的待播剧《无忧渡》《烈焰之武庚纪》《流水迢迢》,2023-12-21 13:06
一念关山网络有分析老大是可以离开娱乐圈也可以挣到他身价的钱的男明星他十分爱护自己的羽毛身正刘宇宁大红大紫宇宙无敌超级小狼狗,2023-12-21 13:06
【】金鸡奖官方采访来啦！现身并接受专访，分享电影《无名》的幕后故事，来听一听他如何评价自己的表演吧！,2023-12-21 13:06
刘宇宁是最帅的,2023-12-21 13:04
山河令无可替代，天选的张哲瀚和龚俊，最好的温周之恋，是我唯一一部连配角老师、导演、制片人都记住了名字的电视剧！！！ ,2023-12-21 13:04
是我们的凤凰啊，一眼万年,2023-12-21 13:02
最好的刘宇宁 ,2023-12-21 13:01
一直相信，阴影也是可以很美，因为那是光的赐予 ,2023-12-21 13:00
|||刘宇宁宁远舟刘宇宁燕子京最好的总会在最不经意时出现，你就是最好的宁哥刘宇宁一念关山刘宇宁珠帘玉幕刘宇宁魏劭刘宇宁折腰刘 |||刘宇宁宁远舟刘宇宁燕子京最好的总会在最不经意时出现，你就是最好的宁哥刘宇宁一念关山刘宇宁珠帘玉幕刘宇宁魏劭刘宇宁折腰刘宇宁卓不凡刘宇宁天行健刘宇宁帝林刘宇宁紫川摩登兄弟刘宇宁[虎爪比心]刘宇宁[虎爪比心]宁哥[虎爪比心]棚主[虎爪比心]lyn,2023-12-21 13:00
杨紫的古装剧都是精品中的精品，你喜欢的类型我们都有。今年长相思自我救赎的小夭实力第一，心中最佳！,2023-12-21 13:00
这个世界乱糟糟的，而你干干净净，悬在心上，做我的月亮。 ,2023-12-21 12:59
陈情令首位 ,2023-12-21 12:58
世人皆论你风趣幽默 却未曾见你手捧星辰和我们双向奔赴 ,2023-12-21 12:58
这就不得不放出我的天下第一李相夷了,2023-12-21 12:55
🦊🦊我的古装NO.1是长月烬明。当然，以后会有更多，比如罗云熙的新剧。 ,2023-12-21 12:51
|时影好俊秀，每一个角度都如此好看完美,2023-12-21 12:50
承蒙时光不弃，感谢每个阶段的自己，愿所有的美好和期待都能如约而至。,2023-12-21 12:48
香蜜呀“天道毕，日月俱，出窈窈，入冥冥，  魑魅魍魉，皆消亡。”爱明媚赤诚的凤凰，随旭凤斩妖除魔！dldl,2023-12-21 12:47
,2023-12-21 12:46
不忍看你哭，可我又这么喜欢你的哭～我怎么会这么分裂和bt～｜｜｜,2023-12-21 12:46
好好好👌🏻时光从来不语但回答了所有问题一定会🔥会让更多的人知道 ,2023-12-21 12:40
个人觉得是周生如故，这部剧看了心里很堵，没有大开大合的表演，确总让人念念不忘，再看再甜都是刀,2023-12-21 12:40
刘宇宁刘宇宁你是最棒了 ,2023-12-21 12:38
刘宇宁永远是我心中的NO.1,2023-12-21 12:37
阿诗勒隼yyds ,2023-12-21 12:36
唯有山河令,2023-12-21 12:36
必须是的凤凰呀！只因看了你一眼，今天已绑定！ ,2023-12-21 12:35
宁大人和如意终于拜了天地，还好，小分队有人去观礼了。。。 ,2023-12-21 12:34
宜古宜今的演技派实力演员//:一人千面的钟汉良期待,2023-12-21 12:34
"終於知道怎形容男生的眼睛，“爛爛如巖下電”,""目中有火，面上有光"",就是寧遠舟 ",2023-12-21 12:33
仙剑奇侠传三,2023-12-21 12:33
必须是龚俊，因为温客行垂直入坑，后来发现真的好帅好帅，白月光朱砂痣,2023-12-21 12:32
无人能撼动任嘉伦古装剧在我心中的地位期待他的新作品播出 ,2023-12-21 12:32
任嘉伦的古装剧呀。《锦衣之下》，陆绎眼神开车出圈。《周生如故》，BE美学天花板。任嘉伦还有三部待播古装剧，志怪捉妖题材《无忧渡》，漫改热血男频《烈焰之武庚纪》，古装权谋大剧《流水迢迢》～时光如“流水”，奔流见明天～  任嘉伦的古装剧呀。《锦衣之下》，陆绎眼神开车出圈。《周生如故》，BE美学天花板。任嘉伦还有三部待播古装剧，志怪捉妖题材《无忧渡》，漫改热血男频《烈焰之武庚纪》，古装权谋大剧《流水迢迢》～时光如“流水”，奔流见明天～,2023-12-21 12:31
。。刘宇宁宁远舟、刘宇宁燕子京、刘宇宁珠帘玉幕、刘宇宁魏劭、刘宇宁折腰、刘宇宁一念关山、刘宇宁卓不凡、刘宇宁天行健、刘宇宁帝林、刘宇宁紫川你要记得，无论如何，都要守住自己的本心。你想要的，我都会给你，但前提是，你 。。刘宇宁宁远舟、刘宇宁燕子京、刘宇宁珠帘玉幕、刘宇宁魏劭、刘宇宁折腰、刘宇宁一念关山、刘宇宁卓不凡、刘宇宁天行健、刘宇宁帝林、刘宇宁紫川你要记得，无论如何，都要守住自己的本心。你想要的，我都会给你，但前提是，你要先学会放下。,2023-12-21 12:31
,2023-12-21 12:31
愿那个鲜衣怒马的少年郎，永远走在开满鲜花的路上 ,2023-12-21 12:30
🌿🌿刘宇宁宁远舟🌊 刘宇宁燕子京💎摩登兄弟刘宇宁刘宇宁棚主宁哥lyn✨至少五年没有追过古装剧了，没想到是这样刺激的追剧体验，能参与你的经历，我很开心。✨刘宇宁一念关山🌸🍃刘宇宁 🌿🌿刘宇宁宁远舟🌊 刘宇宁燕子京💎摩登兄弟刘宇宁刘宇宁棚主宁哥lyn✨至少五年没有追过古装剧了，没想到是这样刺激的追剧体验，能参与你的经历，我很开心。✨刘宇宁一念关山🌸🍃刘宇宁珠帘玉幕🍃🌸刘宇宁魏劭🍃🌸刘宇宁折腰🍃🌸刘宇宁卓不凡🍃🍃刘宇宁天行健🍃🌸刘宇宁帝林🍃🌸刘宇宁紫川 🌸,2023-12-21 12:30
《仙剑奇侠传3》《宫锁心玉》，还有《古剑奇谭》，《三生三世十里桃花》《扶摇》，女主都是杨幂。,2023-12-21 12:27
这肯定提名杨幂啊！杨幂的古装剧谁没看过！期待杨幂后续的狐妖小红娘月红篇,2023-12-21 12:26
|淡淡的妆容，素雅的景致，人和景完美的融合在一起，真就文人雅士，仙风道骨,2023-12-21 12:24
一定是香蜜沉沉烬如霜，邓伦扮相俊美硬朗，他的演技出类拔萃，为观众呈现出一个鲜活、立体的凤凰人物形象。,2023-12-21 12:23
dl邓伦优秀唯爱凤凰,2023-12-21 12:22
一部神剧 ,2023-12-21 12:20
任嘉伦的古装剧每部都很惊艳。 ,2023-12-21 12:20
有一说一一念关山真的是23年里可圈可点的剧啦！||刘宇宁宁远舟刘宇宁燕子京刘宇宁一念关山刘宇宁珠帘玉幕刘宇宁魏劭刘宇宁 有一说一一念关山真的是23年里可圈可点的剧啦！||刘宇宁宁远舟刘宇宁燕子京刘宇宁一念关山刘宇宁珠帘玉幕刘宇宁魏劭刘宇宁折腰刘宇宁卓不凡刘宇宁天行健,2023-12-21 12:19
一念关山 ,2023-12-21 12:19
超棒！！！,2023-12-21 12:18
梦华录，打分人数八十几万，可怕地、破圈的爆 ,2023-12-21 12:17
,2023-12-21 12:17
永远的山河令❤️💙，yyds。 ,2023-12-21 12:16
现在的陈情令！早年的翁美玲版的射雕英雄传和古天乐版的圆月弯刀！,2023-12-21 12:16
杨幂演的每部古装仙侠剧在我心中都均为top1出品就为封神杰作，可爱灵动最为讨人喜欢众多经典需细品观赏,2023-12-21 12:16
这几年唯一不开倍速追的一部剧 《一念关山》,2023-12-21 12:14
陈情令,2023-12-21 12:13
#心中的古装剧Top1愿家国平安！🍓刘宇宁燕子京 | 刘宇宁珠帘玉幕 |🦅刘宇宁魏劭 | 刘宇宁折腰 |🍓刘宇宁宁远舟 | 刘宇宁一念关山 |🦅刘宇宁卓不凡 | 刘宇宁天行健 |🍓刘宇宁帝林 | 刘宇宁紫川 |▽ 摩登兄弟刘宇宁  𝓜𝓭𝔁𝓭   刘 #心中的古装剧Top1愿家国平安！🍓刘宇宁燕子京 | 刘宇宁珠帘玉幕 |🦅刘宇宁魏劭 | 刘宇宁折腰 |🍓刘宇宁宁远舟 | 刘宇宁一念关山 |🦅刘宇宁卓不凡 | 刘宇宁天行健 |🍓刘宇宁帝林 | 刘宇宁紫川 |▽ 摩登兄弟刘宇宁  𝓜𝓭𝔁𝓭   刘宇宁  𝓛𝓎𝓃宁哥─── ℒℴѵℯ·感恩遇见宁新的一天开始了，愿老大幸福如意,2023-12-21 12:12
一念关山啊！！！！！没有代餐！！ ,2023-12-21 12:11
最好的老大，你只需要努力向前走，我们会一直追上！,2023-12-21 12:11
：现在喝酒的每一个借口之一 都是为了庆祝刘宇宁越来越好…,2023-12-21 12:10
转载侵权删,2023-12-21 12:10
//://://://:,2023-12-21 12:07
王昭君如姬莫雪鸢 ,2023-12-21 12:06
这是部好剧，适合男性看，学剧里如何尊重女性，如何担当，负起该负的责任，国家大义；适合女性看，学会如何思想独立，人格独立，懂得如何选择好的爱人；适合孩子们看，看到团队精神，看清现在的和平盛世是多少先辈们浴血奋战，用生命换来的，懂得珍惜当下。一 这是部好剧，适合男性看，学剧里如何尊重女性，如何担当，负起该负的责任，国家大义；适合女性看，学会如何思想独立，人格独立，懂得如何选择好的爱人；适合孩子们看，看到团队精神，看清现在的和平盛世是多少先辈们浴血奋战，用生命换来的，懂得珍惜当下。一念关山实在是一部好剧，它值得在更多平台播出，让更多人看到。,2023-12-21 12:05
陈情令,2023-12-21 12:05
第一反应仙剑 ,2023-12-21 12:04
任嘉伦，非他莫属啊,2023-12-21 12:01
近几年一念关山最好看，剧情最好，男女主跟六道堂印象深刻，可以反复看的都是好剧。这部剧就可以反复刷，以前反复看的只有甄嬛传锦绣未央，这回多了一念关山。刘宇宁棒棒哒，刘宇宁天生吃演员这个饭的人。 近几年一念关山最好看，剧情最好，男女主跟六道堂印象深刻，可以反复看的都是好剧。这部剧就可以反复刷，以前反复看的只有甄嬛传锦绣未央，这回多了一念关山。刘宇宁棒棒哒，刘宇宁天生吃演员这个饭的人。刘宇宁宁远舟都是苦命人,2023-12-21 12:01
好白哦不好帅摩登兄弟刘宇宁✨刘宇宁✨lyn✨宁哥✨棚主🎵🎵🎵🎵🎵🎵🎵 好白哦不好帅摩登兄弟刘宇宁✨刘宇宁✨lyn✨宁哥✨棚主🎵🎵🎵🎵🎵🎵🎵,2023-12-21 12:01
我喜欢仙剑三 ,2023-12-21 11:59
少年人 应不负天真衣衫褴褛快意身风波沉 手上剑犹温赴世间 疏狂纵平生任我 白云苍狗明月折眉峰任我 沧海平川一骑俠气九州同此行 孤身匆匆杀尽樊笼为何而相逢賜我飘零魂换我笑天公………《宿命相逢》热血坚定的曲调与钟 少年人 应不负天真衣衫褴褛快意身风波沉 手上剑犹温赴世间 疏狂纵平生任我 白云苍狗明月折眉峰任我 沧海平川一骑俠气九州同此行 孤身匆匆杀尽樊笼为何而相逢賜我飘零魂换我笑天公………《宿命相逢》热血坚定的曲调与钟汉良充满穿透力的嗓音完美融合！豪情壮志生动诠释！《逆水寒》顾惜朝二十年弹指一挥间，故人依旧，悲欢与共！1.13在南京再相遇！🍀🍀zhl🌷感谢,2023-12-21 11:59
必须得是莲花楼呀！成毅演的李相夷走路带风，眼角眉梢都是肆意的潇洒，他放纵不羁，桀骜难驯。后来李莲花孤身一人，隐匿人间，肩背消瘦，气质清冷，不再有放肆的开怀和凌云的少年意气。成毅真的演出来了岁月悠长，山河无恙，出走半生的悠悠之感！李莲花和 必须得是莲花楼呀！成毅演的李相夷走路带风，眼角眉梢都是肆意的潇洒，他放纵不羁，桀骜难驯。后来李莲花孤身一人，隐匿人间，肩背消瘦，气质清冷，不再有放肆的开怀和凌云的少年意气。成毅真的演出来了岁月悠长，山河无恙，出走半生的悠悠之感！李莲花和李相夷看似天壤之别，可是他依然拥有着一颗九死不悔的赤子之心，他心中依旧装着天地人间，他仍然是那个名副其实的天下第一。2023.11.19李莲花李相夷混剪,2023-12-21 11:57
仙剑奇侠传三，宫，古剑奇谭，三生三世十里桃花，扶摇，饰演的角色都很经典。,2023-12-21 11:57
男演员暂时没有，但是女演员倒是有很多，比如杨幂的郭襄，雪见，夕瑶，雪鸢，玲珑，晴川，晴雪，白浅，扶摇，海市等…都很经典啊，还有待播剧里面的涂山红红，我已经开始期待了，谢谢,2023-12-21 11:55
,2023-12-21 11:55
//:《逆水寒》顾惜朝二十年弹指一挥间，故人依旧，悲欢与共！,2023-12-21 11:54
你是我的山川坎坷，你是我的江河澄澈；你是我的分寸隔阂，你是我的人间值得。,2023-12-21 11:54
我投给了“《陈情令》”~,2023-12-21 11:54
小时候爱《新还珠格格》《仙剑奇侠传三》《宫锁心玉》《花千骨》后来爱《招摇》《天雷一部之春花秋月》《锦衣之下》《长风渡》《星汉灿烂》……现在在追《一念关山》《神隐》 ,2023-12-21 11:53
任嘉伦这么牛？惊到我了，他已经快两年没有播古装了，去年的请君是民国剧，今年的暮色心约是现代剧。看来观众的眼睛还是雪亮的，心里也是敞亮的。 ,2023-12-21 11:52
陈情令,2023-12-21 11:52
陈情令，莲花楼，山河令，没了 ,2023-12-21 11:52
一部我可说不完！《仙剑三》《宫》《古剑奇谭》《三生三世十里桃花》……杨幂，古装的神！非常期待杨幂的待播东方玄幻剧《狐妖小红娘月红篇》，期待杨幂带来更多的经典！,2023-12-21 11:52
喜欢一念关山，喜欢里面的所有角色，期待你们再合作,2023-12-21 11:50
长月烬明大爆剧，我心中古装剧Top1，全球烬化，罗云熙太优秀了lyx,2023-12-21 11:50
顾惜朝惊才绝艳,2023-12-21 11:48
任嘉伦的古装剧呀。《大唐荣耀》《锦衣之下》《周生如故》部部经典，任嘉伦被誉为古装天花板。任嘉伦还有三部待播古装剧，志怪捉妖题材《无忧渡》，漫改热血男频《烈焰之武庚纪》，古装权谋大剧《流水迢迢》，一整个期待住了～时光如“流水”，奔 任嘉伦的古装剧呀。《大唐荣耀》《锦衣之下》《周生如故》部部经典，任嘉伦被誉为古装天花板。任嘉伦还有三部待播古装剧，志怪捉妖题材《无忧渡》，漫改热血男频《烈焰之武庚纪》，古装权谋大剧《流水迢迢》，一整个期待住了～时光如“流水”，奔流见明天～,2023-12-21 11:47
,2023-12-21 11:47
,2023-12-21 11:46
,2023-12-21 11:46
2023肖战的电视剧霸屏，两部电视剧4个月上星近20轮 ！《梦中的那片海》13轮上星，《骄阳伴我》第5轮上星，而且是卫视黄金档！口碑、收视率、热度、网播齐高！《玉骨遥》原声台词火爆出圈，商业联名top1的剧集，时影角色热度历史第一，2023腾讯唯一卖全球网飞的古装剧！,2023-12-21 11:46
杨幂 ,2023-12-21 11:46
《逆水寒》顾惜朝二十年弹指一挥间，故人依旧，悲欢与共！,2023-12-21 11:45
任嘉伦的古装剧呀。《锦衣之下》，陆绎眼神开车出圈，“景有多假，情有多深”出圈。《周生如故》，BE美学天花板，任嘉伦饰演的周生辰已经成为一种情绪，只要下雪🌨️必cue周生辰，“雪落长安里，如故念周生”任嘉伦还有三部待播古装剧，志怪捉妖题材《无忧渡》，漫改热血男 任嘉伦的古装剧呀。《锦衣之下》，陆绎眼神开车出圈，“景有多假，情有多深”出圈。《周生如故》，BE美学天花板，任嘉伦饰演的周生辰已经成为一种情绪，只要下雪🌨️必cue周生辰，“雪落长安里，如故念周生”任嘉伦还有三部待播古装剧，志怪捉妖题材《无忧渡》，漫改热血男频《烈焰之武庚纪》，古装权谋大剧《流水迢迢》，一整个期待住了～时光如“流水”，奔流见明天～,2023-12-21 11:44
任嘉伦的落地权谋古装剧《流水迢迢》杀青了，期待明年快点播出,2023-12-21 11:41
这两天都在复盘老大的直播，老大花了5年的时间证明自己是个歌手，听他说再花5年时间证明自己是个演员，听到这个话我好心疼他，刘宇宁你只管往前走，我们是你的后盾！,2023-12-21 11:39
刘宇宁宁远舟lynlyn刘宇宁一念关山lynlyn🍻刘宇宁宁远舟🥤刘宇宁宁远舟🧃一定是我运气太好，才能遇到这么好的刘宇宁 ,2023-12-21 11:38
一念关山宁远舟，不做二选！！！刘宇宁魏劭。刘宇宁折腰。刘宇宁蝉女。刘宇宁小贝。刘宇宁燕子京。刘宇宁珠帘玉幕。,2023-12-21 11:38
#心中的古装剧Top1刘亦菲本人给每个角色都增添了很多色彩，她把人物演得顺畅舒服，真真切切之处，非常深入人心,2023-12-21 11:37
dl邓伦的香蜜凤凰，收视率1.301 网播量193.1亿。2018年江苏卫视年冠 央卫第九 最高单日播放量近5亿2018年剧集油管播放量年冠 韩国平台TVing中剧播放量历史第二。获第十四届首尔国际电视节最受欢迎海外戏剧奖。如今还在不断热播海外。实力派演员用作品说话。邓伦yydsdl邓伦的香蜜凤凰，收视率1.301 网播量193.1亿。2018年江苏卫视年冠 央卫第九 最高单日播放量近5亿2018年剧集油管播放量年冠 韩国平台TVing中剧播放量历史第二。获第十四届首尔国际电视节最受欢迎海外戏剧奖。如今还在不断热播海外。实力派演员用作品说话。邓伦yyds,2023-12-21 11:37
,2023-12-21 11:34
晴雅集博雅香蜜 旭凤一千零一夜宁采臣一千零一夜 展昭  邓伦简直就是古装剧的天选之子 ,2023-12-21 11:34
我本不想看结局的，因为知道主角团都死了，但还是忍不住看完了，看完发现其实可以接受这样的结局，死亡不是终点，也许就像结局最后的场景，他们依然在一起，他们都完成了各自的使命，脱离了六道，回到了该去的地方团聚了我本不想看结局的，因为知道主角团都死了，但还是忍不住看完了，看完发现其实可以接受这样的结局，死亡不是终点，也许就像结局最后的场景，他们依然在一起，他们都完成了各自的使命，脱离了六道，回到了该去的地方团聚了,2023-12-21 11:33
當然是長月燼明，滅世佛看世間瘋魔，內心慈悲不忍世人繼續遭受苦楚活在無解世間，兩派諸神皆愛世人，終放下對立，化身為人給世間最後機會，當人給予世間關愛，神便留下世間，當人只剩仇恨貪欲，神便收走一切使萬物重生；自我才是自己的明鏡，無論過往光明或黑暗、無論生命是否有盡頭 當然是長月燼明，滅世佛看世間瘋魔，內心慈悲不忍世人繼續遭受苦楚活在無解世間，兩派諸神皆愛世人，終放下對立，化身為人給世間最後機會，當人給予世間關愛，神便留下世間，當人只剩仇恨貪欲，神便收走一切使萬物重生；自我才是自己的明鏡，無論過往光明或黑暗、無論生命是否有盡頭，唯有活在當下戰勝恐懼、珍惜自我與萬物，這一刻便是永恆。,2023-12-21 11:32
我唯一的红衣少侠 ,2023-12-21 11:31
琅琊榜之风起长林！无论是剧情还是人设，都非常喜欢！虽然说可能剧情进展有点慢，但是从各种意义上我都觉得这部剧值得一看！ ,2023-12-21 11:30
❤️💙山河令！山河令！山河令！ ,2023-12-21 11:29
陈情令,2023-12-21 11:26
天下长河 ,2023-12-21 11:26
仔细想了一下好像很难在我心里去排名禹司凤、应渊、唐周、李相夷、李莲花到底谁可以在第一位。《琉璃》是成毅和二代果的定情之作，《沉香如屑》是成毅和三代果的定情之作，《莲花楼》是成毅和四代果的定情之作。以后会有更多而我呢，从乍见之欢到如今刻骨铭心，他们在我心中是不同时段的top1⃣️ 仔细想了一下好像很难在我心里去排名禹司凤、应渊、唐周、李相夷、李莲花到底谁可以在第一位。《琉璃》是成毅和二代果的定情之作，《沉香如屑》是成毅和三代果的定情之作，《莲花楼》是成毅和四代果的定情之作。以后会有更多而我呢，从乍见之欢到如今刻骨铭心，他们在我心中是不同时段的top1⃣️，都好喜欢,2023-12-21 11:25
陈情令,2023-12-21 11:25
今年看的所有剧里最好的古装剧是《军师联盟》，其次是《鹤唳华亭》，今年的新剧最喜欢的是《云襄传》。 ,2023-12-21 11:23
怎么没人说琅琊榜，庆余年 ,2023-12-21 11:21
,2023-12-21 11:19
任嘉伦 我心中的古装剧YYDS任嘉伦古装剧未来依旧可期 待播剧,2023-12-21 11:18
不知道从什么时候开始在人群中一眼找到你成了我最擅长的事情 ,2023-12-21 11:16
琅琊榜梅长苏，我苏哥哥的美强惨必须榜上有名 ,2023-12-21 11:16
今年当然是龚俊的韩烨啦 ,2023-12-21 11:15
在我心里就一念关山，有温情，有成长，有家国大义。。。。 ,2023-12-21 11:13
🌙✌️现在心中古装top1当然，热切期待罗云熙的颜心记和水龙吟,2023-12-21 11:13
邓伦旭凤，同一部剧但是每个角色栩栩如生，鲜明生动 ,2023-12-21 11:12
||刘宇宁宁远舟刘宇宁燕子京借用《一念关山》中的台词送给大家:不要看他从哪里来，要看他做了什么！刘宇宁一念关山刘宇宁珠帘玉幕刘宇宁魏劭刘宇宁折腰刘宇宁 ||刘宇宁宁远舟刘宇宁燕子京借用《一念关山》中的台词送给大家:不要看他从哪里来，要看他做了什么！刘宇宁一念关山刘宇宁珠帘玉幕刘宇宁魏劭刘宇宁折腰刘宇宁卓不凡刘宇宁天行健刘宇宁帝林刘宇宁紫川摩登兄弟刘宇宁[虎爪比心]刘宇宁[虎爪比心]宁哥[虎爪比心]棚主[虎爪比心]lyn,2023-12-21 11:12
必须邓伦旭凤呀上星大爆古装剧,2023-12-21 11:09
鹤唳华亭 ,2023-12-21 11:09
影视剧简直是寒冬的“电子榨菜”，菜宝们快来分享一下你的top1古装剧吧～,2023-12-21 11:08
无论是《香蜜沉沉烬如霜》的锦觅，《沉香如屑》的颜淡，还是今年大爆的《长相思》一路成长，一路荆棘与繁花，走出了自己风景线。,2023-12-21 11:07
爱看，期待下一部男主剧,2023-12-21 11:07
甄嬛传 ,2023-12-21 11:07
人生就像车站，来去匆匆。有喜有悲，有聚有散。用生命买票，用时光做运载。我们都是无奈的乘客，💫摩登兄弟刘宇宁 刘宇宁💫🏵️一念关山宁远舟 ,2023-12-21 11:07
当然是玉骨遥！ ,2023-12-21 11:06
《山河令》yyds，无可替代cr见图源 ,2023-12-21 11:06
《周生如故》封神,2023-12-21 11:04
山河令永远的白月光 ,2023-12-21 11:04
,2023-12-21 11:03
我是,2023-12-21 11:02
🍊《山河令》YYDS ,2023-12-21 11:00
有的人可是丑不自知，美颜滤镜精修开到白花花，都看不清皮肤纹理，也敢号称，资本家硬捧的鼠精滚出去 ,2023-12-21 11:00
"给了“《仙剑奇侠传三》 霍建华 杨幂”,“《三生三世十里桃花》杨幂 赵又廷 ”,“《宫锁心玉》杨幂 “《古剑奇谭》杨幂 ,“《美人心计》林心如 杨幂 ”~",2023-12-21 11:00
还珠格格1 ,2023-12-21 10:59
我参与了中国网娱乐发起的投票【投票：大家心中的古装剧top1是哪一部？】，我投给了“陈情令”这个选项，你也快来表态吧,2023-12-21 10:59
,2023-12-21 10:59
这是媒体合作方对他的评价他值得！,2023-12-21 10:58
真诚而大义清澈而勇敢执着而坚毅还有盛世的美貌不掩饰不做作，属我心中最好的长意,2023-12-21 10:58
人，歌，戏都超爱，我得恭喜(*^_^*)自己中奖了吧宁哥的努力付出与进步是成正比的，未来只会越来越好，演技真的很棒，每次看到战损图或视频都会想哭，刘宇宁的宁远舟就是最好最棒最无可替代最独一无二的。ps： 人，歌，戏都超爱，我得恭喜(*^_^*)自己中奖了吧宁哥的努力付出与进步是成正比的，未来只会越来越好，演技真的很棒，每次看到战损图或视频都会想哭，刘宇宁的宁远舟就是最好最棒最无可替代最独一无二的。ps：真的很想试试老大的肩膀抱着是什么感觉，好宽好有安全感,2023-12-21 10:58
不得不承认。👍 论代表作，论爆剧，谁与争锋？杨幂爆剧女王，票房女神，时尚女王，代言女王，杨幂爆剧最多女演员杨幂，85后女演员一番收视和电影票房都是top1🏆 你说85后里还有谁有这样的实绩？ ,2023-12-21 10:58
好看 真好看,2023-12-21 10:57
他不是科班出身！但他一直在努力～,2023-12-21 10:57
梦华录YYDS，真的好喜欢梦华录啊 ,2023-12-21 10:56
一人千面的钟汉良期待,2023-12-21 10:56
dltop1？邓伦的剧在我心里都是top1啊！不一定要顶配，但是保证自己做到最好，这就是专业演员的素养和底气。,2023-12-21 10:56
《晴雅集》上映11天，票房4.52亿，博雅大人出场就那么惊艳，一身黑衣，打戏非常精彩，肌肉线条柔美！从妆造到道具，从演员的颜值到演技，精致，精心，用心！dl【邓伦·晴雅集·博雅】,2023-12-21 10:56
真诚而大义清澈而勇敢执着而坚毅还有盛世的美貌不掩饰不做作，是我心中最好的长意,2023-12-21 10:56
我只知道罗云熙的剧播成绩越来越好！,2023-12-21 10:54
当然是我伦的古装剧,2023-12-21 10:53
那当然是邓伦的《香蜜沉沉烬如霜》啦。红衣熠王，黑衣魔尊，深得我心。旭凤的一言一笑，一举一动，皆自然流露与呈现，不得不说，我伦的演技十分在线，让我追剧很有代入感。 ,2023-12-21 10:53
香蜜旭凤不只是我的心中第一,2023-12-21 10:50
。。刘宇宁燕子京🌻刘宇宁珠帘玉幕🌻刘宇宁魏劭🌻刘宇宁折腰🌻刘宇宁宁远舟🌻刘宇宁一念关山🌻刘宇宁卓不凡🌻刘宇宁天行健🌻刘宇宁帝林🌻刘宇宁紫川🌻摩登兄弟刘宇宁 ❦刘宇宁 ❧ 𝓛𝓎𝓃  ❧  。。刘宇宁燕子京🌻刘宇宁珠帘玉幕🌻刘宇宁魏劭🌻刘宇宁折腰🌻刘宇宁宁远舟🌻刘宇宁一念关山🌻刘宇宁卓不凡🌻刘宇宁天行健🌻刘宇宁帝林🌻刘宇宁紫川🌻摩登兄弟刘宇宁 ❦刘宇宁 ❧ 𝓛𝓎𝓃  ❧ 棚主 ❦ 宁哥,2023-12-21 10:49
。。刘宇宁宁远舟。刘宇宁一念关山。棚主。摩登兄弟刘宇宁。lyn。刘宇宁。宁哥。你就是最好的宁远舟！一念关山我心中的古装剧Top1刘宇宁魏劭。刘宇宁折腰。刘宇宁蝉女。刘宇宁 。。刘宇宁宁远舟。刘宇宁一念关山。棚主。摩登兄弟刘宇宁。lyn。刘宇宁。宁哥。你就是最好的宁远舟！一念关山我心中的古装剧Top1刘宇宁魏劭。刘宇宁折腰。刘宇宁蝉女。刘宇宁小贝。刘宇宁燕子京。刘宇宁珠帘玉幕。宁,2023-12-21 10:49
说我花心我喜欢挺多好剧说我不花心我只喜欢杨紫杨紫静心揣摩角色研究剧本投入感情的演绎才能让观众带入剧情最喜欢的香蜜沉沉烬如霜和长相思还有遗憾的白夭夭,2023-12-21 10:49
xz是风随心动，是光恋着影，时影的所有身姿，一动一静，都美的惊心动魄,2023-12-21 10:49
xz是风随心动，是光恋着影，时影的所有身姿，一动一静，都美的惊心动魄,2023-12-21 10:48
？？？ ,2023-12-21 10:48
杨紫演的剧每一个角色都各有特点爱锦觅、爱白夭夭、爱白漂亮颜淡更爱大王姬小夭，微博之夜投票其实可以搞个你最爱你喜爱的演员的哪个角色投票，我保证一碗水端平yz,2023-12-21 10:47
锦衣卫top1锦衣之下家国大义top1周生如故绝美鲛人top1与君初相识未来还有志怪top1无忧渡男频top1武庚记权谋top1流水迢迢有任嘉伦就能拥有top1 ,2023-12-21 10:47
永远的《山河令》。都被内鱼做成PPT当模板抄了,2023-12-21 10:46
"给了“《仙剑奇侠传三》 霍建华 杨幂”,“《三生三世十里桃花》杨幂 赵又廷 ”,“《宫锁心玉》杨幂 “《古剑奇谭》杨幂 ,“《美人心计》林心如 杨幂 ”~",2023-12-21 10:46
//:陈情令,2023-12-21 10:46
2023 年古装剧的Top1，非肖战主演的《玉骨遥》莫属！时影的扮演者肖战，在颜值、仪态、演技、台词、武打等各方面的表现都无与伦比，可谓是一枝独秀。此外，剧集在实景、特效等方面的表现也堪称一绝。在剧情方面，《玉骨遥》引人入胜，每个情节都环环相扣，让观众欲罢不能。总 2023 年古装剧的Top1，非肖战主演的《玉骨遥》莫属！时影的扮演者肖战，在颜值、仪态、演技、台词、武打等各方面的表现都无与伦比，可谓是一枝独秀。此外，剧集在实景、特效等方面的表现也堪称一绝。在剧情方面，《玉骨遥》引人入胜，每个情节都环环相扣，让观众欲罢不能。总之，《玉骨遥》是一部不可多得的古装佳作，非常值得一看！肖战饰演的时影，颜值俊美绝伦，360 度无死角，每一个角度都让人惊叹不已。他的仪态端庄大方，无论是站立、行走还是坐姿，都散发出一种高贵、清尘脱俗的气质，让观众惊呼：这简直是真神仙下凡！在演技方面，肖战的表演真实自然，他能够将时影的情感和内心世界完美地展现出来，让观众产生共鸣。他的台词功底也非常扎实，声音磁性而富有感染力，每一句话都能够打动人心。此外，时影的打戏更是如行云流水，他的仙法招式流畅自然，每一个动作都带着一种超凡脱俗的气质，让人仿佛看到了一位真正的仙人在战斗。他的仙法技能丰富多样，剑法、拳法、掌法、指法等样样精通。他能够根据不同的敌人和战斗场景，灵活运用各种仙法技能，制定出最佳的战斗策略。他的仙法技能不仅华丽壮观，而且实用有效。总之，肖战在颜值、仪态、演技、台词和打戏等方面都是顶级的，他的出色表现让人为之倾倒。因此，2023 年古装剧 Top1 必须是肖战主演的《玉骨遥》~,2023-12-21 10:45
杨幂内娱爆剧最多女演员。十一年作品连爆，爆款说起来十几部， 宫 三生三世十里桃花 仙剑三 古剑 小时代1234 翻译官。还有亮眼表现的 美人心计 北京爱情，还有电影票房73.8亿，其中一番24.9亿，85后女演员票房top,2023-12-21 10:45
邓伦的每一个古偶妆造都很好看！独一无二的丹凤眼伶俐俊秀，天生冷白皮精致的五官搭配各种古装造型更是眼前一亮，尽显古人英气飒爽的神韵，再加上优秀演技的加持，每一个人物都是独一无二的存在,2023-12-21 10:45
刘宇宁宁远舟🍻刘宇宁宁远舟🥤刘宇宁宁远舟🧃刘宇宁宁远舟🍺刘宇宁宁远舟刘宇宁一念关山刘宇宁宁远舟刘宇宁一念关山刘宇宁宁远舟刘宇宁一念关山#刘宇宁宁远舟 刘宇宁宁远舟🍻刘宇宁宁远舟🥤刘宇宁宁远舟🧃刘宇宁宁远舟🍺刘宇宁宁远舟刘宇宁一念关山刘宇宁宁远舟刘宇宁一念关山刘宇宁宁远舟刘宇宁一念关山刘宇宁宁远舟刘宇宁一念关山,2023-12-21 10:41
cy当然是我们应渊帝君啦！成毅黑发白发造型一个比一个吸引人，宠溺的哀伤的傲娇的眼神一个比一个牵动人心,2023-12-21 10:41
古装剧 《美人心计》绝对是古装剧里的佼佼者了，无论是演员，服化道具，还有剧情都可以堪称一绝，林心如颠覆形象的演技更是让人眼前一亮！这段戏演出了威严、委屈、亲和、释怀等多种元素，被周亚夫误会多年最终居然以这种方式结束，剧末更是起到统筹整个剧剧情结点。古装剧 《美人心计》绝对是古装剧里的佼佼者了，无论是演员，服化道具，还有剧情都可以堪称一绝，林心如颠覆形象的演技更是让人眼前一亮！这段戏演出了威严、委屈、亲和、释怀等多种元素，被周亚夫误会多年最终居然以这种方式结束，剧末更是起到统筹整个剧剧情结点。,2023-12-21 10:40
dltop1？邓伦的剧在我心里都是top1啊！香蜜旭凤，晴雅集博雅，楚乔传萧策，封神子虚部部经典，深入人心,2023-12-21 10:40
知否 ,2023-12-21 10:38
李相夷天下第一，李莲花长命百岁无论是少年得志天下第一的李相夷，还是放下一切救赎他人的李莲花，都演到了观众们的心坎里，今年暑期唯一网台双爆，口碑热度齐飞！成毅更是凭借对角色的出色诠释，高位入围电视剧男演员热度榜、口碑榜、角色热度榜！当之无愧 李相夷天下第一，李莲花长命百岁无论是少年得志天下第一的李相夷，还是放下一切救赎他人的李莲花，都演到了观众们的心坎里，今年暑期唯一网台双爆，口碑热度齐飞！成毅更是凭借对角色的出色诠释，高位入围电视剧男演员热度榜、口碑榜、角色热度榜！当之无愧的古装剧Top1,2023-12-21 10:37
陈情令，无论是构图、妆造、演员还是故事构架都非常经典，忘羡一曲远，曲终人不散。你还记得阿令里面的那些台词？,2023-12-21 10:37
知否知否！百看不腻 ,2023-12-21 10:37
那当然是一念关山。连法医都夸的好剧！嘎都嘎的特别专业！ ,2023-12-21 10:37
🌻🌻🌻早午好～刘宇宁✨ 摩登兄弟 ✨老大  ✨宁哥✨  棚主✨ lyn刘宇宁卓不凡刘宇宁天行健刘宇宁燕子京刘宇宁珠帘玉幕刘宇宁 🌻🌻🌻早午好～刘宇宁✨ 摩登兄弟 ✨老大  ✨宁哥✨  棚主✨ lyn刘宇宁卓不凡刘宇宁天行健刘宇宁燕子京刘宇宁珠帘玉幕刘宇宁魏劭刘宇宁折腰刘宇宁帝林刘宇宁紫川摩登兄弟刘宇宁💛刘宇宁💛宁哥💛棚主💛lyn,2023-12-21 10:35
心中的古装剧Top1，今年的古装剧真的好多！选不过来怎么办！我都爱！,2023-12-21 10:34
//最优秀的刘宇宁演绎了最完美的宁远舟，刘宇宁演技炸裂，超级喜欢，刘宇宁大红大紫！期待播出更多好剧。 ,2023-12-21 10:34
那必须是山河令，我们岭yyds,2023-12-21 10:33
山河令知否楚乔传花千骨 ,2023-12-21 10:32
2023年🈶️好多大热古装剧集，你是？欢迎在评论区补充～《长相思》杨紫 张晚意 邓为 檀健次《安乐传》迪丽热巴 龚俊《玉骨遥》肖战 任敏《莲花楼》成毅 曾舜晞《宁安如梦》白鹿 张凌赫《长月烬明》罗云熙 白鹿《一念关山》 刘诗诗 刘宇宁《云之羽》虞书欣 张凌赫 丞磊 卢 2023年🈶️好多大热古装剧集，你是？欢迎在评论区补充～《长相思》杨紫 张晚意 邓为 檀健次《安乐传》迪丽热巴 龚俊《玉骨遥》肖战 任敏《莲花楼》成毅 曾舜晞《宁安如梦》白鹿 张凌赫《长月烬明》罗云熙 白鹿《一念关山》 刘诗诗 刘宇宁《云之羽》虞书欣 张凌赫 丞磊 卢昱晓《长风渡》白敬亭 宋铁《乐游原》许凯 景甜,2023-12-21 10:32
山河令 ,2023-12-21 10:32
🌙✌️期待颜心记和水龙吟,2023-12-21 10:32
这个词条被丑货占领了吗？脏了my eyes ,2023-12-21 10:31
//:🌙✌️期待颜心记和水龙吟,2023-12-21 10:31
//:🌙✌️期待颜心记和水龙吟,2023-12-21 10:31
必须邓伦旭凤呀上星大爆古装剧，出圈男主,2023-12-21 10:30
山河令，我心中永远的神作！No.1 独一无二无可取代无与伦比的佳作！向每一个新认识的朋友力荐🍊 ,2023-12-21 10:30
都是童年啊,2023-12-21 10:30
刘宇宁 ,2023-12-21 10:29
最真诚的人走花路喽,2023-12-21 10:29
在当下，无有比肩《长月烬明》者。 ,2023-12-21 10:29
周生如故、锦衣之下、大唐荣耀……任嘉伦的剧都好好看！！！,2023-12-21 10:29
🌙✌️期待颜心记和水龙吟,2023-12-21 10:29
有很多啊《三生三世十里桃花》《千古玦尘》《天天有喜》《封神英雄》榜 《古剑奇谭》《活佛济公》 都是我们00后的童年啊,2023-12-21 10:29
cy好的打戏真的不单是拳拳到肉的招数动作漂亮潇洒自如就够了， 就是成毅老师这样的， 打戏也是为角色服务的  ，要符合角色的性格， 当下的心境情绪,2023-12-21 10:29
琅琊榜！ ,2023-12-21 10:28
香蜜沉沉烬如霜、天乩之白蛇传说、沉香如屑以及今年大爆的《长相思》，主演的每一部剧每一个角色在我心里都是top级别的存在期待紫妹待拍的作品《国色芳华》何惟芳yz,2023-12-21 10:28
//:🌙✌️期待颜心记和水龙吟,2023-12-21 10:28
天乩之白蛇传说、香蜜沉沉烬如霜、沉香如屑.沉香重华、长相思第一季等等，杨紫的古装剧在我心中都是num1，接下来期待长相思第二季和即将开拍的国色芳华。,2023-12-21 10:28
//:🌙✌️期待颜心记和水龙吟,2023-12-21 10:28
近些年的就是山河令啦 ,2023-12-21 10:28
成毅，古装男神，我心中的天下第一。cy成毅 英雄志 | 卢云 | 底线 | 周亦安 | 莲花楼 | 李莲花 | 李相夷 | 沉香如屑.沉香重华 | 应渊 | 唐周 | 玄夜 | 南风知我意 | 傅云深 | 狐妖小红娘王权篇 | 王权富贵 |,2023-12-21 10:26
🌙✌️现在心中古装top1当然长月烬明，期待罗云熙的颜心记和水龙吟,2023-12-21 10:26
莲花楼，近十年为数不多最好的武侠片,2023-12-21 10:26
琅琊榜，知否，甄嬛传，百看不厌！ ,2023-12-21 10:25
一念关山，宁远舟最棒 ,2023-12-21 10:25
必须是一念关山啊 ,2023-12-21 10:24
||刘宇宁宁远舟🌸刘宇宁燕子京🌸—————༄࿐宇宁✾͡ 同在ೄ೨ —————这几年，故事简单，遇见的你，我刚好喜欢 刘宇宁我爱你   没见过什么大世面，这一生，我都只爱刘宇宁这一张脸。刘宇宁，嘴甜是因 ||刘宇宁宁远舟🌸刘宇宁燕子京🌸—————༄࿐宇宁✾͡ 同在ೄ೨ —————这几年，故事简单，遇见的你，我刚好喜欢 刘宇宁我爱你   没见过什么大世面，这一生，我都只爱刘宇宁这一张脸。刘宇宁，嘴甜是因为心甜，心甜是因为你在里面摩登兄弟刘宇宁🌿刘宇宁🌿棚主🌿宁哥🌿lyn╲╱﹌╲╱﹌╲╱﹌╲╱﹌╲╱﹌🍓       🍓        🍓        🍓 刘宇宁燕子京🍝刘宇宁珠帘玉幕🍝刘宇宁魏劭|刘宇宁折腰🍝刘宇宁卓不凡|刘宇宁天行健🍝刘宇宁帝林|刘宇宁紫川 🍝,2023-12-21 10:24
肯定陆贞传奇和花千骨啦哈哈哈哈哈哈哈 ,2023-12-21 10:24
来和我一起看香蜜吧，来看凤凰吃醋,2023-12-21 10:24
我老大,2023-12-21 10:23
当然是《玉骨遥》👆还记得多少人希望肖战出演自己的“房子”嘛思咪玛塞，他是我的顶梁柱咯,2023-12-21 10:23
书必择而读，人必择而交，言必择而听，早～～ ,2023-12-21 10:22
那必须的，山河令啊。 ,2023-12-21 10:22
必须是优酷史冠《长月烬明》罗云熙古装的神 ,2023-12-21 10:22
我是来找神探狄仁杰的） ,2023-12-21 10:21
罗云熙长月烬明 ,2023-12-21 10:21
走不出莲花楼了成毅唱《人世太匆忙》我从开头啦啦啦就开始流泪…… 他的声音平静温暖地娓娓道来，竟然有种禅意。如果绝笔信是李相夷和江湖告别，这首歌就是李莲花在向莲络人告别。他微微一笑，挥一挥衣袖说，去去重去去，来时是来时，人世太匆忙，不过是孤身走一趟。不要追，也 走不出莲花楼了成毅唱《人世太匆忙》我从开头啦啦啦就开始流泪…… 他的声音平静温暖地娓娓道来，竟然有种禅意。如果绝笔信是李相夷和江湖告别，这首歌就是李莲花在向莲络人告别。他微微一笑，挥一挥衣袖说，去去重去去，来时是来时，人世太匆忙，不过是孤身走一趟。不要追，也不必送……,2023-12-21 10:21
山河令，温周。。yyds！！！,2023-12-21 10:21
必须是天下第一的李相夷李莲花,2023-12-21 10:20
正在重刷莲花楼莲花楼就是成毅的演技大赏打戏、哭戏、虐戏、爆发戏、日常戏、反串戏……无一短板！男版妲己上线非小花莫属勾魂摄魄的这里我不知道看了多少遍，小眼神既魅惑又无辜，勾的人心里痒痒死了，吃又吃不到，抓耳挠腮的下一秒切换打戏快 正在重刷莲花楼莲花楼就是成毅的演技大赏打戏、哭戏、虐戏、爆发戏、日常戏、反串戏……无一短板！男版妲己上线非小花莫属勾魂摄魄的这里我不知道看了多少遍，小眼神既魅惑又无辜，勾的人心里痒痒死了，吃又吃不到，抓耳挠腮的下一秒切换打戏快、准、狠！成毅才是黑莲花慕子期的最佳人选如果拍了又是一部经典诞生！ ,2023-12-21 10:20
天才不足以形容你的天分，努力无法概括出你的付出，为演绎角色而生的，永远是璀璨如星的宝石，在黑暗的深处熠熠闪亮。我心中永远的经典,2023-12-21 10:20
锦衣之下，从预告就没骗我的好看～,2023-12-21 10:19
反正不是粉丝自嗨的那些傻白不甜仙啥剧 ,2023-12-21 10:18
观众心中的古装TOP1自然要看播放量啦！《香蜜沉沉烬如霜》云合百亿上线15分钟网络播放量就破亿！2023《长相思》古装TOP1！杨紫的剧观众就是爱呀,2023-12-21 10:18
莲花楼,2023-12-21 10:18
作为资深追剧人我超推荐莲花楼！ ,2023-12-21 10:18
古装电视剧天花板官方认证任嘉伦，封神佳作多期待待播剧古装男神,2023-12-21 10:17
这个位置永远是成毅的,2023-12-21 10:17
霸总既视感，刘宇宁优秀！,2023-12-21 10:17
《山河令》YYDS,2023-12-21 10:16
期待任嘉伦的待播剧,2023-12-21 10:15
玉骨遥我的时影小神仙,2023-12-21 10:14
…… ,2023-12-21 10:14
甄嬛传吧，有人不服吗 ,2023-12-21 10:13
我还是很喜欢你，像风走了八万里，不问归期，我还是很喜欢你，像云漂泊九万里，不曾歇息；我还是很喜欢你，像太阳升了落去，无论朝夕。//:lyxlyx当然是长月烬明啊，澹台烬，起风了，今夜一定非常难熬,2023-12-21 10:12
你是春天的涓涓溪水，缓缓而温柔，是纷乱世界里唯一的安慰，是众生皆苦里的蜜糖//:lyxlyx当然是长月烬明啊，澹台烬，起风了，今夜一定非常难熬,2023-12-21 10:12
我在黄昏上写一封书信 载着落日的余晖和银河的浪漫 寄给你 寄给温柔本身🎑//:lyxlyx当然是长月烬明啊，澹台烬，起风了，今夜一定非常难熬,2023-12-21 10:12
古剑奇谭我就问很少有剧能超越 ,2023-12-21 10:12
TVB港剧：《金枝欲孽》刘亦菲的剧：《梦华录》 ,2023-12-21 10:12
嘉人宝宝就是最棒哒粉随正主实力不允许低调任嘉伦你好好沉淀我们自己玩,2023-12-21 10:11
,2023-12-21 10:11
点点繁星闪耀，宛如星河，就像你那深邃的眼眸，装下了世间一切的美好//:lyx惟君子能谦，惟谦终成其为君子也。,2023-12-21 10:10
我喜欢你，就像大风吹过海面，乏起浪花一样，自然而然，再冷的天气，也没法阻止，我喜欢你的温度。//:lyx惟君子能谦，惟谦终成其为君子也。,2023-12-21 10:10
“就算是星星碎掉 溢出来的星光也很好看”//:lyx惟君子能谦，惟谦终成其为君子也。,2023-12-21 10:10
赵雅芝的《新白娘子传奇》 ,2023-12-21 10:09
古早的大宋提刑官，洗冤录，武林外传，龙门镖局，水月洞天，近些年的知否，陆贞传奇，琉璃，庆余年都不错，时不时重刷 ,2023-12-21 10:09
仙剑一和仙剑三和琅琊榜这三部每年都会重刷 ,2023-12-21 10:09
||刘宇宁宁远舟刘宇宁燕子京如果快乐是一种发明，它很容易被一再发明希望你快乐每天人间于此，欢喜是你💕刘宇宁一念关山刘宇宁珠帘 ||刘宇宁宁远舟刘宇宁燕子京如果快乐是一种发明，它很容易被一再发明希望你快乐每天人间于此，欢喜是你💕刘宇宁一念关山刘宇宁珠帘玉幕刘宇宁魏劭刘宇宁折腰刘宇宁卓不凡刘宇宁天行健刘宇宁帝林刘宇宁紫川摩登兄弟刘宇宁[虎爪比心]刘宇宁[虎爪比心]宁哥[虎爪比心]棚主[虎爪比心]lyn,2023-12-21 10:09
cy心中的古装剧Top1，今年暑期热剧《莲花楼》他是年少气盛的四顾门门主李相夷亦是放下过去，自由洒脱的江湖游医李莲花成毅的哥哥的演技让我至今没有走出莲花楼,2023-12-21 10:09
新鲜出土的壁纸宁哥来啦！快来取快来取，宁哥还是一如既往的帅新鲜的批呀,2023-12-21 10:09
cy任何一部成毅演绎的古装剧，都是我心中的Top 1,2023-12-21 10:08
陈情令,2023-12-21 10:08
必须是一念关山刘宇宁远舟刘宇宁燕子京感谢你有一颗强大的内心刘宇宁一念关山刘宇宁珠帘玉幕刘宇宁魏劭刘宇宁折腰刘宇宁卓不凡刘宇宁天行健必须是一念关山刘宇宁远舟刘宇宁燕子京感谢你有一颗强大的内心刘宇宁一念关山刘宇宁珠帘玉幕刘宇宁魏劭刘宇宁折腰刘宇宁卓不凡刘宇宁天行健刘宇宁帝林刘宇宁紫川,2023-12-21 10:07
西游记一出谁与争锋 ,2023-12-21 10:07
冬天就会想到澹台烬。唯有热爱可以无畏世间无常，更要坚信，会有冰雪消融的一天,2023-12-21 10:07
rjlrjl古装王子任嘉伦的每一部剧都是Top1想当年，《大唐荣耀》登场折服了多少的广平王妃，而后《锦衣之下》的陆大人更是横空出世，接着《周生如故》的皇叔成就了不可动摇的地位！部部都是爆剧……期待任嘉伦的未播剧～《无忧渡》《烈焰武庚纪》《流水迢迢》rjlrjl古装王子任嘉伦的每一部剧都是Top1想当年，《大唐荣耀》登场折服了多少的广平王妃，而后《锦衣之下》的陆大人更是横空出世，接着《周生如故》的皇叔成就了不可动摇的地位！部部都是爆剧……期待任嘉伦的未播剧～《无忧渡》《烈焰武庚纪》《流水迢迢》| 任嘉伦,2023-12-21 10:07
我心中的古装top必然是为为啊涂山璟叶十七yyds,2023-12-21 10:07
cy转发,2023-12-21 10:06
琅琊榜，喜欢权谋剧 ,2023-12-21 10:05
莲花楼好看成毅演绎的太好了后劲太大了！走不出来了现在满脑子都是李莲花李相夷！已无心工作，频频出错近几个月我是不会再打开其他电视剧了！先缓缓我还会二刷的，好多细节之处第一遍看的时候还不够仔细！劳歌一曲解行舟莲花楼好看成毅演绎的太好了后劲太大了！走不出来了现在满脑子都是李莲花李相夷！已无心工作，频频出错近几个月我是不会再打开其他电视剧了！先缓缓我还会二刷的，好多细节之处第一遍看的时候还不够仔细！劳歌一曲解行舟红叶青山水急流日暮酒醒人已远满天风雨下西楼！ ,2023-12-21 10:05
你心中的古装剧Top1是哪一部？《陈情令》《莲花楼》《长月烬明》《周生如故》《香蜜沉沉烬如霜》《长相思》,2023-12-21 10:05
玉骨遥。时影古装之神。,2023-12-21 10:05
《莲花楼》,2023-12-21 10:05
那必须琅琊榜 ,2023-12-21 10:04
说起这个👆🏻我就陷入选择困难症了😔比较像《大唐荣耀》1-2《锦衣之下》《周生如故》我不要太爱了～不停的重刷啊！建议大家没看的赶紧去看！！哦哦、任嘉伦的古装剧不得不看吧、还有待播的《无忧渡》《烈焰之武庚纪》《流水迢迢》 ,2023-12-21 10:03
长月烬明服化道后期制作绝对精良 ,2023-12-21 10:03
✖️为了替雪鸢报仇，除慎儿，怼太后，擒周亚夫，谁能不爱这么霸气的窦漪房呢～,2023-12-21 10:03
🌟成毅🌟莲花楼李相夷天下第一，李莲花长命百岁！！！这是所有莲络人心中共同的期许！！！霸榜五个月，豆瓣评分8.5超百万人线上同时追剧…站内评分9.1！！！多平台数据Top1…莲花楼民选爆剧毋庸置疑！成毅饰演的李相夷｜李莲花无可替代🌟成毅🌟莲花楼李相夷天下第一，李莲花长命百岁！！！这是所有莲络人心中共同的期许！！！霸榜五个月，豆瓣评分8.5超百万人线上同时追剧…站内评分9.1！！！多平台数据Top1…莲花楼民选爆剧毋庸置疑！成毅饰演的李相夷｜李莲花无可替代cycy,2023-12-21 10:03
《长歌行》“我已失家不愿再失大唐！” 这部剧是古装正剧的存在《星汉灿烂》凌不疑的心怀天下，心怀百姓，对国家负责任，对自己所爱之人的爱宽广不狭隘，爱屋及乌。《琅琊榜》权谋，隐忍。《知否。知否。应是绿肥红瘦》女人的自主独立，聪颖！ ,2023-12-21 10:03
莲花楼 ,2023-12-21 10:02
琅琊榜 ,2023-12-21 10:02
任嘉伦“亚太年度优秀演员”实至名归古今中外都优秀,2023-12-21 10:02
任嘉伦的所有古装剧在我心中都是Top1，期待任嘉伦的三部古装待播剧,2023-12-21 10:01
玉骨遥 ,2023-12-21 10:01
天乩之白蛇传说yyds😎,2023-12-21 10:01
如果只能爱你四天，我希望是春天夏天秋天冬天；如果只能爱你三天，我希望是昨天今天明天；如果只能爱你一天，我希望是每一天。刘宇宁燕子京刘宇宁珠帘玉幕刘宇宁魏劭刘宇宁折腰刘宇宁宁远舟刘宇宁一念关山刘宇宁卓不凡刘宇宁天行健刘宇宁帝林 如果只能爱你四天，我希望是春天夏天秋天冬天；如果只能爱你三天，我希望是昨天今天明天；如果只能爱你一天，我希望是每一天。刘宇宁燕子京刘宇宁珠帘玉幕刘宇宁魏劭刘宇宁折腰刘宇宁宁远舟刘宇宁一念关山刘宇宁卓不凡刘宇宁天行健刘宇宁帝林刘宇宁紫川lyn刘宇宁宁远舟lynlyn刘宇宁一念关山,2023-12-21 10:01
《甄嬛传》,2023-12-21 10:01
神探狄仁杰。。。。。 ,2023-12-21 10:00
此属成毅,2023-12-21 09:59
一念关山 ,2023-12-21 09:59
陈情令,2023-12-21 09:59
“你站在那里，不是光芒拥抱你，而是光芒由你而来”,2023-12-21 09:59
【 民选国民古装剧Top1：莲花楼 】心中的古装剧Top1：莲花楼。没有之一。霸榜近5个月了，到处都是莲花楼的影子。各大高校，各类舞台一波接一波的cos，街上，地铁随处可偶遇的莲络人，一个接一个的热搜，一个接一个的奖项。无一不告诉我们：民选爆剧就是不一样。永远忘不了百万➕莲络人同时追剧 【 民选国民古装剧Top1：莲花楼 】心中的古装剧Top1：莲花楼。没有之一。霸榜近5个月了，到处都是莲花楼的影子。各大高校，各类舞台一波接一波的cos，街上，地铁随处可偶遇的莲络人，一个接一个的热搜，一个接一个的奖项。无一不告诉我们：民选爆剧就是不一样。永远忘不了百万➕莲络人同时追剧的场景，永远忘不了热度破万那一刻的泪流满面。感谢莲花楼，感谢所有台前幕后工作人员。感谢演绎了最好的李相夷李莲花。一起来重温【莲花楼经典名场面之竹林舞剑】时至今日，天下第一依然是李相夷！cycy,2023-12-21 09:58
唯有《山河令》 ,2023-12-21 09:58
当然是刘宇宁的宁远舟啊！温柔强大内核稳定武力值top三观正好爱人好领导好兄弟，他就是最完美的！ ,2023-12-21 09:58
香蜜沉沉烬如霜，长相思,2023-12-21 09:57
摩登兄弟刘宇宁,2023-12-21 09:57
当然是由肖战王一博主演的《陈情令》！ ,2023-12-21 09:56
cy成毅雅人深致、成毅气宇不凡成毅惊才风逸、成毅品貌非凡、成毅温文尔雅、毅风流倜傥、成毅翩翩少年、成毅英俊潇洒、成毅一表人才、成毅眉清目秀、成毅淑人君子、成毅足智多谋、成毅鹤立鸡群、成毅仪表不凡、成毅明眸皓齿、成毅昂藏七尺、成毅清新俊逸、成毅面如冠玉、 cy成毅雅人深致、成毅气宇不凡成毅惊才风逸、成毅品貌非凡、成毅温文尔雅、毅风流倜傥、成毅翩翩少年、成毅英俊潇洒、成毅一表人才、成毅眉清目秀、成毅淑人君子、成毅足智多谋、成毅鹤立鸡群、成毅仪表不凡、成毅明眸皓齿、成毅昂藏七尺、成毅清新俊逸、成毅面如冠玉、成毅玉树临风、风度翩翩。,2023-12-21 09:56
周生如故，没有之一，小南辰王，无人能敌然后是陆绎，长意最后期待三部待播剧烈焰之武庚纪，无忧渡，流水迢迢。明年的我有三部的古装可以期待，想想都开心,2023-12-21 09:55
香蜜沉沉烬如霜 ,2023-12-21 09:55
山河令 ❤️💙over ,2023-12-21 09:54
《仙剑奇侠传》吧 ,2023-12-21 09:54
大明王朝1566 神剧 ,2023-12-21 09:53
那太多了 手心手背都是肉 ,2023-12-21 09:53
刘亦菲,2023-12-21 09:53
｜｜刘宇宁宁远舟刘宇宁燕子京和摩登兄弟刘宇宁超话在一起的第九百八十四天🎧🎧刘宇宁一念关山｜刘宇宁珠 ｜｜刘宇宁宁远舟刘宇宁燕子京和摩登兄弟刘宇宁超话在一起的第九百八十四天🎧🎧刘宇宁一念关山｜刘宇宁珠帘玉幕刘宇宁魏劭 | 刘宇宁折腰刘宇宁卓不凡｜刘宇宁天行健刘宇宁帝林｜刘宇宁紫川摩登兄弟刘宇宁🌟宁哥🌟刘宇宁🌟𝓁𝓎𝓃✨棚主,2023-12-21 09:52
最爱《山河令》 ,2023-12-21 09:52
甄嬛传 宫系列 延禧攻略(最爱)     传闻中的陈芊芊  星汉灿烂 ,2023-12-21 09:52
那当然是《长歌行》啦，我已失家，不愿再失大唐,2023-12-21 09:52
山河令，无出其右，温客行每一面都是完美，是龚俊演绎的，但是独立的，温客行，我的温温 ,2023-12-21 09:52
